{"type":"FeatureCollection","features":[{"type":"Feature","properties":{"nama":"Indomaret Pudak Payung Raya","sumber":"best:google"},"geometry":{"type":"Point","coordinates":[110.408951,-7.100499]}},{"type":"Feature","properties":{"nama":"Indomaret Ngesrep","sumber":"best:google"},"geometry":{"type":"Point","coordinates":[110.421997,-7.049945]}},{"type":"Feature","properties":{"nama":"Indomaret","sumber":"best:google"},"geometry":{"type":"Point","coordinates":[110.423392,-6.97801]}},{"type":"Feature","properties":{"nama":"Indomaret Sompok","sumber":"best:google"},"geometry":{"type":"Point","coordinates":[110.434006,-7.000786]}},{"type":"Feature","properties":{"nama":"Indomaret Imam Bonjol 145","sumber":"best:google"},"geometry":{"type":"Point","coordinates":[110.412094,-6.976987]}},{"type":"Feature","properties":{"nama":"Indomaret Pudak Payung","sumber":"best:google"},"geometry":{"type":"Point","coordinates":[110.411312,-7.1068]}},{"type":"Feature","properties":{"nama":"Indomaret Point Sta. Semarang Tawang","sumber":"best:google"},"geometry":{"type":"Point","coordinates":[110.427769,-6.964495]}},{"type":"Feature","properties":{"nama":"Indomaret","sumber":"best:google"},"geometry":{"type":"Point","coordinates":[110.432126,-7.054619]}},{"type":"Feature","properties":{"nama":"Indomaret Beringin 205","sumber":"best:google"},"geometry":{"type":"Point","coordinates":[110.326016,-6.992369]}},{"type":"Feature","properties":{"nama":"Indomaret malangsari","sumber":"best:google"},"geometry":{"type":"Point","coordinates":[110.453789,-6.981958]}},{"type":"Feature","properties":{"nama":"Indomaret","sumber":"best:google"},"geometry":{"type":"Point","coordinates":[110.42696,-7.010667]}},{"type":"Feature","properties":{"nama":"Indomaret Bukit Kencana","sumber":"best:google"},"geometry":{"type":"Point","coordinates":[110.461289,-7.062299]}},{"type":"Feature","properties":{"nama":"Indomaret Kagok","sumber":"best:google"},"geometry":{"type":"Point","coordinates":[110.415938,-7.010762]}},{"type":"Feature","properties":{"nama":"Indomaret Mangunsari","sumber":"best:google"},"geometry":{"type":"Point","coordinates":[110.387228,-7.081916]}},{"type":"Feature","properties":{"nama":"Indomaret Drive Thru Majapahit 239","sumber":"best:google"},"geometry":{"type":"Point","coordinates":[110.454294,-7.005878]}},{"type":"Feature","properties":{"nama":"Indomaret","sumber":"best:google"},"geometry":{"type":"Point","coordinates":[110.427298,-7.007337]}},{"type":"Feature","properties":{"nama":"Indomaret Sampangan 2","sumber":"best:google"},"geometry":{"type":"Point","coordinates":[110.391414,-7.010844]}},{"type":"Feature","properties":{"nama":"Indomaret Majapahit 329","sumber":"best:google"},"geometry":{"type":"Point","coordinates":[110.463349,-7.008706]}},{"type":"Feature","properties":{"nama":"Adm Hanla Indomaret","sumber":"best:google"},"geometry":{"type":"Point","coordinates":[110.328031,-6.970852]}},{"type":"Feature","properties":{"nama":"Indomaret Karangsaru","sumber":"best:google"},"geometry":{"type":"Point","coordinates":[110.429153,-6.980923]}},{"type":"Feature","properties":{"nama":"Indomaret Tawang 61","sumber":"best:google"},"geometry":{"type":"Point","coordinates":[110.429092,-6.964532]}},{"type":"Feature","properties":{"nama":"Indomaret Klipang","sumber":"best:google"},"geometry":{"type":"Point","coordinates":[110.4791,-7.04548]}},{"type":"Feature","properties":{"nama":"Indomaret Gedawang","sumber":"best:google"},"geometry":{"type":"Point","coordinates":[110.417417,-7.084437]}},{"type":"Feature","properties":{"nama":"Indomaret","sumber":"best:google"},"geometry":{"type":"Point","coordinates":[110.493709,-6.957592]}},{"type":"Feature","properties":{"nama":"Indomaret Tlogomulyo","sumber":"best:google"},"geometry":{"type":"Point","coordinates":[110.472801,-6.996552]}},{"type":"Feature","properties":{"nama":"Indomaret Srondol Kulon","sumber":"best:google"},"geometry":{"type":"Point","coordinates":[110.412123,-7.064653]}},{"type":"Feature","properties":{"nama":"Indomaret","sumber":"best:google"},"geometry":{"type":"Point","coordinates":[110.492537,-7.011544]}},{"type":"Feature","properties":{"nama":"Indomaret Erlangga","sumber":"best:google"},"geometry":{"type":"Point","coordinates":[110.422793,-6.993142]}},{"type":"Feature","properties":{"nama":"Indomaret Bangetayu Wetan","sumber":"best:google"},"geometry":{"type":"Point","coordinates":[110.490851,-6.99293]}},{"type":"Feature","properties":{"nama":"Indomaret Hadi Soebeno Mijen","sumber":"best:google"},"geometry":{"type":"Point","coordinates":[110.312055,-7.06705]}},{"type":"Feature","properties":{"nama":"Indomaret PIP","sumber":"best:google"},"geometry":{"type":"Point","coordinates":[110.427859,-6.999682]}},{"type":"Feature","properties":{"nama":"INDOMARET MENOREH 30","sumber":"best:google"},"geometry":{"type":"Point","coordinates":[110.389937,-7.014546]}},{"type":"Feature","properties":{"nama":"Indomaret","sumber":"best:google"},"geometry":{"type":"Point","coordinates":[110.481768,-6.981804]}},{"type":"Feature","properties":{"nama":"Indomaret Perintis Kemerdekaan","sumber":"best:google"},"geometry":{"type":"Point","coordinates":[110.411457,-7.076066]}},{"type":"Feature","properties":{"nama":"Indomaret Ngesrep Timur","sumber":"best:google"},"geometry":{"type":"Point","coordinates":[110.42423,-7.050587]}},{"type":"Feature","properties":{"nama":"Indomaret Prof Sudarto 01 (THHR)","sumber":"best:google"},"geometry":{"type":"Point","coordinates":[110.437913,-7.056037]}},{"type":"Feature","properties":{"nama":"Indomaret Hasanudin","sumber":"best:google"},"geometry":{"type":"Point","coordinates":[110.411453,-6.966303]}},{"type":"Feature","properties":{"nama":"Indomaret Tandang","sumber":"best:google"},"geometry":{"type":"Point","coordinates":[110.441105,-7.012882]}},{"type":"Feature","properties":{"nama":"Indomaret Muntal","sumber":"best:google"},"geometry":{"type":"Point","coordinates":[110.388804,-7.075174]}},{"type":"Feature","properties":{"nama":"Indomaret pringgading 11B","sumber":"best:google"},"geometry":{"type":"Point","coordinates":[110.42797,-6.983524]}},{"type":"Feature","properties":{"nama":"Segas indomaret sampokong","sumber":"best:google"},"geometry":{"type":"Point","coordinates":[110.398383,-6.997076]}},{"type":"Feature","properties":{"nama":"Indomaret (Mlatibaru)","sumber":"best:google"},"geometry":{"type":"Point","coordinates":[110.436453,-6.969297]}},{"type":"Feature","properties":{"nama":"Indomaret Pusponjolo","sumber":"best:google"},"geometry":{"type":"Point","coordinates":[110.397119,-6.987497]}},{"type":"Feature","properties":{"nama":"Indomaret puri Eksekutif","sumber":"best:google"},"geometry":{"type":"Point","coordinates":[110.385919,-6.967396]}},{"type":"Feature","properties":{"nama":"Indomaret Gatot Subroto","sumber":"best:google"},"geometry":{"type":"Point","coordinates":[110.366326,-6.996906]}},{"type":"Feature","properties":{"nama":"Indomaret absa 1","sumber":"best:google"},"geometry":{"type":"Point","coordinates":[110.380166,-6.996498]}},{"type":"Feature","properties":{"nama":"Indomaret","sumber":"best:google"},"geometry":{"type":"Point","coordinates":[110.38114,-6.991222]}},{"type":"Feature","properties":{"nama":"Indomaret Kawi","sumber":"best:google"},"geometry":{"type":"Point","coordinates":[110.418091,-7.008004]}},{"type":"Feature","properties":{"nama":"Indomaret manyaran s26","sumber":"best:google"},"geometry":{"type":"Point","coordinates":[110.371144,-7.026203]}},{"type":"Feature","properties":{"nama":"Indomaret Tlogosari Kulon","sumber":"best:google"},"geometry":{"type":"Point","coordinates":[110.459812,-6.98389]}},{"type":"Feature","properties":{"nama":"Indomaret Tinjomoyo","sumber":"best:google"},"geometry":{"type":"Point","coordinates":[110.408715,-7.029368]}},{"type":"Feature","properties":{"nama":"Indomaret Fresh Indraprasta Semarang","sumber":"best:google"},"geometry":{"type":"Point","coordinates":[110.402592,-6.980754]}},{"type":"Feature","properties":{"nama":"Indomaret","sumber":"best:google"},"geometry":{"type":"Point","coordinates":[110.448183,-6.976617]}},{"type":"Feature","properties":{"nama":"Indomaret","sumber":"best:google"},"geometry":{"type":"Point","coordinates":[110.322196,-7.044148]}},{"type":"Feature","properties":{"nama":"Indomaret gn kelir Karanganyar","sumber":"best:google"},"geometry":{"type":"Point","coordinates":[110.334621,-6.971162]}},{"type":"Feature","properties":{"nama":"Indomaret Wotgandul","sumber":"best:google"},"geometry":{"type":"Point","coordinates":[110.424155,-6.979078]}},{"type":"Feature","properties":{"nama":"Say Bread Indomaret Letjend Suprapto 37","sumber":"best:google"},"geometry":{"type":"Point","coordinates":[110.428254,-6.968512]}},{"type":"Feature","properties":{"nama":"Indomaret Wijaya Kusuma","sumber":"best:google"},"geometry":{"type":"Point","coordinates":[110.328064,-6.971471]}},{"type":"Feature","properties":{"nama":"Indomaret Taman Tlogomulyo T3T4","sumber":"best:google"},"geometry":{"type":"Point","coordinates":[110.474303,-6.996774]}},{"type":"Feature","properties":{"nama":"Indomaret Pringgading","sumber":"best:google"},"geometry":{"type":"Point","coordinates":[110.430346,-6.983303]}},{"type":"Feature","properties":{"nama":"Indomaret Soekanto","sumber":"best:google"},"geometry":{"type":"Point","coordinates":[110.458052,-7.033306]}},{"type":"Feature","properties":{"nama":"INDOMARET RAYA MUNTAL GUNUNGPATI","sumber":"best:google"},"geometry":{"type":"Point","coordinates":[110.386034,-7.074549]}},{"type":"Feature","properties":{"nama":"Indomaret Untung Suropati","sumber":"best:google"},"geometry":{"type":"Point","coordinates":[110.375681,-7.013303]}},{"type":"Feature","properties":{"nama":"Indomaret Kelud Raya","sumber":"best:google"},"geometry":{"type":"Point","coordinates":[110.396529,-7.005205]}},{"type":"Feature","properties":{"nama":"INDOMARET SUMBERREJO 71","sumber":"best:google"},"geometry":{"type":"Point","coordinates":[110.471924,-7.065028]}},{"type":"Feature","properties":{"nama":"Indomaret Dempel Lor Semarang","sumber":"best:google"},"geometry":{"type":"Point","coordinates":[110.452118,-6.97148]}},{"type":"Feature","properties":{"nama":"Indomaret Majapahit 306","sumber":"best:google"},"geometry":{"type":"Point","coordinates":[110.460522,-7.007328]}},{"type":"Feature","properties":{"nama":"Indomaret Graha Permata Surya","sumber":"best:google"},"geometry":{"type":"Point","coordinates":[110.312165,-7.046628]}},{"type":"Feature","properties":{"nama":"Indomaret Majapahit 268","sumber":"best:google"},"geometry":{"type":"Point","coordinates":[110.456411,-7.006201]}},{"type":"Feature","properties":{"nama":"Indomaret Tlogosari 2","sumber":"best:google"},"geometry":{"type":"Point","coordinates":[110.460774,-6.980252]}},{"type":"Feature","properties":{"nama":"Indomaretjatisari","sumber":"best:google"},"geometry":{"type":"Point","coordinates":[110.308498,-7.071474]}},{"type":"Feature","properties":{"nama":"Indomaret MT Haryono 475","sumber":"best:google"},"geometry":{"type":"Point","coordinates":[110.431536,-6.986751]}},{"type":"Feature","properties":{"nama":"Indomaret Dewi Sartika","sumber":"best:google"},"geometry":{"type":"Point","coordinates":[110.38932,-7.020021]}},{"type":"Feature","properties":{"nama":"Indomaret Kedungmundu (sebelah PDAM)","sumber":"best:google"},"geometry":{"type":"Point","coordinates":[110.455051,-7.017125]}},{"type":"Feature","properties":{"nama":"Indomaret Citarum 98A","sumber":"best:google"},"geometry":{"type":"Point","coordinates":[110.440521,-6.970738]}},{"type":"Feature","properties":{"nama":"Indomaret banjardowo","sumber":"best:google"},"geometry":{"type":"Point","coordinates":[110.483502,-6.950571]}},{"type":"Feature","properties":{"nama":"INDOMARET CABANG PLALANGAN","sumber":"best:google"},"geometry":{"type":"Point","coordinates":[110.366793,-7.086318]}},{"type":"Feature","properties":{"nama":"Indomaret Point Pleburan","sumber":"best:google"},"geometry":{"type":"Point","coordinates":[110.425356,-6.996337]}},{"type":"Feature","properties":{"nama":"Indomaret Ariloka","sumber":"best:google"},"geometry":{"type":"Point","coordinates":[110.398462,-6.973571]}},{"type":"Feature","properties":{"nama":"Indomaret Cangkiran Gunung pati","sumber":"best:google"},"geometry":{"type":"Point","coordinates":[110.312299,-7.087694]}},{"type":"Feature","properties":{"nama":"Indomaret Genuk","sumber":"best:google"},"geometry":{"type":"Point","coordinates":[110.465706,-6.96611]}},{"type":"Feature","properties":{"nama":"Indomaret Gemah Raya","sumber":"best:google"},"geometry":{"type":"Point","coordinates":[110.465884,-7.012906]}},{"type":"Feature","properties":{"nama":"Indomaret Kaligawe 216","sumber":"best:google"},"geometry":{"type":"Point","coordinates":[110.471809,-6.955114]}},{"type":"Feature","properties":{"nama":"Indomaret Grafika","sumber":"best:google"},"geometry":{"type":"Point","coordinates":[110.421325,-7.078675]}},{"type":"Feature","properties":{"nama":"Indomaret Puri Anjasmoro","sumber":"best:google"},"geometry":{"type":"Point","coordinates":[110.390897,-6.971561]}},{"type":"Feature","properties":{"nama":"Indomaret Fresh Anjasmoro","sumber":"best:google"},"geometry":{"type":"Point","coordinates":[110.39047,-6.9762]}},{"type":"Feature","properties":{"nama":"Indomaret Fresh","sumber":"best:google"},"geometry":{"type":"Point","coordinates":[110.425878,-6.991855]}},{"type":"Feature","properties":{"nama":"Indomaret Kaligarang Raya","sumber":"best:google"},"geometry":{"type":"Point","coordinates":[110.404189,-6.995783]}},{"type":"Feature","properties":{"nama":"Indomaret MT Haryono 315","sumber":"best:google"},"geometry":{"type":"Point","coordinates":[110.431232,-6.979215]}},{"type":"Feature","properties":{"nama":"Indomaret Trimulyo, Genuk","sumber":"best:google"},"geometry":{"type":"Point","coordinates":[110.477984,-6.952163]}},{"type":"Feature","properties":{"nama":"Indomaret Setia Budi 53A","sumber":"best:google"},"geometry":{"type":"Point","coordinates":[110.421003,-7.045407]}},{"type":"Feature","properties":{"nama":"Indomaret","sumber":"best:google"},"geometry":{"type":"Point","coordinates":[110.473379,-6.989314]}},{"type":"Feature","properties":{"nama":"Indomaret Alam Asri","sumber":"best:google"},"geometry":{"type":"Point","coordinates":[110.475738,-7.039637]}},{"type":"Feature","properties":{"nama":"Indomaret Dr Wahidin","sumber":"best:google"},"geometry":{"type":"Point","coordinates":[110.422957,-7.02134]}},{"type":"Feature","properties":{"nama":"Indomaret Banyumanik 3","sumber":"best:google"},"geometry":{"type":"Point","coordinates":[110.419296,-7.075644]}},{"type":"Feature","properties":{"nama":"Indomaret muktiharjo kidul","sumber":"best:google"},"geometry":{"type":"Point","coordinates":[110.452534,-6.976662]}},{"type":"Feature","properties":{"nama":"Indomaret Wonodri Krajan","sumber":"best:google"},"geometry":{"type":"Point","coordinates":[110.43081,-7.000626]}},{"type":"Feature","properties":{"nama":"Indomaret Indraprasta 1","sumber":"best:google"},"geometry":{"type":"Point","coordinates":[110.40897,-6.976032]}},{"type":"Feature","properties":{"nama":"INDOMARET BANARAN T4S3","sumber":"best:google"},"geometry":{"type":"Point","coordinates":[110.391287,-7.043466]}},{"type":"Feature","properties":{"nama":"Indomaret Point Gate 3A","sumber":"best:google"},"geometry":{"type":"Point","coordinates":[110.374795,-6.966706]}},{"type":"Feature","properties":{"nama":"Indomaret Ngemplak - Simongan","sumber":"best:google"},"geometry":{"type":"Point","coordinates":[110.399753,-6.992751]}},{"type":"Feature","properties":{"nama":"Indomaret Kalisari Baru","sumber":"best:google"},"geometry":{"type":"Point","coordinates":[110.405472,-6.992285]}},{"type":"Feature","properties":{"nama":"Indomaret Tamansari Hills","sumber":"best:google"},"geometry":{"type":"Point","coordinates":[110.460772,-7.040905]}},{"type":"Feature","properties":{"nama":"Indomaret Sendang Mulyo RSUD Ketileng","sumber":"best:google"},"geometry":{"type":"Point","coordinates":[110.46767,-7.034116]}},{"type":"Feature","properties":{"nama":"Indomaret menoreh raya","sumber":"best:google"},"geometry":{"type":"Point","coordinates":[110.390355,-7.013232]}},{"type":"Feature","properties":{"nama":"Indomaret Bukit Permata Puri","sumber":"best:google"},"geometry":{"type":"Point","coordinates":[110.339973,-7.000942]}},{"type":"Feature","properties":{"nama":"Indomaret Pusponjolo Selatan","sumber":"best:google"},"geometry":{"type":"Point","coordinates":[110.399763,-6.987106]}},{"type":"Feature","properties":{"nama":"Indomaret","sumber":"best:google"},"geometry":{"type":"Point","coordinates":[110.480032,-7.005841]}},{"type":"Feature","properties":{"nama":"Indomaret Bulusan","sumber":"best:google"},"geometry":{"type":"Point","coordinates":[110.446763,-7.060476]}},{"type":"Feature","properties":{"nama":"Indomaret Brotojoyo","sumber":"best:google"},"geometry":{"type":"Point","coordinates":[110.406153,-6.96648]}},{"type":"Feature","properties":{"nama":"Indomaret Point Coffe Pamularsih 88 DT","sumber":"best:google"},"geometry":{"type":"Point","coordinates":[110.394668,-6.989754]}},{"type":"Feature","properties":{"nama":"Indomaret","sumber":"best:google"},"geometry":{"type":"Point","coordinates":[110.335002,-7.067143]}},{"type":"Feature","properties":{"nama":"Indomaret Beringin","sumber":"best:google"},"geometry":{"type":"Point","coordinates":[110.328396,-6.984369]}},{"type":"Feature","properties":{"nama":"Indomaret Sirojudin","sumber":"best:google"},"geometry":{"type":"Point","coordinates":[110.435505,-7.056953]}},{"type":"Feature","properties":{"nama":"Indomaret Tulus Harapan","sumber":"best:google"},"geometry":{"type":"Point","coordinates":[110.469344,-7.035496]}},{"type":"Feature","properties":{"nama":"Indomaret Banjarsari","sumber":"best:google"},"geometry":{"type":"Point","coordinates":[110.441327,-7.059915]}},{"type":"Feature","properties":{"nama":"Indomaret Gunung Pati","sumber":"best:google"},"geometry":{"type":"Point","coordinates":[110.36215,-7.087852]}},{"type":"Feature","properties":{"nama":"Indomaret Sukun Raya","sumber":"best:google"},"geometry":{"type":"Point","coordinates":[110.414051,-7.064744]}},{"type":"Feature","properties":{"nama":"Indomaret Raya Cepoko","sumber":"best:google"},"geometry":{"type":"Point","coordinates":[110.347781,-7.070027]}},{"type":"Feature","properties":{"nama":"Indomaret CV. Ridho Sinar Srondol","sumber":"best:google"},"geometry":{"type":"Point","coordinates":[110.421036,-7.046538]}},{"type":"Feature","properties":{"nama":"Indomaret jl.jangli raya kota semarang","sumber":"best:google"},"geometry":{"type":"Point","coordinates":[110.428326,-7.026513]}},{"type":"Feature","properties":{"nama":"Indomaret","sumber":"best:google"},"geometry":{"type":"Point","coordinates":[110.433913,-6.972695]}},{"type":"Feature","properties":{"nama":"Indomaret Polaman","sumber":"best:google"},"geometry":{"type":"Point","coordinates":[110.334469,-7.094048]}},{"type":"Feature","properties":{"nama":"Indomaret Miroto","sumber":"best:google"},"geometry":{"type":"Point","coordinates":[110.304073,-7.064589]}},{"type":"Feature","properties":{"nama":"Indomaret Pondok Indah","sumber":"best:google"},"geometry":{"type":"Point","coordinates":[110.464654,-6.998895]}},{"type":"Feature","properties":{"nama":"Indomaret Raden Patah","sumber":"best:google"},"geometry":{"type":"Point","coordinates":[110.433021,-6.966153]}},{"type":"Feature","properties":{"nama":"Indomaret Mini Market","sumber":"best:google"},"geometry":{"type":"Point","coordinates":[110.471549,-7.002286]}},{"type":"Feature","properties":{"nama":"Indomaret Raden Patah (FY0L)","sumber":"best:google"},"geometry":{"type":"Point","coordinates":[110.440178,-6.960409]}},{"type":"Feature","properties":{"nama":"Indomaret Harmony Residence Jangli","sumber":"best:google"},"geometry":{"type":"Point","coordinates":[110.437976,-7.037915]}},{"type":"Feature","properties":{"nama":"Indomaret Ngesrep 2","sumber":"best:google"},"geometry":{"type":"Point","coordinates":[110.42585,-7.051559]}},{"type":"Feature","properties":{"nama":"Indomaret Bukit Kencana Jaya","sumber":"best:google"},"geometry":{"type":"Point","coordinates":[110.46281,-7.057811]}},{"type":"Feature","properties":{"nama":"INDOMARET CONDROKUSUMO TYSS","sumber":"best:google"},"geometry":{"type":"Point","coordinates":[110.397303,-6.996887]}},{"type":"Feature","properties":{"nama":"Indomaret Banyumanik 2","sumber":"best:google"},"geometry":{"type":"Point","coordinates":[110.418609,-7.069516]}},{"type":"Feature","properties":{"nama":"Indomaret wahidin 58","sumber":"best:google"},"geometry":{"type":"Point","coordinates":[110.42776,-7.017262]}},{"type":"Feature","properties":{"nama":"Indomaret SILIWANGI 498","sumber":"best:google"},"geometry":{"type":"Point","coordinates":[110.377387,-6.986227]}},{"type":"Feature","properties":{"nama":"Indomaret Gatot Subroto 1","sumber":"best:google"},"geometry":{"type":"Point","coordinates":[110.366974,-6.988645]}},{"type":"Feature","properties":{"nama":"INDOMARET REJOSARI","sumber":"best:google"},"geometry":{"type":"Point","coordinates":[110.437643,-6.975171]}},{"type":"Feature","properties":{"nama":"Say bread Indomaret Banyumanik 1","sumber":"best:google"},"geometry":{"type":"Point","coordinates":[110.426502,-7.070915]}},{"type":"Feature","properties":{"nama":"Indomaret Bubakan Mijen","sumber":"best:google"},"geometry":{"type":"Point","coordinates":[110.318303,-7.091275]}},{"type":"Feature","properties":{"nama":"DC Indomaret Cab Semarang","sumber":"best:google"},"geometry":{"type":"Point","coordinates":[110.327478,-6.971358]}},{"type":"Feature","properties":{"nama":"Indomaret Anjasmoro Raya 1","sumber":"best:google"},"geometry":{"type":"Point","coordinates":[110.391712,-6.981825]}},{"type":"Feature","properties":{"nama":"Indomaret | Pandean Lamper","sumber":"best:google"},"geometry":{"type":"Point","coordinates":[110.44592,-6.997381]}},{"type":"Feature","properties":{"nama":"Indomaret Dawung","sumber":"best:google"},"geometry":{"type":"Point","coordinates":[110.345012,-7.028873]}},{"type":"Feature","properties":{"nama":"POINT COFFEE INDOMARET PURI ANJASMORO","sumber":"best:google"},"geometry":{"type":"Point","coordinates":[110.390432,-6.963565]}},{"type":"Feature","properties":{"nama":"Indomaret SPBU Arteri Utara FBTP","sumber":"best:google"},"geometry":{"type":"Point","coordinates":[110.415771,-6.956293]}},{"type":"Feature","properties":{"nama":"Indomaret Banjardowo","sumber":"best:google"},"geometry":{"type":"Point","coordinates":[110.481787,-6.969568]}},{"type":"Feature","properties":{"nama":"Indomaret Plamongan Sari","sumber":"best:google"},"geometry":{"type":"Point","coordinates":[110.480317,-7.020996]}},{"type":"Feature","properties":{"nama":"Indomaret Taman Siswa","sumber":"best:google"},"geometry":{"type":"Point","coordinates":[110.39125,-7.04496]}},{"type":"Feature","properties":{"nama":"Indomaret Subali Raya Semarang (Krapyak)","sumber":"best:google"},"geometry":{"type":"Point","coordinates":[110.368231,-6.986061]}},{"type":"Feature","properties":{"nama":"Indomaret Tambra","sumber":"best:google"},"geometry":{"type":"Point","coordinates":[110.416372,-6.969012]}},{"type":"Feature","properties":{"nama":"Indomaret Prof. Sudarto","sumber":"best:google"},"geometry":{"type":"Point","coordinates":[110.438973,-7.056145]}},{"type":"Feature","properties":{"nama":"Indomaret Woltermongisidi 40","sumber":"best:google"},"geometry":{"type":"Point","coordinates":[110.481451,-6.972802]}},{"type":"Feature","properties":{"nama":"Indomaret Plamongan Indah 1","sumber":"best:google"},"geometry":{"type":"Point","coordinates":[110.497884,-7.022683]}},{"type":"Feature","properties":{"nama":"Indomaret Widuri","sumber":"best:google"},"geometry":{"type":"Point","coordinates":[110.468547,-6.973237]}},{"type":"Feature","properties":{"nama":"Indomaret Kedung Mundu 91","sumber":"best:google"},"geometry":{"type":"Point","coordinates":[110.44669,-7.012264]}},{"type":"Feature","properties":{"nama":"Indomaret RM Hadi Soebeno","sumber":"best:google"},"geometry":{"type":"Point","coordinates":[110.310561,-7.06956]}},{"type":"Feature","properties":{"nama":"Indomaret Karangrejo","sumber":"best:google"},"geometry":{"type":"Point","coordinates":[110.414879,-7.030325]}},{"type":"Feature","properties":{"nama":"Indomaret Point Cafe KITW","sumber":"best:google"},"geometry":{"type":"Point","coordinates":[110.325129,-6.975796]}},{"type":"Feature","properties":{"nama":"Indomaret Kaligarang 29","sumber":"best:google"},"geometry":{"type":"Point","coordinates":[110.402932,-6.995899]}},{"type":"Feature","properties":{"nama":"Indomaret","sumber":"best:google"},"geometry":{"type":"Point","coordinates":[110.33535,-7.054272]}},{"type":"Feature","properties":{"nama":"Indomaret Cinde Tentara Pelajar","sumber":"best:google"},"geometry":{"type":"Point","coordinates":[110.436393,-7.010632]}},{"type":"Feature","properties":{"nama":"Indomaret","sumber":"best:google"},"geometry":{"type":"Point","coordinates":[110.356455,-6.984101]}},{"type":"Feature","properties":{"nama":"Indomaret Menoreh 17","sumber":"best:google"},"geometry":{"type":"Point","coordinates":[110.393837,-7.009182]}},{"type":"Feature","properties":{"nama":"Indomaret Sultan Agung 164","sumber":"best:google"},"geometry":{"type":"Point","coordinates":[110.419932,-7.021237]}},{"type":"Feature","properties":{"nama":"Indomaret hadi subeno 2","sumber":"best:google"},"geometry":{"type":"Point","coordinates":[110.31379,-7.057219]}},{"type":"Feature","properties":{"nama":"Indomaret Point GOR Tri Lomba Juang","sumber":"best:google"},"geometry":{"type":"Point","coordinates":[110.418109,-6.989212]}},{"type":"Feature","properties":{"nama":"Indomaret - Tirto Agung 71","sumber":"best:google"},"geometry":{"type":"Point","coordinates":[110.428033,-7.059271]}},{"type":"Feature","properties":{"nama":"Indomaret SPBU Ngaliyan","sumber":"best:google"},"geometry":{"type":"Point","coordinates":[110.355564,-6.990836]}},{"type":"Feature","properties":{"nama":"Indomaret CandiLand","sumber":"best:google"},"geometry":{"type":"Point","coordinates":[110.4171,-7.002218]}},{"type":"Feature","properties":{"nama":"Indomaret Ketileng","sumber":"best:google"},"geometry":{"type":"Point","coordinates":[110.468178,-7.028646]}},{"type":"Feature","properties":{"nama":"Indomaret Talangsari","sumber":"best:google"},"geometry":{"type":"Point","coordinates":[110.394057,-7.019289]}},{"type":"Feature","properties":{"nama":"Indomaret Convenience Store Indraprasta 35","sumber":"best:google"},"geometry":{"type":"Point","coordinates":[110.407479,-6.978425]}},{"type":"Feature","properties":{"nama":"Indomaret Bayu Prasetya","sumber":"best:google"},"geometry":{"type":"Point","coordinates":[110.483313,-6.981912]}},{"type":"Feature","properties":{"nama":"Indomaret Gebang Anom","sumber":"best:google"},"geometry":{"type":"Point","coordinates":[110.469674,-6.964606]}},{"type":"Feature","properties":{"nama":"Indomaret Kedung Mundu 511","sumber":"best:google"},"geometry":{"type":"Point","coordinates":[110.45833,-7.023128]}},{"type":"Feature","properties":{"nama":"Indomaret Perintis Kemerdekaan 170a","sumber":"best:google"},"geometry":{"type":"Point","coordinates":[110.410289,-7.095807]}},{"type":"Feature","properties":{"nama":"Indomaret Jatikalangan","sumber":"best:google"},"geometry":{"type":"Point","coordinates":[110.307316,-7.096468]}},{"type":"Feature","properties":{"nama":"Indomaret Kawi Semarang","sumber":"best:google"},"geometry":{"type":"Point","coordinates":[110.423646,-7.009289]}},{"type":"Feature","properties":{"nama":"Indomaret","sumber":"best:google"},"geometry":{"type":"Point","coordinates":[110.385528,-6.991735]}},{"type":"Feature","properties":{"nama":"Indomaret Setiabudi 226","sumber":"best:google"},"geometry":{"type":"Point","coordinates":[110.41191,-7.068798]}},{"type":"Feature","properties":{"nama":"Indomaret","sumber":"best:google"},"geometry":{"type":"Point","coordinates":[110.382651,-6.988081]}},{"type":"Feature","properties":{"nama":"Indomaret Poin Alton Residence","sumber":"best:google"},"geometry":{"type":"Point","coordinates":[110.431138,-7.054337]}},{"type":"Feature","properties":{"nama":"Say Bread Indomaret Fresh BSB","sumber":"best:google"},"geometry":{"type":"Point","coordinates":[110.334251,-7.027726]}},{"type":"Feature","properties":{"nama":"Indomaret bukit Cemara mustika jaya","sumber":"best:google"},"geometry":{"type":"Point","coordinates":[110.460326,-7.067547]}},{"type":"Feature","properties":{"nama":"Indomaret","sumber":"best:google"},"geometry":{"type":"Point","coordinates":[110.382886,-6.997924]}},{"type":"Feature","properties":{"nama":"INDOMARET BUBAKAN","sumber":"best:google"},"geometry":{"type":"Point","coordinates":[110.430276,-6.969651]}},{"type":"Feature","properties":{"nama":"Indomaret Point Bandara Ahmad Yani Semarang 1","sumber":"best:google"},"geometry":{"type":"Point","coordinates":[110.374935,-6.966045]}},{"type":"Feature","properties":{"nama":"Indomaret Pawiyatan Luhur","sumber":"best:google"},"geometry":{"type":"Point","coordinates":[110.405461,-7.026803]}},{"type":"Feature","properties":{"nama":"Indomaret Mulawarman Raya 59","sumber":"best:google"},"geometry":{"type":"Point","coordinates":[110.43729,-7.066859]}},{"type":"Feature","properties":{"nama":"Indomaret DI Panjaitan","sumber":"best:google"},"geometry":{"type":"Point","coordinates":[110.419105,-6.985527]}},{"type":"Feature","properties":{"nama":"Indomaret Jatingaleh","sumber":"best:google"},"geometry":{"type":"Point","coordinates":[110.423397,-7.03294]}},{"type":"Feature","properties":{"nama":"Indomaret Kelud Raya 36","sumber":"best:google"},"geometry":{"type":"Point","coordinates":[110.402023,-6.999569]}},{"type":"Feature","properties":{"nama":"Indomaret","sumber":"best:google"},"geometry":{"type":"Point","coordinates":[110.419088,-6.97718]}},{"type":"Feature","properties":{"nama":"Indomaret mijen samping polsek mijen","sumber":"best:google"},"geometry":{"type":"Point","coordinates":[110.316048,-7.053631]}},{"type":"Feature","properties":{"nama":"Indomaret","sumber":"best:google"},"geometry":{"type":"Point","coordinates":[110.418772,-6.993306]}},{"type":"Feature","properties":{"nama":"Indomaret Piere Tendean 11","sumber":"best:google"},"geometry":{"type":"Point","coordinates":[110.415035,-6.977813]}},{"type":"Feature","properties":{"nama":"INDOMARET \" Bukit Panorama12\" Jangli - Semarang","sumber":"best:google"},"geometry":{"type":"Point","coordinates":[110.43519,-7.031761]}},{"type":"Feature","properties":{"nama":"Indomaret Pasir Mas","sumber":"best:google"},"geometry":{"type":"Point","coordinates":[110.405437,-6.963552]}},{"type":"Feature","properties":{"nama":"Indomaret Mh. Thamrin","sumber":"best:google"},"geometry":{"type":"Point","coordinates":[110.41711,-6.979254]}},{"type":"Feature","properties":{"nama":"Indomaret hilir","sumber":"best:google"},"geometry":{"type":"Point","coordinates":[110.371838,-6.996018]}},{"type":"Feature","properties":{"nama":"Indomaret Kini Jaya","sumber":"best:google"},"geometry":{"type":"Point","coordinates":[110.464461,-7.023257]}},{"type":"Feature","properties":{"nama":"Indomaret Sampangan 1","sumber":"best:google"},"geometry":{"type":"Point","coordinates":[110.39644,-7.009482]}},{"type":"Feature","properties":{"nama":"Indomaret Walisongo KM 10-11","sumber":"best:google"},"geometry":{"type":"Point","coordinates":[110.334843,-6.980884]}},{"type":"Feature","properties":{"nama":"Indomaret Ahmad Dahlan","sumber":"best:google"},"geometry":{"type":"Point","coordinates":[110.426975,-6.988459]}},{"type":"Feature","properties":{"nama":"Indomaret Mutiara Gama","sumber":"best:google"},"geometry":{"type":"Point","coordinates":[110.445277,-6.998663]}},{"type":"Feature","properties":{"nama":"Indomaret Purwomukti Barat","sumber":"best:google"},"geometry":{"type":"Point","coordinates":[110.476927,-7.006339]}},{"type":"Feature","properties":{"nama":"kebab (depan indomaret greenwood)","sumber":"best:google"},"geometry":{"type":"Point","coordinates":[110.374425,-7.022195]}},{"type":"Feature","properties":{"nama":"Indomaret MT Haryono","sumber":"best:google"},"geometry":{"type":"Point","coordinates":[110.43184,-6.99162]}},{"type":"Feature","properties":{"nama":"Indomaret Pedurungan","sumber":"best:google"},"geometry":{"type":"Point","coordinates":[110.473655,-7.011072]}},{"type":"Feature","properties":{"nama":"Indomaret Sarwo Edi","sumber":"best:google"},"geometry":{"type":"Point","coordinates":[110.488541,-7.025338]}},{"type":"Feature","properties":{"nama":"Indomaret Spbu Ngesrep 102","sumber":"best:google"},"geometry":{"type":"Point","coordinates":[110.427815,-7.051933]}},{"type":"Feature","properties":{"nama":"Indomaret Maluku","sumber":"best:google"},"geometry":{"type":"Point","coordinates":[110.436645,-6.992023]}},{"type":"Feature","properties":{"nama":"Indomaret Gondang Raya","sumber":"best:google"},"geometry":{"type":"Point","coordinates":[110.441095,-7.062316]}},{"type":"Feature","properties":{"nama":"Indomaret gondorio","sumber":"best:google"},"geometry":{"type":"Point","coordinates":[110.31942,-7.00475]}},{"type":"Feature","properties":{"nama":"Indomaret Letjend S. Parman No.26","sumber":"best:google"},"geometry":{"type":"Point","coordinates":[110.406286,-6.999745]}},{"type":"Feature","properties":{"nama":"Indomaret","sumber":"best:google"},"geometry":{"type":"Point","coordinates":[110.40097,-6.980447]}},{"type":"Feature","properties":{"nama":"Indomaret Sendang Mulyo","sumber":"best:google"},"geometry":{"type":"Point","coordinates":[110.46953,-7.046612]}},{"type":"Feature","properties":{"nama":"Indomaret Banowati","sumber":"best:google"},"geometry":{"type":"Point","coordinates":[110.405692,-6.975057]}},{"type":"Feature","properties":{"nama":"Indomaret Kelud Petompon","sumber":"best:google"},"geometry":{"type":"Point","coordinates":[110.398888,-7.003709]}},{"type":"Feature","properties":{"nama":"Indomaret Lamper Tengah","sumber":"best:google"},"geometry":{"type":"Point","coordinates":[110.443367,-7.004108]}},{"type":"Feature","properties":{"nama":"Indomaret Gatot Subroto 23","sumber":"best:google"},"geometry":{"type":"Point","coordinates":[110.385991,-7.003682]}},{"type":"Feature","properties":{"nama":"Indomaret Puri Anjasmoro Blok.E","sumber":"best:google"},"geometry":{"type":"Point","coordinates":[110.390297,-6.969298]}},{"type":"Feature","properties":{"nama":"Indomaret Petek","sumber":"best:google"},"geometry":{"type":"Point","coordinates":[110.419538,-6.966364]}},{"type":"Feature","properties":{"nama":"Indomaret | Sumurboto - Kota Semarang","sumber":"best:google"},"geometry":{"type":"Point","coordinates":[110.425201,-7.045864]}},{"type":"Feature","properties":{"nama":"Indomaret Beringin Raya","sumber":"best:google"},"geometry":{"type":"Point","coordinates":[110.337235,-6.997394]}},{"type":"Feature","properties":{"nama":"Indomaret Erowati","sumber":"best:google"},"geometry":{"type":"Point","coordinates":[110.402818,-6.974685]}},{"type":"Feature","properties":{"nama":"Indomaret Term. Cangkiran","sumber":"best:google"},"geometry":{"type":"Point","coordinates":[110.308141,-7.087895]}},{"type":"Feature","properties":{"nama":"Indomaret Singosari","sumber":"best:google"},"geometry":{"type":"Point","coordinates":[110.427115,-7.000381]}},{"type":"Feature","properties":{"nama":"Indomaret","sumber":"best:google"},"geometry":{"type":"Point","coordinates":[110.377413,-7.008133]}},{"type":"Feature","properties":{"nama":"INDOMARET WALISONGO KM. 11","sumber":"best:google"},"geometry":{"type":"Point","coordinates":[110.349078,-6.984989]}},{"type":"Feature","properties":{"nama":"Indomaret KPA","sumber":"best:google"},"geometry":{"type":"Point","coordinates":[110.474552,-7.037634]}},{"type":"Feature","properties":{"nama":"Indomaret Kyai Saleh","sumber":"best:google"},"geometry":{"type":"Point","coordinates":[110.413762,-6.986961]}},{"type":"Feature","properties":{"nama":"Indomaret Hanoman","sumber":"best:google"},"geometry":{"type":"Point","coordinates":[110.368699,-6.98308]}},{"type":"Feature","properties":{"nama":"Indomaret Jatibarang","sumber":"best:google"},"geometry":{"type":"Point","coordinates":[110.326717,-7.051968]}},{"type":"Feature","properties":{"nama":"INDOMARET FOREST HILL BSB","sumber":"best:google"},"geometry":{"type":"Point","coordinates":[110.319964,-7.023798]}},{"type":"Feature","properties":{"nama":"Indomaret Banjardowo","sumber":"best:google"},"geometry":{"type":"Point","coordinates":[110.482814,-6.959968]}},{"type":"Feature","properties":{"nama":"Indomaret Miroto","sumber":"best:google"},"geometry":{"type":"Point","coordinates":[110.416952,-6.985393]}},{"type":"Feature","properties":{"nama":"Indomaret","sumber":"best:google"},"geometry":{"type":"Point","coordinates":[110.441921,-6.995665]}},{"type":"Feature","properties":{"nama":"Indomaret Klipang Royal Park","sumber":"best:google"},"geometry":{"type":"Point","coordinates":[110.479512,-7.04115]}},{"type":"Feature","properties":{"nama":"Indomaret Karangtempel","sumber":"best:google"},"geometry":{"type":"Point","coordinates":[110.435632,-6.989905]}},{"type":"Feature","properties":{"nama":"Indomaret Rest Area km5","sumber":"best:google"},"geometry":{"type":"Point","coordinates":[110.395998,-7.017778]}},{"type":"Feature","properties":{"nama":"Indomaret Sawah Besar","sumber":"best:google"},"geometry":{"type":"Point","coordinates":[110.444272,-6.972646]}},{"type":"Feature","properties":{"nama":"Indomaret SPBU BSB","sumber":"best:google"},"geometry":{"type":"Point","coordinates":[110.330524,-7.038817]}},{"type":"Feature","properties":{"nama":"Indomaret Sekaran Raya","sumber":"best:google"},"geometry":{"type":"Point","coordinates":[110.394877,-7.057128]}},{"type":"Feature","properties":{"nama":"Indomaret Ngaliyan 2","sumber":"best:google"},"geometry":{"type":"Point","coordinates":[110.345286,-6.997819]}},{"type":"Feature","properties":{"nama":"Indomaret pongangan","sumber":"best:google"},"geometry":{"type":"Point","coordinates":[110.361034,-7.055475]}},{"type":"Feature","properties":{"nama":"Indomaret Sedayu Tugu","sumber":"best:google"},"geometry":{"type":"Point","coordinates":[110.481038,-6.977429]}},{"type":"Feature","properties":{"nama":"Indomaret Veteran","sumber":"best:google"},"geometry":{"type":"Point","coordinates":[110.414306,-6.995644]}},{"type":"Feature","properties":{"nama":"indomaret Depan RS Kariadi","sumber":"best:google"},"geometry":{"type":"Point","coordinates":[110.410964,-6.994679]}},{"type":"Feature","properties":{"nama":"Indomaret Mayjend Sutoyo","sumber":"best:google"},"geometry":{"type":"Point","coordinates":[110.429291,-6.985995]}},{"type":"Feature","properties":{"nama":"Indomaret Puri Anjasmoro Blok D-2","sumber":"best:google"},"geometry":{"type":"Point","coordinates":[110.388699,-6.969956]}},{"type":"Feature","properties":{"nama":"Indomaret Siliwangi 460","sumber":"best:google"},"geometry":{"type":"Point","coordinates":[110.380157,-6.985731]}},{"type":"Feature","properties":{"nama":"Indomaret Stasiun Semarang Poncol","sumber":"best:google"},"geometry":{"type":"Point","coordinates":[110.414897,-6.972913]}},{"type":"Feature","properties":{"nama":"Indomaret Lamongan","sumber":"best:google"},"geometry":{"type":"Point","coordinates":[110.394491,-7.014794]}},{"type":"Feature","properties":{"nama":"Indomaret MT Haryono 868","sumber":"best:google"},"geometry":{"type":"Point","coordinates":[110.432218,-6.99557]}},{"type":"Feature","properties":{"nama":"Indomaret Gajah Birowo","sumber":"best:google"},"geometry":{"type":"Point","coordinates":[110.457079,-6.978359]}},{"type":"Feature","properties":{"nama":"Indomaret Kedungmundu 20","sumber":"best:google"},"geometry":{"type":"Point","coordinates":[110.462457,-7.023392]}},{"type":"Feature","properties":{"nama":"Indomaret Mulawarman Selatan","sumber":"best:google"},"geometry":{"type":"Point","coordinates":[110.441399,-7.071889]}},{"type":"Feature","properties":{"nama":"Indomaret Panembahan Senopati","sumber":"best:google"},"geometry":{"type":"Point","coordinates":[110.349569,-6.997372]}},{"type":"Feature","properties":{"nama":"Indomaret Gajahmungkur Selatan","sumber":"best:google"},"geometry":{"type":"Point","coordinates":[110.407571,-7.006701]}},{"type":"Feature","properties":{"nama":"Indomaret Labuan","sumber":"best:google"},"geometry":{"type":"Point","coordinates":[110.436845,-6.988196]}},{"type":"Feature","properties":{"nama":"Indomaret","sumber":"best:google"},"geometry":{"type":"Point","coordinates":[110.417077,-7.004635]}},{"type":"Feature","properties":{"nama":"INDOMARET KARANGREJO BANYUMANIK","sumber":"best:google"},"geometry":{"type":"Point","coordinates":[110.41176,-7.073228]}},{"type":"Feature","properties":{"nama":"Indomaret Brigjen Sudiarto","sumber":"best:google"},"geometry":{"type":"Point","coordinates":[110.483994,-7.015403]}},{"type":"Feature","properties":{"nama":"Indomaret Gajahraya 26","sumber":"best:google"},"geometry":{"type":"Point","coordinates":[110.448343,-6.988433]}},{"type":"Feature","properties":{"nama":"Indomaret Gunungpati Raya","sumber":"best:google"},"geometry":{"type":"Point","coordinates":[110.382026,-7.09696]}},{"type":"Feature","properties":{"nama":"Say Bread Indomaret Soekarno Hatta 40","sumber":"best:google"},"geometry":{"type":"Point","coordinates":[110.453154,-6.981916]}},{"type":"Feature","properties":{"nama":"Indomaret Point Coffe, Gunung Kelir Raya // T43M","sumber":"best:google"},"geometry":{"type":"Point","coordinates":[110.335342,-6.979564]}},{"type":"Feature","properties":{"nama":"Indomaret Kalipancur","sumber":"best:google"},"geometry":{"type":"Point","coordinates":[110.379862,-7.011997]}},{"type":"Feature","properties":{"nama":"Indomaret Tusam Timur","sumber":"best:google"},"geometry":{"type":"Point","coordinates":[110.426987,-7.067502]}},{"type":"Feature","properties":{"nama":"Indomaret Siliwangi 379","sumber":"best:google"},"geometry":{"type":"Point","coordinates":[110.364952,-6.987891]}},{"type":"Feature","properties":{"nama":"Indomaret woltermongonsidi kav A2 - A 4","sumber":"best:google"},"geometry":{"type":"Point","coordinates":[110.47347,-6.994725]}},{"type":"Feature","properties":{"nama":"Indomaret Moh. Suyudi","sumber":"best:google"},"geometry":{"type":"Point","coordinates":[110.419057,-6.982618]}},{"type":"Feature","properties":{"nama":"Indomaret CV. Cendekia Waskita - Mr. Wurjanto","sumber":"best:google"},"geometry":{"type":"Point","coordinates":[110.39458,-7.10931]}},{"type":"Feature","properties":{"nama":"Indomaret Absa 3","sumber":"best:google"},"geometry":{"type":"Point","coordinates":[110.378451,-6.998286]}},{"type":"Feature","properties":{"nama":"Indomaret Muradi","sumber":"best:google"},"geometry":{"type":"Point","coordinates":[110.378621,-6.994663]}},{"type":"Feature","properties":{"nama":"Indomaret Waru","sumber":"best:google"},"geometry":{"type":"Point","coordinates":[110.425363,-7.06915]}},{"type":"Feature","properties":{"nama":"Indomaret Soekarno Hatta 187","sumber":"best:google"},"geometry":{"type":"Point","coordinates":[110.460047,-6.993148]}},{"type":"Feature","properties":{"nama":"Indomaret Tirto Agung","sumber":"best:google"},"geometry":{"type":"Point","coordinates":[110.429801,-7.0557]}},{"type":"Feature","properties":{"nama":"Indomaret Kudu","sumber":"best:google"},"geometry":{"type":"Point","coordinates":[110.495348,-6.974072]}},{"type":"Feature","properties":{"nama":"Indomaret Genuk Sari","sumber":"best:google"},"geometry":{"type":"Point","coordinates":[110.478969,-6.961485]}},{"type":"Feature","properties":{"nama":"Indomaret silayur","sumber":"best:google"},"geometry":{"type":"Point","coordinates":[110.337666,-7.010677]}},{"type":"Feature","properties":{"nama":"Indomaret Karangroto 32","sumber":"best:google"},"geometry":{"type":"Point","coordinates":[110.493626,-6.965975]}},{"type":"Feature","properties":{"nama":"Indomaret Jati Banyumanik","sumber":"best:google"},"geometry":{"type":"Point","coordinates":[110.421914,-7.069873]}},{"type":"Feature","properties":{"nama":"Indomaret dr cipto 87","sumber":"best:google"},"geometry":{"type":"Point","coordinates":[110.435013,-6.979141]}},{"type":"Feature","properties":{"nama":"Indomaret Untung Suropati 45","sumber":"best:google"},"geometry":{"type":"Point","coordinates":[110.365688,-7.012657]}},{"type":"Feature","properties":{"nama":"Indomaret Tambak Aji","sumber":"best:google"},"geometry":{"type":"Point","coordinates":[110.34179,-6.985773]}},{"type":"Feature","properties":{"nama":"Indomaret Pakintelan","sumber":"best:google"},"geometry":{"type":"Point","coordinates":[110.389386,-7.093733]}},{"type":"Feature","properties":{"nama":"Indomaret Sambiroto 102","sumber":"best:google"},"geometry":{"type":"Point","coordinates":[110.459211,-7.029785]}},{"type":"Feature","properties":{"nama":"Indomaret Manyaran Kalipancur","sumber":"best:google"},"geometry":{"type":"Point","coordinates":[110.3791,-7.01128]}},{"type":"Feature","properties":{"nama":"Indomaret kalicari","sumber":"best:google"},"geometry":{"type":"Point","coordinates":[110.456163,-6.997604]}},{"type":"Feature","properties":{"nama":"Indomaret Gendong raya","sumber":"best:google"},"geometry":{"type":"Point","coordinates":[110.468176,-7.039559]}},{"type":"Feature","properties":{"nama":"Indomaret Gajah raya","sumber":"best:google"},"geometry":{"type":"Point","coordinates":[110.448446,-6.985406]}},{"type":"Feature","properties":{"nama":"Indomaret Jati Raya","sumber":"best:google"},"geometry":{"type":"Point","coordinates":[110.418289,-7.067873]}},{"type":"Feature","properties":{"nama":"Indomaret","sumber":"best:google"},"geometry":{"type":"Point","coordinates":[110.418237,-7.049921]}},{"type":"Feature","properties":{"nama":"Indomaret Syuhada Raya","sumber":"best:google"},"geometry":{"type":"Point","coordinates":[110.466175,-6.990655]}},{"type":"Feature","properties":{"nama":"Indomaret Mangkang Kulon","sumber":"best:google"},"geometry":{"type":"Point","coordinates":[110.304677,-6.972756]}},{"type":"Feature","properties":{"nama":"Indomaret Telaga Mas Raya","sumber":"best:google"},"geometry":{"type":"Point","coordinates":[110.409293,-6.959199]}},{"type":"Feature","properties":{"nama":"Indomaret Setia Budi 226","sumber":"best:google"},"geometry":{"type":"Point","coordinates":[110.411722,-7.06961]}},{"type":"Feature","properties":{"nama":"Indomaret Graha Padma","sumber":"best:google"},"geometry":{"type":"Point","coordinates":[110.368094,-6.977604]}},{"type":"Feature","properties":{"nama":"Indomaret RSUP Dr. Kariadi","sumber":"best:google"},"geometry":{"type":"Point","coordinates":[110.407301,-6.993084]}},{"type":"Feature","properties":{"nama":"Indomaret","sumber":"best:google"},"geometry":{"type":"Point","coordinates":[110.423815,-7.071181]}},{"type":"Feature","properties":{"nama":"Indomaret gajah 124","sumber":"best:google"},"geometry":{"type":"Point","coordinates":[110.447103,-6.993282]}},{"type":"Feature","properties":{"nama":"Indomaret ABSA 269","sumber":"best:google"},"geometry":{"type":"Point","coordinates":[110.379168,-7.006022]}},{"type":"Feature","properties":{"nama":"Indomaret | Mijen - Kota Semarang","sumber":"best:google"},"geometry":{"type":"Point","coordinates":[110.318401,-7.051154]}},{"type":"Feature","properties":{"nama":"Indomaret Dinar Asri","sumber":"best:google"},"geometry":{"type":"Point","coordinates":[110.468233,-7.060583]}},{"type":"Feature","properties":{"nama":"Indomaret Plamongan Hijau","sumber":"best:google"},"geometry":{"type":"Point","coordinates":[110.474541,-7.017462]}},{"type":"Feature","properties":{"nama":"Indomaret Supriyadi","sumber":"best:google"},"geometry":{"type":"Point","coordinates":[110.457034,-6.995414]}},{"type":"Feature","properties":{"nama":"INDOMARET TAMAN SETIABUDI","sumber":"best:google"},"geometry":{"type":"Point","coordinates":[110.418831,-7.066195]}},{"type":"Feature","properties":{"nama":"Indomaret Wonosari","sumber":"best:google"},"geometry":{"type":"Point","coordinates":[110.317832,-6.975602]}},{"type":"Feature","properties":{"nama":"Indomaret Patemon","sumber":"best:google"},"geometry":{"type":"Point","coordinates":[110.397062,-7.060674]}},{"type":"Feature","properties":{"nama":"Indomaret tlogomulyo pedurungan","sumber":"best:google"},"geometry":{"type":"Point","coordinates":[110.48242,-6.999413]}},{"type":"Feature","properties":{"nama":"Indomaret Fresh Market BSB City","sumber":"best:google"},"geometry":{"type":"Point","coordinates":[110.333334,-7.041079]}},{"type":"Feature","properties":{"nama":"Indomaret Gajah Mada Smg","sumber":"best:google"},"geometry":{"type":"Point","coordinates":[110.42125,-6.979659]}},{"type":"Feature","properties":{"nama":"Indomaret Supriyadi SMG","sumber":"best:google"},"geometry":{"type":"Point","coordinates":[110.456236,-6.99938]}},{"type":"Feature","properties":{"nama":"Indomaret MT.Haryono","sumber":"best:google"},"geometry":{"type":"Point","coordinates":[110.43173,-7.006242]}},{"type":"Feature","properties":{"nama":"Indomaret Tentara Pelajar","sumber":"best:google"},"geometry":{"type":"Point","coordinates":[110.439868,-7.010322]}},{"type":"Feature","properties":{"nama":"Indomaret SPBU Silayur","sumber":"best:google"},"geometry":{"type":"Point","coordinates":[110.338673,-7.004564]}},{"type":"Feature","properties":{"nama":"Indomaret GRAHA PADMA BOULEVARD","sumber":"best:google"},"geometry":{"type":"Point","coordinates":[110.368454,-6.975287]}},{"type":"Feature","properties":{"nama":"Indomaret","sumber":"best:google"},"geometry":{"type":"Point","coordinates":[110.425405,-6.989404]}},{"type":"Feature","properties":{"nama":"Indomaret cepoko","sumber":"best:google"},"geometry":{"type":"Point","coordinates":[110.359425,-7.073446]}},{"type":"Feature","properties":{"nama":"Indomaret Bina Remaja","sumber":"best:google"},"geometry":{"type":"Point","coordinates":[110.417323,-7.062261]}},{"type":"Feature","properties":{"nama":"Indomaret FRESH Papandayan","sumber":"best:google"},"geometry":{"type":"Point","coordinates":[110.408644,-7.01406]}},{"type":"Feature","properties":{"nama":"Indomaret Palebon","sumber":"best:google"},"geometry":{"type":"Point","coordinates":[110.466414,-7.00434]}},{"type":"Feature","properties":{"nama":"Indomaret Kartini","sumber":"best:google"},"geometry":{"type":"Point","coordinates":[110.435842,-6.985551]}},{"type":"Feature","properties":{"nama":"Indomaret Banjarsari Semarang","sumber":"best:google"},"geometry":{"type":"Point","coordinates":[110.326481,-7.006344]}},{"type":"Feature","properties":{"nama":"Pisang Crispy Pontianak & Tahu Mercon (Sukun Indomaret Setiabudi)","sumber":"best:google"},"geometry":{"type":"Point","coordinates":[110.418737,-7.066665]}},{"type":"Feature","properties":{"nama":"Indomaret Kedungpane 2","sumber":"best:google"},"geometry":{"type":"Point","coordinates":[110.338591,-7.013537]}},{"type":"Feature","properties":{"nama":"Indomaret Elang","sumber":"best:google"},"geometry":{"type":"Point","coordinates":[110.471251,-7.049351]}},{"type":"Feature","properties":{"nama":"INDOMARET JOLOTUNDO","sumber":"best:google"},"geometry":{"type":"Point","coordinates":[110.444889,-6.985504]}},{"type":"Feature","properties":{"nama":"Indomaret Puspowarno 21","sumber":"best:google"},"geometry":{"type":"Point","coordinates":[110.395994,-6.983676]}},{"type":"Feature","properties":{"nama":"Indomaret watu kaji","sumber":"best:google"},"geometry":{"type":"Point","coordinates":[110.423655,-7.087299]}},{"type":"Feature","properties":{"nama":"Indomaret Kaligawe Raya II","sumber":"best:google"},"geometry":{"type":"Point","coordinates":[110.445085,-6.958587]}},{"type":"Feature","properties":{"nama":"Indomaret Point Gajah Mada","sumber":"best:google"},"geometry":{"type":"Point","coordinates":[110.422948,-6.987632]}},{"type":"Feature","properties":{"nama":"Indomaret Minimarket","sumber":"best:google"},"geometry":{"type":"Point","coordinates":[110.443393,-7.060555]}},{"type":"Feature","properties":{"nama":"Indomaret Tlogomulyo","sumber":"best:google"},"geometry":{"type":"Point","coordinates":[110.474541,-6.986876]}},{"type":"Feature","properties":{"nama":"Indomaret Imam Bonjol 39-41","sumber":"best:google"},"geometry":{"type":"Point","coordinates":[110.419991,-6.970948]}},{"type":"Feature","properties":{"nama":"Indomaret Pesona Asri","sumber":"best:google"},"geometry":{"type":"Point","coordinates":[110.417071,-7.091209]}},{"type":"Feature","properties":{"nama":"Indomaret Letjend S. Parman","sumber":"best:google"},"geometry":{"type":"Point","coordinates":[110.408422,-6.996205]}},{"type":"Feature","properties":{"nama":"Indomaret Depo Kawasan Candi Semarang","sumber":"best:google"},"geometry":{"type":"Point","coordinates":[110.366947,-6.992849]}},{"type":"Feature","properties":{"nama":"Indomaret KedungMundu","sumber":"best:google"},"geometry":{"type":"Point","coordinates":[110.4529,-7.014842]}},{"type":"Feature","properties":{"nama":"Indomaret Kedungpane","sumber":"best:google"},"geometry":{"type":"Point","coordinates":[110.336415,-7.021497]}},{"type":"Feature","properties":{"nama":"Indomaret FRESH PEMUDA","sumber":"best:google"},"geometry":{"type":"Point","coordinates":[110.418544,-6.974942]}},{"type":"Feature","properties":{"nama":"Indomaret Raya Kuripan","sumber":"best:google"},"geometry":{"type":"Point","coordinates":[110.299379,-7.039119]}},{"type":"Feature","properties":{"nama":"Indomaret avani eco park","sumber":"best:google"},"geometry":{"type":"Point","coordinates":[110.484675,-7.00891]}},{"type":"Feature","properties":{"nama":"Indomaret Muktiharjo Semarang","sumber":"best:google"},"geometry":{"type":"Point","coordinates":[110.461843,-6.971599]}},{"type":"Feature","properties":{"nama":"Indomaret Mugas","sumber":"best:google"},"geometry":{"type":"Point","coordinates":[110.41684,-6.988067]}},{"type":"Feature","properties":{"nama":"Indomaret Palebon","sumber":"best:google"},"geometry":{"type":"Point","coordinates":[110.46891,-7.003597]}},{"type":"Feature","properties":{"nama":"Indomaret KIC Gatsu","sumber":"best:google"},"geometry":{"type":"Point","coordinates":[110.358476,-6.99941]}},{"type":"Feature","properties":{"nama":"Indomaret Jerakah","sumber":"best:google"},"geometry":{"type":"Point","coordinates":[110.362786,-6.986696]}},{"type":"Feature","properties":{"nama":"Indomaret km 16","sumber":"best:google"},"geometry":{"type":"Point","coordinates":[110.295884,-6.972616]}},{"type":"Feature","properties":{"nama":"Indomaret Prof. Soeharso","sumber":"best:google"},"geometry":{"type":"Point","coordinates":[110.471113,-7.05766]}},{"type":"Feature","properties":{"nama":"Indomaret Sriwijaya (63)","sumber":"best:google"},"geometry":{"type":"Point","coordinates":[110.429616,-7.005024]}},{"type":"Feature","properties":{"nama":"Indomaret nogososro","sumber":"best:google"},"geometry":{"type":"Point","coordinates":[110.463858,-6.980192]}},{"type":"Feature","properties":{"nama":"Indomaret Lampersari","sumber":"best:google"},"geometry":{"type":"Point","coordinates":[110.439075,-7.006322]}},{"type":"Feature","properties":{"nama":"Indomaret Ringin Telu Simongan","sumber":"best:google"},"geometry":{"type":"Point","coordinates":[110.384216,-7.015028]}},{"type":"Feature","properties":{"nama":"Indomaret Prof. Hamka","sumber":"best:google"},"geometry":{"type":"Point","coordinates":[110.358578,-6.988617]}},{"type":"Feature","properties":{"nama":"Indomaret Raden Patah 267","sumber":"best:google"},"geometry":{"type":"Point","coordinates":[110.441448,-6.960371]}},{"type":"Feature","properties":{"nama":"Indomaret Semarang Kendal 84","sumber":"best:google"},"geometry":{"type":"Point","coordinates":[110.300283,-6.973879]}},{"type":"Feature","properties":{"nama":"Indomaret Semarang Indah","sumber":"best:google"},"geometry":{"type":"Point","coordinates":[110.398263,-6.969289]}},{"type":"Feature","properties":{"nama":"INDOMARET KUDU RAYA BARU","sumber":"best:google"},"geometry":{"type":"Point","coordinates":[110.488646,-6.971881]}},{"type":"Feature","properties":{"nama":"Indomaret Semeru Raya","sumber":"best:google"},"geometry":{"type":"Point","coordinates":[110.414793,-7.020096]}},{"type":"Feature","properties":{"nama":"INDOMARET RAYA SEMARANG BOJA","sumber":"best:google"},"geometry":{"type":"Point","coordinates":[110.309146,-7.078541]}},{"type":"Feature","properties":{"nama":"Indomaret Say Bread Jolotundo semarang","sumber":"best:google"},"geometry":{"type":"Point","coordinates":[110.448272,-6.984751]}},{"type":"Feature","properties":{"nama":"Indomaret puri eksekutif","sumber":"best:google"},"geometry":{"type":"Point","coordinates":[110.384008,-6.965541]}},{"type":"Feature","properties":{"nama":"Indomaret Semarang Boja 44","sumber":"best:google"},"geometry":{"type":"Point","coordinates":[110.337311,-7.018959]}},{"type":"Feature","properties":{"nama":"INDOMARET POIN RS PANTIWILASA","sumber":"best:google"},"geometry":{"type":"Point","coordinates":[110.437308,-6.970041]}},{"type":"Feature","properties":{"nama":"Indomaret Banjarsari Selatan","sumber":"best:google"},"geometry":{"type":"Point","coordinates":[110.43736,-7.063545]}},{"type":"Feature","properties":{"nama":"indomaret candi pawon","sumber":"best:google"},"geometry":{"type":"Point","coordinates":[110.384372,-7.012073]}},{"type":"Feature","properties":{"nama":"Indomaret sompok 2","sumber":"best:google"},"geometry":{"type":"Point","coordinates":[110.43907,-7.002849]}},{"type":"Feature","properties":{"nama":"Indomaret Jangli Candi Golf","sumber":"best:google"},"geometry":{"type":"Point","coordinates":[110.425823,-7.020149]}},{"type":"Feature","properties":{"nama":"Indomaret Bulustalan","sumber":"best:google"},"geometry":{"type":"Point","coordinates":[110.405002,-6.987038]}},{"type":"Feature","properties":{"nama":"Indomaret Sekaran","sumber":"best:google"},"geometry":{"type":"Point","coordinates":[110.394859,-7.052463]}},{"type":"Feature","properties":{"nama":"Indomaret Villa Jati Mas","sumber":"best:google"},"geometry":{"type":"Point","coordinates":[110.340312,-7.037377]}},{"type":"Feature","properties":{"nama":"Indomaret Citra Grand Semarang","sumber":"best:google"},"geometry":{"type":"Point","coordinates":[110.457437,-7.036936]}},{"type":"Feature","properties":{"nama":"INDOMARET POINT RS PANTIWILASA","sumber":"best:google"},"geometry":{"type":"Point","coordinates":[110.439062,-6.970247]}},{"type":"Feature","properties":{"nama":"Indomaret Ngaliyan 55","sumber":"best:google"},"geometry":{"type":"Point","coordinates":[110.348118,-6.995895]}},{"type":"Feature","properties":{"nama":"Indomaret | Pudakpayung","sumber":"best:google"},"geometry":{"type":"Point","coordinates":[110.408502,-7.09975]}},{"type":"Feature","properties":{"nama":"Indomaret Pedalangan","sumber":"best:google"},"geometry":{"type":"Point","coordinates":[110.42647,-7.062428]}},{"type":"Feature","properties":{"nama":"Indomaret Cangkiran 2","sumber":"best:google"},"geometry":{"type":"Point","coordinates":[110.308682,-7.08774]}},{"type":"Feature","properties":{"nama":"Indomaret Imam Bonjol 177 B","sumber":"best:google"},"geometry":{"type":"Point","coordinates":[110.410777,-6.979904]}},{"type":"Feature","properties":{"nama":"Indomaret Graha Mukti","sumber":"best:google"},"geometry":{"type":"Point","coordinates":[110.461139,-6.99]}},{"type":"Feature","properties":{"nama":"Indomaret Wolter Genuk","sumber":"best:google"},"geometry":{"type":"Point","coordinates":[110.480228,-6.954485]}},{"type":"Feature","properties":{"nama":"Indomaret Padi 104","sumber":"best:google"},"geometry":{"type":"Point","coordinates":[110.465746,-6.969214]}},{"type":"Feature","properties":{"nama":"Indomaret Menoreh Jembatan Besi","sumber":"best:google"},"geometry":{"type":"Point","coordinates":[110.389201,-7.019047]}},{"type":"Feature","properties":{"nama":"Indomaret Tlogosari Kulon","sumber":"best:google"},"geometry":{"type":"Point","coordinates":[110.458261,-6.989193]}},{"type":"Feature","properties":{"nama":"Indomaret Soekarno Hatta 15","sumber":"best:google"},"geometry":{"type":"Point","coordinates":[110.456162,-6.988283]}},{"type":"Feature","properties":{"nama":"Alfamart pudakpatung 2","sumber":"best:google"},"geometry":{"type":"Point","coordinates":[110.410647,-7.105328]}},{"type":"Feature","properties":{"nama":"Alfamart","sumber":"best:google"},"geometry":{"type":"Point","coordinates":[110.338466,-7.013415]}},{"type":"Feature","properties":{"nama":"Alfamart","sumber":"best:google"},"geometry":{"type":"Point","coordinates":[110.464257,-7.023262]}},{"type":"Feature","properties":{"nama":"Alfamart","sumber":"best:google"},"geometry":{"type":"Point","coordinates":[110.311951,-7.066761]}},{"type":"Feature","properties":{"nama":"Alfamart","sumber":"best:google"},"geometry":{"type":"Point","coordinates":[110.41107,-7.01379]}},{"type":"Feature","properties":{"nama":"Alfamart Sarwo Edi","sumber":"best:google"},"geometry":{"type":"Point","coordinates":[110.488467,-7.024873]}},{"type":"Feature","properties":{"nama":"Alfamart","sumber":"best:google"},"geometry":{"type":"Point","coordinates":[110.430614,-7.005145]}},{"type":"Feature","properties":{"nama":"Alfamart Karangroto","sumber":"best:google"},"geometry":{"type":"Point","coordinates":[110.493004,-6.959828]}},{"type":"Feature","properties":{"nama":"Alfamart Bjnd Sudiarto","sumber":"best:google"},"geometry":{"type":"Point","coordinates":[110.491861,-7.019051]}},{"type":"Feature","properties":{"nama":"Alfamart","sumber":"best:google"},"geometry":{"type":"Point","coordinates":[110.316985,-7.052555]}},{"type":"Feature","properties":{"nama":"Alfamart Gatot Subroto 1","sumber":"best:google"},"geometry":{"type":"Point","coordinates":[110.367014,-6.988983]}},{"type":"Feature","properties":{"nama":"Alfamart","sumber":"best:google"},"geometry":{"type":"Point","coordinates":[110.415921,-6.985142]}},{"type":"Feature","properties":{"nama":"Alfamart Bukit Kencana","sumber":"best:google"},"geometry":{"type":"Point","coordinates":[110.461232,-7.062641]}},{"type":"Feature","properties":{"nama":"Alfamart","sumber":"best:google"},"geometry":{"type":"Point","coordinates":[110.478836,-7.046515]}},{"type":"Feature","properties":{"nama":"Alfamart","sumber":"best:google"},"geometry":{"type":"Point","coordinates":[110.464401,-6.999296]}},{"type":"Feature","properties":{"nama":"ALFAMART SETIABUDI BARU","sumber":"best:google"},"geometry":{"type":"Point","coordinates":[110.42097,-7.046653]}},{"type":"Feature","properties":{"nama":"Alfamart Abdul Rahman Saleh","sumber":"best:google"},"geometry":{"type":"Point","coordinates":[110.382669,-6.987848]}},{"type":"Feature","properties":{"nama":"Alfamart","sumber":"best:google"},"geometry":{"type":"Point","coordinates":[110.310485,-7.069708]}},{"type":"Feature","properties":{"nama":"ALFAMART CANDI PENATARAN","sumber":"best:google"},"geometry":{"type":"Point","coordinates":[110.375055,-7.014875]}},{"type":"Feature","properties":{"nama":"Alfamart Plamongan Indah 1","sumber":"best:google"},"geometry":{"type":"Point","coordinates":[110.49776,-7.02358]}},{"type":"Feature","properties":{"nama":"Alfamart","sumber":"best:google"},"geometry":{"type":"Point","coordinates":[110.311109,-7.063498]}},{"type":"Feature","properties":{"nama":"Alfamart KIW Tugu","sumber":"best:google"},"geometry":{"type":"Point","coordinates":[110.336708,-6.976833]}},{"type":"Feature","properties":{"nama":"Alfamart Terminal Mangkang Tugu","sumber":"best:google"},"geometry":{"type":"Point","coordinates":[110.289642,-6.969279]}},{"type":"Feature","properties":{"nama":"Alfamart","sumber":"best:google"},"geometry":{"type":"Point","coordinates":[110.402874,-6.980333]}},{"type":"Feature","properties":{"nama":"Alfamart Manunggal Jati Majapahit","sumber":"best:google"},"geometry":{"type":"Point","coordinates":[110.482809,-7.011817]}},{"type":"Feature","properties":{"nama":"Alfamart Anggrek Raya HA42","sumber":"best:google"},"geometry":{"type":"Point","coordinates":[110.424599,-6.988519]}},{"type":"Feature","properties":{"nama":"Alfamart","sumber":"best:google"},"geometry":{"type":"Point","coordinates":[110.454976,-7.004193]}},{"type":"Feature","properties":{"nama":"Alfamart Kudu HA70","sumber":"best:google"},"geometry":{"type":"Point","coordinates":[110.504275,-6.978077]}},{"type":"Feature","properties":{"nama":"Alfamart","sumber":"best:google"},"geometry":{"type":"Point","coordinates":[110.342664,-6.985871]}},{"type":"Feature","properties":{"nama":"Alfamart","sumber":"best:google"},"geometry":{"type":"Point","coordinates":[110.416102,-6.968382]}},{"type":"Feature","properties":{"nama":"Alfamart","sumber":"best:google"},"geometry":{"type":"Point","coordinates":[110.413039,-7.030199]}},{"type":"Feature","properties":{"nama":"Alfamart Kaligawe 1","sumber":"best:google"},"geometry":{"type":"Point","coordinates":[110.443516,-6.959287]}},{"type":"Feature","properties":{"nama":"Alfamart","sumber":"best:google"},"geometry":{"type":"Point","coordinates":[110.39527,-7.003025]}},{"type":"Feature","properties":{"nama":"Alfamart","sumber":"best:google"},"geometry":{"type":"Point","coordinates":[110.302725,-6.973044]}},{"type":"Feature","properties":{"nama":"Alfamart","sumber":"best:google"},"geometry":{"type":"Point","coordinates":[110.472804,-6.996798]}},{"type":"Feature","properties":{"nama":"Alfamart","sumber":"best:google"},"geometry":{"type":"Point","coordinates":[110.425389,-7.045596]}},{"type":"Feature","properties":{"nama":"Alfamart Kedungmundu 2","sumber":"best:google"},"geometry":{"type":"Point","coordinates":[110.450675,-7.013247]}},{"type":"Feature","properties":{"nama":"Alfamart","sumber":"best:google"},"geometry":{"type":"Point","coordinates":[110.377053,-7.00911]}},{"type":"Feature","properties":{"nama":"Alfamart","sumber":"best:google"},"geometry":{"type":"Point","coordinates":[110.388548,-7.000765]}},{"type":"Feature","properties":{"nama":"Alfamart","sumber":"best:google"},"geometry":{"type":"Point","coordinates":[110.308274,-7.071376]}},{"type":"Feature","properties":{"nama":"Alfamart","sumber":"best:google"},"geometry":{"type":"Point","coordinates":[110.472907,-6.99243]}},{"type":"Feature","properties":{"nama":"Alfamart Sekaran Semarang","sumber":"best:google"},"geometry":{"type":"Point","coordinates":[110.395218,-7.051349]}},{"type":"Feature","properties":{"nama":"Alfamart","sumber":"best:google"},"geometry":{"type":"Point","coordinates":[110.479517,-7.040586]}},{"type":"Feature","properties":{"nama":"Alfamart","sumber":"best:google"},"geometry":{"type":"Point","coordinates":[110.45913,-6.982789]}},{"type":"Feature","properties":{"nama":"Alfamart","sumber":"best:google"},"geometry":{"type":"Point","coordinates":[110.426277,-6.988511]}},{"type":"Feature","properties":{"nama":"Alfamart (Randu Garut)","sumber":"best:google"},"geometry":{"type":"Point","coordinates":[110.328694,-6.96905]}},{"type":"Feature","properties":{"nama":"ALFAMART MUNTAL GUNUNG PATI","sumber":"best:google"},"geometry":{"type":"Point","coordinates":[110.385345,-7.074337]}},{"type":"Feature","properties":{"nama":"Alfamart","sumber":"best:google"},"geometry":{"type":"Point","coordinates":[110.41962,-6.96506]}},{"type":"Feature","properties":{"nama":"Alfamart","sumber":"best:google"},"geometry":{"type":"Point","coordinates":[110.424778,-7.019498]}},{"type":"Feature","properties":{"nama":"Alfamart Kanfer Raya","sumber":"best:google"},"geometry":{"type":"Point","coordinates":[110.425842,-7.070675]}},{"type":"Feature","properties":{"nama":"Alfamart Ngesrep","sumber":"best:google"},"geometry":{"type":"Point","coordinates":[110.422714,-7.049864]}},{"type":"Feature","properties":{"nama":"Alfamart","sumber":"best:google"},"geometry":{"type":"Point","coordinates":[110.431368,-6.982007]}},{"type":"Feature","properties":{"nama":"Alfamart Sambirejo baru (HD77)","sumber":"best:google"},"geometry":{"type":"Point","coordinates":[110.448695,-6.983015]}},{"type":"Feature","properties":{"nama":"Alfamart","sumber":"best:google"},"geometry":{"type":"Point","coordinates":[110.307708,-7.088333]}},{"type":"Feature","properties":{"nama":"ALFAMART WATES NGALIYAN","sumber":"best:google"},"geometry":{"type":"Point","coordinates":[110.327839,-7.010762]}},{"type":"Feature","properties":{"nama":"Kebab Turki Baba Rafi - Alfamart Anjasmoro","sumber":"best:google"},"geometry":{"type":"Point","coordinates":[110.390828,-6.979693]}},{"type":"Feature","properties":{"nama":"Alfamart","sumber":"best:google"},"geometry":{"type":"Point","coordinates":[110.41108,-6.96259]}},{"type":"Feature","properties":{"nama":"Nasi Ayam Alfamart Krakatau","sumber":"best:google"},"geometry":{"type":"Point","coordinates":[110.437228,-6.987404]}},{"type":"Feature","properties":{"nama":"Alfamart Tamansari Hills","sumber":"best:google"},"geometry":{"type":"Point","coordinates":[110.461071,-7.040999]}},{"type":"Feature","properties":{"nama":"Alfamart Durian Raya","sumber":"best:google"},"geometry":{"type":"Point","coordinates":[110.42706,-7.064857]}},{"type":"Feature","properties":{"nama":"Alfamart Gemah Raya","sumber":"best:google"},"geometry":{"type":"Point","coordinates":[110.466808,-7.010842]}},{"type":"Feature","properties":{"nama":"Alfamart Tirtoyoso","sumber":"best:google"},"geometry":{"type":"Point","coordinates":[110.44031,-6.976954]}},{"type":"Feature","properties":{"nama":"Alfamart","sumber":"best:google"},"geometry":{"type":"Point","coordinates":[110.389413,-6.998813]}},{"type":"Feature","properties":{"nama":"Alfamart Diponegoro","sumber":"best:google"},"geometry":{"type":"Point","coordinates":[110.41654,-7.002699]}},{"type":"Feature","properties":{"nama":"Alfamart Tirto Agung Poltekkes","sumber":"best:google"},"geometry":{"type":"Point","coordinates":[110.429654,-7.055814]}},{"type":"Feature","properties":{"nama":"Alfamart","sumber":"best:google"},"geometry":{"type":"Point","coordinates":[110.396315,-7.008377]}},{"type":"Feature","properties":{"nama":"Alfamart","sumber":"best:google"},"geometry":{"type":"Point","coordinates":[110.474422,-6.953606]}},{"type":"Feature","properties":{"nama":"Alfamart","sumber":"best:google"},"geometry":{"type":"Point","coordinates":[110.438659,-7.009641]}},{"type":"Feature","properties":{"nama":"Alfamart Perintis Kemerdekaan","sumber":"best:google"},"geometry":{"type":"Point","coordinates":[110.408893,-7.102468]}},{"type":"Feature","properties":{"nama":"Alfamart SPBU Kuncen","sumber":"best:google"},"geometry":{"type":"Point","coordinates":[110.326531,-7.093282]}},{"type":"Feature","properties":{"nama":"ALFAMART CEPOKO","sumber":"best:google"},"geometry":{"type":"Point","coordinates":[110.359595,-7.07418]}},{"type":"Feature","properties":{"nama":"Alfamart","sumber":"best:google"},"geometry":{"type":"Point","coordinates":[110.325719,-6.973224]}},{"type":"Feature","properties":{"nama":"Alfamart","sumber":"best:google"},"geometry":{"type":"Point","coordinates":[110.327501,-6.976312]}},{"type":"Feature","properties":{"nama":"Alfamart Bubakan","sumber":"best:google"},"geometry":{"type":"Point","coordinates":[110.318368,-7.090979]}},{"type":"Feature","properties":{"nama":"Alfamart Satria Utara","sumber":"best:google"},"geometry":{"type":"Point","coordinates":[110.408619,-6.969452]}},{"type":"Feature","properties":{"nama":"Alfamart MH Thamrin","sumber":"best:google"},"geometry":{"type":"Point","coordinates":[110.417479,-6.982842]}},{"type":"Feature","properties":{"nama":"Alfamart Gondomono","sumber":"best:google"},"geometry":{"type":"Point","coordinates":[110.402477,-6.968456]}},{"type":"Feature","properties":{"nama":"Alfamart Grafika HD51","sumber":"best:google"},"geometry":{"type":"Point","coordinates":[110.421762,-7.079109]}},{"type":"Feature","properties":{"nama":"Alfamart","sumber":"best:google"},"geometry":{"type":"Point","coordinates":[110.427852,-6.999451]}},{"type":"Feature","properties":{"nama":"Alfamart","sumber":"best:google"},"geometry":{"type":"Point","coordinates":[110.423446,-6.97572]}},{"type":"Feature","properties":{"nama":"Alfamart Karang Rejo 1","sumber":"best:google"},"geometry":{"type":"Point","coordinates":[110.41185,-7.029933]}},{"type":"Feature","properties":{"nama":"Alfamart Anjasmoro 5","sumber":"best:google"},"geometry":{"type":"Point","coordinates":[110.390803,-6.974426]}},{"type":"Feature","properties":{"nama":"Alfamart Ngaliyan Baru","sumber":"best:google"},"geometry":{"type":"Point","coordinates":[110.336915,-7.019824]}},{"type":"Feature","properties":{"nama":"Alfamart Jangli","sumber":"best:google"},"geometry":{"type":"Point","coordinates":[110.428357,-7.025628]}},{"type":"Feature","properties":{"nama":"Alfamart","sumber":"best:google"},"geometry":{"type":"Point","coordinates":[110.459353,-7.06583]}},{"type":"Feature","properties":{"nama":"Alfamart","sumber":"best:google"},"geometry":{"type":"Point","coordinates":[110.390668,-7.011875]}},{"type":"Feature","properties":{"nama":"Alfamart","sumber":"best:google"},"geometry":{"type":"Point","coordinates":[110.41316,-7.06292]}},{"type":"Feature","properties":{"nama":"Alfamart Sendangmulyo","sumber":"best:google"},"geometry":{"type":"Point","coordinates":[110.47498,-7.042973]}},{"type":"Feature","properties":{"nama":"Alfamart","sumber":"best:google"},"geometry":{"type":"Point","coordinates":[110.334374,-7.09394]}},{"type":"Feature","properties":{"nama":"Alfamart Untung Suropati Baru","sumber":"best:google"},"geometry":{"type":"Point","coordinates":[110.380168,-7.01155]}},{"type":"Feature","properties":{"nama":"Alfamart","sumber":"best:google"},"geometry":{"type":"Point","coordinates":[110.494802,-6.971171]}},{"type":"Feature","properties":{"nama":"Alfamart Jangli Perbalan","sumber":"best:google"},"geometry":{"type":"Point","coordinates":[110.424571,-7.033423]}},{"type":"Feature","properties":{"nama":"Alfamart Telaga Bodas","sumber":"best:google"},"geometry":{"type":"Point","coordinates":[110.413779,-7.024661]}},{"type":"Feature","properties":{"nama":"Alfamart","sumber":"best:google"},"geometry":{"type":"Point","coordinates":[110.464235,-6.980407]}},{"type":"Feature","properties":{"nama":"ALFAMART SEMBUNGHARJO SEMARANG","sumber":"best:google"},"geometry":{"type":"Point","coordinates":[110.48156,-6.975921]}},{"type":"Feature","properties":{"nama":"Alfamart Majapahit 1","sumber":"best:google"},"geometry":{"type":"Point","coordinates":[110.442414,-6.998899]}},{"type":"Feature","properties":{"nama":"Alfamart","sumber":"best:google"},"geometry":{"type":"Point","coordinates":[110.380085,-6.99569]}},{"type":"Feature","properties":{"nama":"Alfamart","sumber":"best:google"},"geometry":{"type":"Point","coordinates":[110.480864,-7.006288]}},{"type":"Feature","properties":{"nama":"ALFAMART BRIGHT KEDUNGMUNDU","sumber":"best:google"},"geometry":{"type":"Point","coordinates":[110.459884,-7.024154]}},{"type":"Feature","properties":{"nama":"Alfamart (Randu Garut)","sumber":"best:google"},"geometry":{"type":"Point","coordinates":[110.329066,-6.968002]}},{"type":"Feature","properties":{"nama":"Alfamart tugurejo","sumber":"best:google"},"geometry":{"type":"Point","coordinates":[110.355365,-6.983886]}},{"type":"Feature","properties":{"nama":"Alfamart","sumber":"best:google"},"geometry":{"type":"Point","coordinates":[110.341082,-7.000068]}},{"type":"Feature","properties":{"nama":"Alfamart","sumber":"best:google"},"geometry":{"type":"Point","coordinates":[110.465893,-6.990539]}},{"type":"Feature","properties":{"nama":"Alfamart Sekaran Baru","sumber":"best:google"},"geometry":{"type":"Point","coordinates":[110.391343,-7.04375]}},{"type":"Feature","properties":{"nama":"Alfamart Hidayatullah (Durian Raya)","sumber":"best:google"},"geometry":{"type":"Point","coordinates":[110.416974,-7.062879]}},{"type":"Feature","properties":{"nama":"Alfamart Wolter Monginsidi Baru HA22","sumber":"best:google"},"geometry":{"type":"Point","coordinates":[110.47456,-6.986753]}},{"type":"Feature","properties":{"nama":"Kebabblasan alfamart mega","sumber":"best:google"},"geometry":{"type":"Point","coordinates":[110.417549,-7.084873]}},{"type":"Feature","properties":{"nama":"Alfamart Imam Bonjol","sumber":"best:google"},"geometry":{"type":"Point","coordinates":[110.418807,-6.971546]}},{"type":"Feature","properties":{"nama":"Alfamart Kalisegoro Gunungpati","sumber":"best:google"},"geometry":{"type":"Point","coordinates":[110.390921,-7.058753]}},{"type":"Feature","properties":{"nama":"Alfamart","sumber":"best:google"},"geometry":{"type":"Point","coordinates":[110.36607,-6.996356]}},{"type":"Feature","properties":{"nama":"Alfamart Mulawarman Raya","sumber":"best:google"},"geometry":{"type":"Point","coordinates":[110.437609,-7.066606]}},{"type":"Feature","properties":{"nama":"Alfamart","sumber":"best:google"},"geometry":{"type":"Point","coordinates":[110.481232,-6.976838]}},{"type":"Feature","properties":{"nama":"Alfamart Mt. Haryono","sumber":"best:google"},"geometry":{"type":"Point","coordinates":[110.431735,-6.996678]}},{"type":"Feature","properties":{"nama":"Alfamart Cepoko Baru","sumber":"best:google"},"geometry":{"type":"Point","coordinates":[110.358637,-7.06755]}},{"type":"Feature","properties":{"nama":"Alfamart Silayur","sumber":"best:google"},"geometry":{"type":"Point","coordinates":[110.338866,-7.004967]}},{"type":"Feature","properties":{"nama":"Alfamart","sumber":"best:google"},"geometry":{"type":"Point","coordinates":[110.46054,-6.977626]}},{"type":"Feature","properties":{"nama":"Alfamart","sumber":"best:google"},"geometry":{"type":"Point","coordinates":[110.47142,-7.055827]}},{"type":"Feature","properties":{"nama":"Alfamart soekarno hatta raya","sumber":"best:google"},"geometry":{"type":"Point","coordinates":[110.455771,-6.987305]}},{"type":"Feature","properties":{"nama":"Alfamart","sumber":"best:google"},"geometry":{"type":"Point","coordinates":[110.475354,-7.012265]}},{"type":"Feature","properties":{"nama":"Alfamart Pekunden Dalam","sumber":"best:google"},"geometry":{"type":"Point","coordinates":[110.421365,-6.986549]}},{"type":"Feature","properties":{"nama":"Alfamart Ngijo Gunungpati","sumber":"best:google"},"geometry":{"type":"Point","coordinates":[110.380361,-7.076665]}},{"type":"Feature","properties":{"nama":"Alfamart Pom Kaligawe","sumber":"best:google"},"geometry":{"type":"Point","coordinates":[110.444044,-6.959663]}},{"type":"Feature","properties":{"nama":"Alfamart Sumbermulyo","sumber":"best:google"},"geometry":{"type":"Point","coordinates":[110.307292,-7.080048]}},{"type":"Feature","properties":{"nama":"ALFAMART KEMBANGARUM SMG","sumber":"best:google"},"geometry":{"type":"Point","coordinates":[110.371787,-6.988372]}},{"type":"Feature","properties":{"nama":"Alfamart","sumber":"best:google"},"geometry":{"type":"Point","coordinates":[110.436034,-7.010717]}},{"type":"Feature","properties":{"nama":"Alfamart","sumber":"best:google"},"geometry":{"type":"Point","coordinates":[110.450815,-6.989716]}},{"type":"Feature","properties":{"nama":"Alfamart","sumber":"best:google"},"geometry":{"type":"Point","coordinates":[110.319905,-7.023871]}},{"type":"Feature","properties":{"nama":"Alfamart Jatingaleh","sumber":"best:google"},"geometry":{"type":"Point","coordinates":[110.41835,-7.027578]}},{"type":"Feature","properties":{"nama":"Alfamart Sendangguwo H985","sumber":"best:google"},"geometry":{"type":"Point","coordinates":[110.454461,-7.013005]}},{"type":"Feature","properties":{"nama":"Alfamart","sumber":"best:google"},"geometry":{"type":"Point","coordinates":[110.391501,-7.108031]}},{"type":"Feature","properties":{"nama":"Alfamart Hasanudin H037","sumber":"best:google"},"geometry":{"type":"Point","coordinates":[110.411292,-6.967164]}},{"type":"Feature","properties":{"nama":"Alfamart MH Thamrin HC76","sumber":"best:google"},"geometry":{"type":"Point","coordinates":[110.417489,-6.981037]}},{"type":"Feature","properties":{"nama":"Alfamart","sumber":"best:google"},"geometry":{"type":"Point","coordinates":[110.479683,-6.956901]}},{"type":"Feature","properties":{"nama":"Alfamart","sumber":"best:google"},"geometry":{"type":"Point","coordinates":[110.347903,-6.996062]}},{"type":"Feature","properties":{"nama":"Alfamart","sumber":"best:google"},"geometry":{"type":"Point","coordinates":[110.30917,-7.07843]}},{"type":"Feature","properties":{"nama":"Alfamart Pudakpayung","sumber":"best:google"},"geometry":{"type":"Point","coordinates":[110.409094,-7.10095]}},{"type":"Feature","properties":{"nama":"Alfamart","sumber":"best:google"},"geometry":{"type":"Point","coordinates":[110.428277,-6.993926]}},{"type":"Feature","properties":{"nama":"Alfamart","sumber":"best:google"},"geometry":{"type":"Point","coordinates":[110.396068,-6.967893]}},{"type":"Feature","properties":{"nama":"Alfamart","sumber":"best:google"},"geometry":{"type":"Point","coordinates":[110.401457,-7.005336]}},{"type":"Feature","properties":{"nama":"Alfamart Puspowarno","sumber":"best:google"},"geometry":{"type":"Point","coordinates":[110.395703,-6.988437]}},{"type":"Feature","properties":{"nama":"Alfamart Pengapon","sumber":"best:google"},"geometry":{"type":"Point","coordinates":[110.468082,-6.955694]}},{"type":"Feature","properties":{"nama":"Alfamart WONODRI","sumber":"best:google"},"geometry":{"type":"Point","coordinates":[110.427355,-7.001265]}},{"type":"Feature","properties":{"nama":"Alfamart","sumber":"best:google"},"geometry":{"type":"Point","coordinates":[110.400943,-6.979272]}},{"type":"Feature","properties":{"nama":"Alfamart","sumber":"best:google"},"geometry":{"type":"Point","coordinates":[110.460278,-7.005274]}},{"type":"Feature","properties":{"nama":"Alfamart","sumber":"best:google"},"geometry":{"type":"Point","coordinates":[110.427977,-7.05849]}},{"type":"Feature","properties":{"nama":"Alfamart Plamongan Indah 2","sumber":"best:google"},"geometry":{"type":"Point","coordinates":[110.494522,-7.02639]}},{"type":"Feature","properties":{"nama":"Alfamart Basudewa","sumber":"best:google"},"geometry":{"type":"Point","coordinates":[110.403113,-6.989571]}},{"type":"Feature","properties":{"nama":"Alfamart Perintis Kemerdekaan 2","sumber":"best:google"},"geometry":{"type":"Point","coordinates":[110.410918,-7.077973]}},{"type":"Feature","properties":{"nama":"Alfamart kaligarang","sumber":"best:google"},"geometry":{"type":"Point","coordinates":[110.404271,-6.996128]}},{"type":"Feature","properties":{"nama":"Alfamart Anjasmoro2","sumber":"best:google"},"geometry":{"type":"Point","coordinates":[110.390297,-6.969611]}},{"type":"Feature","properties":{"nama":"Alfamart","sumber":"best:google"},"geometry":{"type":"Point","coordinates":[110.456703,-6.957124]}},{"type":"Feature","properties":{"nama":"ALFAMART BUMIREJO","sumber":"best:google"},"geometry":{"type":"Point","coordinates":[110.412803,-7.091609]}},{"type":"Feature","properties":{"nama":"Alfamart Kuripan Wonolopo","sumber":"best:google"},"geometry":{"type":"Point","coordinates":[110.301403,-7.039379]}},{"type":"Feature","properties":{"nama":"Alfamart Gedawang HC57","sumber":"best:google"},"geometry":{"type":"Point","coordinates":[110.423346,-7.090314]}},{"type":"Feature","properties":{"nama":"Alfamart SPBU Sampangan","sumber":"best:google"},"geometry":{"type":"Point","coordinates":[110.388579,-7.0175]}},{"type":"Feature","properties":{"nama":"Alfamart","sumber":"best:google"},"geometry":{"type":"Point","coordinates":[110.307436,-7.095047]}},{"type":"Feature","properties":{"nama":"Alfamart Untung Suropati Raya","sumber":"best:google"},"geometry":{"type":"Point","coordinates":[110.372053,-7.013464]}},{"type":"Feature","properties":{"nama":"Alfamart Kyai Morang SMG","sumber":"best:google"},"geometry":{"type":"Point","coordinates":[110.492341,-7.013939]}},{"type":"Feature","properties":{"nama":"Alfamart Permata Puri Ngaliyan","sumber":"best:google"},"geometry":{"type":"Point","coordinates":[110.337884,-7.000483]}},{"type":"Feature","properties":{"nama":"Alfamart (Rejosari)","sumber":"best:google"},"geometry":{"type":"Point","coordinates":[110.43503,-6.984627]}},{"type":"Feature","properties":{"nama":"Alfamart","sumber":"best:google"},"geometry":{"type":"Point","coordinates":[110.440067,-6.970943]}},{"type":"Feature","properties":{"nama":"Alfamart Sukorejo Kolonel HR Hadijanto","sumber":"best:google"},"geometry":{"type":"Point","coordinates":[110.389297,-7.031288]}},{"type":"Feature","properties":{"nama":"Semarang Alfamart Taman Tirto Agung","sumber":"best:google"},"geometry":{"type":"Point","coordinates":[110.427656,-7.060173]}},{"type":"Feature","properties":{"nama":"Alfamart Candi KIC","sumber":"best:google"},"geometry":{"type":"Point","coordinates":[110.361923,-6.992715]}},{"type":"Feature","properties":{"nama":"Alfamart","sumber":"best:google"},"geometry":{"type":"Point","coordinates":[110.481777,-6.968935]}},{"type":"Feature","properties":{"nama":"Alfamart Wonosari Semarang","sumber":"best:google"},"geometry":{"type":"Point","coordinates":[110.319822,-6.975851]}},{"type":"Feature","properties":{"nama":"ALFAMART Rejosari smg","sumber":"best:google"},"geometry":{"type":"Point","coordinates":[110.436698,-6.981195]}},{"type":"Feature","properties":{"nama":"Alfamart","sumber":"best:google"},"geometry":{"type":"Point","coordinates":[110.421738,-7.070125]}},{"type":"Feature","properties":{"nama":"Alfamart Pamularsih 71","sumber":"best:google"},"geometry":{"type":"Point","coordinates":[110.391922,-6.987567]}},{"type":"Feature","properties":{"nama":"Takoyaki Monica \"Alfamart Badak V\"","sumber":"best:google"},"geometry":{"type":"Point","coordinates":[110.444999,-6.993967]}},{"type":"Feature","properties":{"nama":"Alfamart Tusam","sumber":"best:google"},"geometry":{"type":"Point","coordinates":[110.426647,-7.06918]}},{"type":"Feature","properties":{"nama":"Alfamart","sumber":"best:google"},"geometry":{"type":"Point","coordinates":[110.431175,-6.968357]}},{"type":"Feature","properties":{"nama":"Alfamart Jatimulyo","sumber":"best:google"},"geometry":{"type":"Point","coordinates":[110.432262,-7.054945]}},{"type":"Feature","properties":{"nama":"Alfamart Bintoro Raya","sumber":"best:google"},"geometry":{"type":"Point","coordinates":[110.442719,-6.991656]}},{"type":"Feature","properties":{"nama":"Alfamart","sumber":"best:google"},"geometry":{"type":"Point","coordinates":[110.447456,-7.060645]}},{"type":"Feature","properties":{"nama":"Alfamart Kariadi","sumber":"best:google"},"geometry":{"type":"Point","coordinates":[110.410977,-6.994565]}},{"type":"Feature","properties":{"nama":"Alfamart Gatsu Pasadena Kalipancur","sumber":"best:google"},"geometry":{"type":"Point","coordinates":[110.366443,-6.999923]}},{"type":"Feature","properties":{"nama":"Alfamart","sumber":"best:google"},"geometry":{"type":"Point","coordinates":[110.366762,-6.986503]}},{"type":"Feature","properties":{"nama":"Alfamart","sumber":"best:google"},"geometry":{"type":"Point","coordinates":[110.404077,-6.989283]}},{"type":"Feature","properties":{"nama":"Alfamart Sompok","sumber":"best:google"},"geometry":{"type":"Point","coordinates":[110.440429,-7.003006]}},{"type":"Feature","properties":{"nama":"Alfamart","sumber":"best:google"},"geometry":{"type":"Point","coordinates":[110.4801,-7.02042]}},{"type":"Feature","properties":{"nama":"Alfamart Hayam Wuruk","sumber":"best:google"},"geometry":{"type":"Point","coordinates":[110.426566,-6.996491]}},{"type":"Feature","properties":{"nama":"Alfamart","sumber":"best:google"},"geometry":{"type":"Point","coordinates":[110.40633,-6.978712]}},{"type":"Feature","properties":{"nama":"Alfamart","sumber":"best:google"},"geometry":{"type":"Point","coordinates":[110.448166,-6.974155]}},{"type":"Feature","properties":{"nama":"Alfamart","sumber":"best:google"},"geometry":{"type":"Point","coordinates":[110.460223,-6.990012]}},{"type":"Feature","properties":{"nama":"Alfamart Beringin Raya 205 Baru","sumber":"best:google"},"geometry":{"type":"Point","coordinates":[110.326054,-6.992181]}},{"type":"Feature","properties":{"nama":"Alfamart","sumber":"best:google"},"geometry":{"type":"Point","coordinates":[110.457662,-7.006573]}},{"type":"Feature","properties":{"nama":"Alfamart","sumber":"best:google"},"geometry":{"type":"Point","coordinates":[110.37422,-7.02237]}},{"type":"Feature","properties":{"nama":"Alfamart","sumber":"best:google"},"geometry":{"type":"Point","coordinates":[110.440878,-7.065056]}},{"type":"Feature","properties":{"nama":"Alfamart","sumber":"best:google"},"geometry":{"type":"Point","coordinates":[110.454071,-6.97797]}},{"type":"Feature","properties":{"nama":"Alfamart","sumber":"best:google"},"geometry":{"type":"Point","coordinates":[110.420678,-7.07319]}},{"type":"Feature","properties":{"nama":"Alfamart","sumber":"best:google"},"geometry":{"type":"Point","coordinates":[110.422788,-6.97665]}},{"type":"Feature","properties":{"nama":"Alfamart","sumber":"best:google"},"geometry":{"type":"Point","coordinates":[110.442396,-7.007871]}},{"type":"Feature","properties":{"nama":"Alfamart Cemara Raya","sumber":"best:google"},"geometry":{"type":"Point","coordinates":[110.422469,-7.073162]}},{"type":"Feature","properties":{"nama":"Alfamart","sumber":"best:google"},"geometry":{"type":"Point","coordinates":[110.426857,-6.988412]}},{"type":"Feature","properties":{"nama":"Alfamart Lamongan Raya","sumber":"best:google"},"geometry":{"type":"Point","coordinates":[110.394285,-7.014848]}},{"type":"Feature","properties":{"nama":"Alfamart Dawung (Hd64)","sumber":"best:google"},"geometry":{"type":"Point","coordinates":[110.34519,-7.029069]}},{"type":"Feature","properties":{"nama":"Alfamart Suharso Raya","sumber":"best:google"},"geometry":{"type":"Point","coordinates":[110.470595,-7.04875]}},{"type":"Feature","properties":{"nama":"Alfamart manyaran","sumber":"best:google"},"geometry":{"type":"Point","coordinates":[110.381637,-7.003453]}},{"type":"Feature","properties":{"nama":"Alfamart Sambirejo Semarang (HA15)","sumber":"best:google"},"geometry":{"type":"Point","coordinates":[110.448934,-6.980973]}},{"type":"Feature","properties":{"nama":"Alfamart","sumber":"best:google"},"geometry":{"type":"Point","coordinates":[110.435401,-7.057185]}},{"type":"Feature","properties":{"nama":"Alfamart","sumber":"best:google"},"geometry":{"type":"Point","coordinates":[110.435837,-6.971628]}},{"type":"Feature","properties":{"nama":"Alfamart","sumber":"best:google"},"geometry":{"type":"Point","coordinates":[110.448506,-6.985112]}},{"type":"Feature","properties":{"nama":"Alfamart","sumber":"best:google"},"geometry":{"type":"Point","coordinates":[110.4081,-6.95898]}},{"type":"Feature","properties":{"nama":"Alfamart (Sambiroto)","sumber":"best:google"},"geometry":{"type":"Point","coordinates":[110.460702,-7.025522]}},{"type":"Feature","properties":{"nama":"Alfamart","sumber":"best:google"},"geometry":{"type":"Point","coordinates":[110.446258,-6.99474]}},{"type":"Feature","properties":{"nama":"Alfamart","sumber":"best:google"},"geometry":{"type":"Point","coordinates":[110.377257,-6.991497]}},{"type":"Feature","properties":{"nama":"Alfamart Penggaron","sumber":"best:google"},"geometry":{"type":"Point","coordinates":[110.48625,-7.016327]}},{"type":"Feature","properties":{"nama":"Alfamart Wismasari Selatan","sumber":"best:google"},"geometry":{"type":"Point","coordinates":[110.348929,-7.000974]}},{"type":"Feature","properties":{"nama":"Alfamart Burangrang Permata Jangli","sumber":"best:google"},"geometry":{"type":"Point","coordinates":[110.437335,-7.037744]}},{"type":"Feature","properties":{"nama":"Alfamart Setumbu","sumber":"best:google"},"geometry":{"type":"Point","coordinates":[110.339901,-7.037516]}},{"type":"Feature","properties":{"nama":"Alfamart Ivy Park BSB","sumber":"best:google"},"geometry":{"type":"Point","coordinates":[110.332597,-7.026492]}},{"type":"Feature","properties":{"nama":"Alfamart Sekaran RAYA","sumber":"best:google"},"geometry":{"type":"Point","coordinates":[110.395257,-7.056957]}},{"type":"Feature","properties":{"nama":"Alfamart","sumber":"best:google"},"geometry":{"type":"Point","coordinates":[110.41829,-7.06795]}},{"type":"Feature","properties":{"nama":"Alfamart","sumber":"best:google"},"geometry":{"type":"Point","coordinates":[110.374291,-7.008401]}},{"type":"Feature","properties":{"nama":"Alfamart Tembalang Selatan","sumber":"best:google"},"geometry":{"type":"Point","coordinates":[110.433528,-7.057801]}},{"type":"Feature","properties":{"nama":"ALFAMART RUKO FOREST HILL","sumber":"best:google"},"geometry":{"type":"Point","coordinates":[110.320474,-7.021156]}},{"type":"Feature","properties":{"nama":"Alfamart","sumber":"best:google"},"geometry":{"type":"Point","coordinates":[110.43993,-7.01036]}},{"type":"Feature","properties":{"nama":"Alfamart","sumber":"best:google"},"geometry":{"type":"Point","coordinates":[110.435272,-6.979709]}},{"type":"Feature","properties":{"nama":"Alfamart","sumber":"best:google"},"geometry":{"type":"Point","coordinates":[110.41957,-7.069694]}},{"type":"Feature","properties":{"nama":"Alfamart","sumber":"best:google"},"geometry":{"type":"Point","coordinates":[110.406393,-6.966635]}},{"type":"Feature","properties":{"nama":"Alfamart Tlogo Jatibarang","sumber":"best:google"},"geometry":{"type":"Point","coordinates":[110.33509,-7.06548]}},{"type":"Feature","properties":{"nama":"Alfamart Banjarsari","sumber":"best:google"},"geometry":{"type":"Point","coordinates":[110.437324,-7.059117]}},{"type":"Feature","properties":{"nama":"Alfamart Taman Siswa Semarang","sumber":"best:google"},"geometry":{"type":"Point","coordinates":[110.394636,-7.05521]}},{"type":"Feature","properties":{"nama":"Alfamart The Emerald Green","sumber":"best:google"},"geometry":{"type":"Point","coordinates":[110.327497,-7.043949]}},{"type":"Feature","properties":{"nama":"Alfamart Brumbungan","sumber":"best:google"},"geometry":{"type":"Point","coordinates":[110.426458,-6.983369]}},{"type":"Feature","properties":{"nama":"Alfamart","sumber":"best:google"},"geometry":{"type":"Point","coordinates":[110.437069,-6.994612]}},{"type":"Feature","properties":{"nama":"Alfamart Kedungpane","sumber":"best:google"},"geometry":{"type":"Point","coordinates":[110.3367,-7.020964]}},{"type":"Feature","properties":{"nama":"Alfamart","sumber":"best:google"},"geometry":{"type":"Point","coordinates":[110.456076,-6.999534]}},{"type":"Feature","properties":{"nama":"Alfamart","sumber":"best:google"},"geometry":{"type":"Point","coordinates":[110.39835,-6.994474]}},{"type":"Feature","properties":{"nama":"Alfamart","sumber":"best:google"},"geometry":{"type":"Point","coordinates":[110.459315,-6.985589]}},{"type":"Feature","properties":{"nama":"Alfamart Gondoriyo","sumber":"best:google"},"geometry":{"type":"Point","coordinates":[110.318539,-7.004238]}},{"type":"Feature","properties":{"nama":"Alfamart Banowati","sumber":"best:google"},"geometry":{"type":"Point","coordinates":[110.405514,-6.972624]}},{"type":"Feature","properties":{"nama":"Alfamart","sumber":"best:google"},"geometry":{"type":"Point","coordinates":[110.368806,-6.983325]}},{"type":"Feature","properties":{"nama":"Alfamart","sumber":"best:google"},"geometry":{"type":"Point","coordinates":[110.335642,-7.059042]}},{"type":"Feature","properties":{"nama":"Alfamart Mangkang Kulon","sumber":"best:google"},"geometry":{"type":"Point","coordinates":[110.295537,-6.972269]}},{"type":"Feature","properties":{"nama":"Alfamart","sumber":"best:google"},"geometry":{"type":"Point","coordinates":[110.421352,-7.015459]}},{"type":"Feature","properties":{"nama":"Alfamart KIC Candi Semarang","sumber":"best:google"},"geometry":{"type":"Point","coordinates":[110.358378,-6.999171]}},{"type":"Feature","properties":{"nama":"Alfamart Kramas","sumber":"best:google"},"geometry":{"type":"Point","coordinates":[110.438409,-7.07019]}},{"type":"Feature","properties":{"nama":"Alfamart Woltermonginsidi 3","sumber":"best:google"},"geometry":{"type":"Point","coordinates":[110.480118,-6.978638]}},{"type":"Feature","properties":{"nama":"Alfamart","sumber":"best:google"},"geometry":{"type":"Point","coordinates":[110.395545,-6.981701]}},{"type":"Feature","properties":{"nama":"Alfamart","sumber":"best:google"},"geometry":{"type":"Point","coordinates":[110.458882,-7.029212]}},{"type":"Feature","properties":{"nama":"ALFAMART SIDODADI MIJEN SMG HC88","sumber":"best:google"},"geometry":{"type":"Point","coordinates":[110.327521,-7.051915]}},{"type":"Feature","properties":{"nama":"Alfamart","sumber":"best:google"},"geometry":{"type":"Point","coordinates":[110.389526,-6.98856]}},{"type":"Feature","properties":{"nama":"ALFAMART BRIGHT CANGKIRAN","sumber":"best:google"},"geometry":{"type":"Point","coordinates":[110.310321,-7.08454]}},{"type":"Feature","properties":{"nama":"Alfamart TULUS HARAPAN","sumber":"best:google"},"geometry":{"type":"Point","coordinates":[110.469549,-7.035801]}},{"type":"Feature","properties":{"nama":"Alfamart Gendingan Tirtoagung","sumber":"best:google"},"geometry":{"type":"Point","coordinates":[110.426514,-7.06278]}},{"type":"Feature","properties":{"nama":"ALFAMART KALIGETAS","sumber":"best:google"},"geometry":{"type":"Point","coordinates":[110.334726,-7.067421]}},{"type":"Feature","properties":{"nama":"Alfamart Tambangan Baru","sumber":"best:google"},"geometry":{"type":"Point","coordinates":[110.313159,-7.088865]}},{"type":"Feature","properties":{"nama":"Alfamart","sumber":"best:google"},"geometry":{"type":"Point","coordinates":[110.427601,-7.027208]}},{"type":"Feature","properties":{"nama":"Alfamart","sumber":"best:google"},"geometry":{"type":"Point","coordinates":[110.380302,-6.98786]}},{"type":"Feature","properties":{"nama":"Alfamart","sumber":"best:google"},"geometry":{"type":"Point","coordinates":[110.45377,-7.00523]}},{"type":"Feature","properties":{"nama":"Alfamart","sumber":"best:google"},"geometry":{"type":"Point","coordinates":[110.313628,-6.97262]}},{"type":"Feature","properties":{"nama":"Alfamart Gajah Raya Baru","sumber":"best:google"},"geometry":{"type":"Point","coordinates":[110.447726,-6.990746]}},{"type":"Feature","properties":{"nama":"alfamart","sumber":"best:google"},"geometry":{"type":"Point","coordinates":[110.447076,-6.973204]}},{"type":"Feature","properties":{"nama":"Alfamart","sumber":"best:google"},"geometry":{"type":"Point","coordinates":[110.427327,-7.006995]}},{"type":"Feature","properties":{"nama":"Alfamart","sumber":"best:google"},"geometry":{"type":"Point","coordinates":[110.424872,-6.981755]}},{"type":"Feature","properties":{"nama":"Alfamart","sumber":"best:google"},"geometry":{"type":"Point","coordinates":[110.463237,-6.996776]}},{"type":"Feature","properties":{"nama":"Alfamart Abimanyu","sumber":"best:google"},"geometry":{"type":"Point","coordinates":[110.41039,-6.977824]}},{"type":"Feature","properties":{"nama":"Alfamart","sumber":"best:google"},"geometry":{"type":"Point","coordinates":[110.32538,-6.97583]}},{"type":"Feature","properties":{"nama":"Alfamart Nakula","sumber":"best:google"},"geometry":{"type":"Point","coordinates":[110.409186,-6.982069]}},{"type":"Feature","properties":{"nama":"Alfamart jatiraya 2 H389","sumber":"best:google"},"geometry":{"type":"Point","coordinates":[110.419017,-7.069634]}},{"type":"Feature","properties":{"nama":"Alfamart Beringin Raya","sumber":"best:google"},"geometry":{"type":"Point","coordinates":[110.325892,-7.009687]}},{"type":"Feature","properties":{"nama":"Alfamart Patemon Semarang","sumber":"best:google"},"geometry":{"type":"Point","coordinates":[110.396073,-7.064253]}},{"type":"Feature","properties":{"nama":"Alfamart Banjarsari Selatan Semarang","sumber":"best:google"},"geometry":{"type":"Point","coordinates":[110.435985,-7.06306]}},{"type":"Feature","properties":{"nama":"Alfamart","sumber":"best:google"},"geometry":{"type":"Point","coordinates":[110.335343,-6.996397]}},{"type":"Feature","properties":{"nama":"Alfamart H278 Genuk Indah Semarang","sumber":"best:google"},"geometry":{"type":"Point","coordinates":[110.465982,-6.964873]}},{"type":"Feature","properties":{"nama":"Alfamart Kedungpane Raya","sumber":"best:google"},"geometry":{"type":"Point","coordinates":[110.337219,-7.042002]}},{"type":"Feature","properties":{"nama":"Alfamart","sumber":"best:google"},"geometry":{"type":"Point","coordinates":[110.425686,-7.000644]}},{"type":"Feature","properties":{"nama":"Alfamart","sumber":"best:google"},"geometry":{"type":"Point","coordinates":[110.40874,-7.029235]}},{"type":"Feature","properties":{"nama":"Alfamart","sumber":"best:google"},"geometry":{"type":"Point","coordinates":[110.473268,-7.016997]}},{"type":"Feature","properties":{"nama":"Alfamart Karangrejo Banyumanik","sumber":"best:google"},"geometry":{"type":"Point","coordinates":[110.411386,-7.0732]}},{"type":"Feature","properties":{"nama":"Alfamart Soekarno Hatta Baru","sumber":"best:google"},"geometry":{"type":"Point","coordinates":[110.469093,-7.003801]}},{"type":"Feature","properties":{"nama":"Alfamart","sumber":"best:google"},"geometry":{"type":"Point","coordinates":[110.379136,-6.985976]}},{"type":"Feature","properties":{"nama":"Alfamart Banjarsari Baru","sumber":"best:google"},"geometry":{"type":"Point","coordinates":[110.440084,-7.059967]}},{"type":"Feature","properties":{"nama":"Alfamart Mangkang Raya","sumber":"best:google"},"geometry":{"type":"Point","coordinates":[110.298129,-6.973619]}},{"type":"Feature","properties":{"nama":"Alfamart Citarum Raya 2","sumber":"best:google"},"geometry":{"type":"Point","coordinates":[110.437622,-6.969805]}},{"type":"Feature","properties":{"nama":"Alfamart Ngrembel","sumber":"best:google"},"geometry":{"type":"Point","coordinates":[110.360653,-7.081427]}},{"type":"Feature","properties":{"nama":"Alfamart","sumber":"best:google"},"geometry":{"type":"Point","coordinates":[110.387566,-7.078672]}},{"type":"Feature","properties":{"nama":"Alfamart","sumber":"best:google"},"geometry":{"type":"Point","coordinates":[110.365465,-6.987959]}},{"type":"Feature","properties":{"nama":"Alfamart","sumber":"best:google"},"geometry":{"type":"Point","coordinates":[110.443864,-7.003847]}},{"type":"Feature","properties":{"nama":"ALFAMART JATISATI BARU MIJEN","sumber":"best:google"},"geometry":{"type":"Point","coordinates":[110.305564,-7.057629]}},{"type":"Feature","properties":{"nama":"Alfamart tlogomulyo raya","sumber":"best:google"},"geometry":{"type":"Point","coordinates":[110.481571,-6.999004]}},{"type":"Feature","properties":{"nama":"Alfamart","sumber":"best:google"},"geometry":{"type":"Point","coordinates":[110.314522,-7.051289]}},{"type":"Feature","properties":{"nama":"Alfamart","sumber":"best:google"},"geometry":{"type":"Point","coordinates":[110.33492,-7.028177]}},{"type":"Feature","properties":{"nama":"Alfamart Bangetayu Kulon","sumber":"best:google"},"geometry":{"type":"Point","coordinates":[110.463538,-6.973177]}},{"type":"Feature","properties":{"nama":"Alfamart Mulawarman Selatan","sumber":"best:google"},"geometry":{"type":"Point","coordinates":[110.441993,-7.07231]}},{"type":"Feature","properties":{"nama":"Alfamart Meteseh","sumber":"best:google"},"geometry":{"type":"Point","coordinates":[110.464375,-7.057013]}},{"type":"Feature","properties":{"nama":"Alfamart Puri Anjasmoro","sumber":"best:google"},"geometry":{"type":"Point","coordinates":[110.39049,-6.975679]}},{"type":"Feature","properties":{"nama":"ALFAMART WIDURI SEMARANG","sumber":"best:google"},"geometry":{"type":"Point","coordinates":[110.469267,-6.969955]}},{"type":"Feature","properties":{"nama":"Alfamart Puspogiwang","sumber":"best:google"},"geometry":{"type":"Point","coordinates":[110.390028,-6.986098]}},{"type":"Feature","properties":{"nama":"Alfamart","sumber":"best:google"},"geometry":{"type":"Point","coordinates":[110.415291,-6.978396]}},{"type":"Feature","properties":{"nama":"Alfamart","sumber":"best:google"},"geometry":{"type":"Point","coordinates":[110.469452,-7.021989]}},{"type":"Feature","properties":{"nama":"Alfamart Ketileng Indah Raya","sumber":"best:google"},"geometry":{"type":"Point","coordinates":[110.471873,-7.034165]}},{"type":"Feature","properties":{"nama":"ALFAMART TLOGOSARI BARU","sumber":"best:google"},"geometry":{"type":"Point","coordinates":[110.46094,-6.977929]}},{"type":"Feature","properties":{"nama":"Alfamart Sriwijaya Raya","sumber":"best:google"},"geometry":{"type":"Point","coordinates":[110.423424,-7.000649]}},{"type":"Feature","properties":{"nama":"Alfamart","sumber":"best:google"},"geometry":{"type":"Point","coordinates":[110.421159,-7.04455]}},{"type":"Feature","properties":{"nama":"Alfamart","sumber":"best:google"},"geometry":{"type":"Point","coordinates":[110.489891,-6.972272]}},{"type":"Feature","properties":{"nama":"Alfamart Peleburan HB98","sumber":"best:google"},"geometry":{"type":"Point","coordinates":[110.424629,-6.997589]}},{"type":"Feature","properties":{"nama":"Alfamart S Parman","sumber":"best:google"},"geometry":{"type":"Point","coordinates":[110.406589,-7.000235]}},{"type":"Feature","properties":{"nama":"Alfamart","sumber":"best:google"},"geometry":{"type":"Point","coordinates":[110.429436,-6.989844]}},{"type":"Feature","properties":{"nama":"Alfamart","sumber":"best:google"},"geometry":{"type":"Point","coordinates":[110.391732,-6.981688]}},{"type":"Feature","properties":{"nama":"Alfamart Prof. Soedarto Semarang","sumber":"best:google"},"geometry":{"type":"Point","coordinates":[110.43875,-7.056073]}},{"type":"Feature","properties":{"nama":"Alfamart","sumber":"best:google"},"geometry":{"type":"Point","coordinates":[110.399466,-7.003426]}},{"type":"Feature","properties":{"nama":"Alfamart","sumber":"best:google"},"geometry":{"type":"Point","coordinates":[110.488735,-6.948821]}},{"type":"Feature","properties":{"nama":"Alfamart","sumber":"best:google"},"geometry":{"type":"Point","coordinates":[110.469045,-6.955905]}},{"type":"Feature","properties":{"nama":"Alfa Express by Alfamart UNNES","sumber":"best:google"},"geometry":{"type":"Point","coordinates":[110.394337,-7.048786]}},{"type":"Feature","properties":{"nama":"Alfamart","sumber":"best:google"},"geometry":{"type":"Point","coordinates":[110.43086,-7.073735]}},{"type":"Feature","properties":{"nama":"Alfamart DR Wahidin","sumber":"best:google"},"geometry":{"type":"Point","coordinates":[110.424265,-7.020528]}},{"type":"Feature","properties":{"nama":"Alfamart","sumber":"best:google"},"geometry":{"type":"Point","coordinates":[110.397695,-6.986717]}},{"type":"Feature","properties":{"nama":"Alfamart","sumber":"best:master"},"geometry":{"type":"Point","coordinates":[110.399465,-6.99241]}},{"type":"Feature","properties":{"nama":"Alfamart","sumber":"best:master"},"geometry":{"type":"Point","coordinates":[110.420219,-6.982497]}},{"type":"Feature","properties":{"nama":"Alfamart","sumber":"best:master"},"geometry":{"type":"Point","coordinates":[110.429596,-6.993215]}},{"type":"Feature","properties":{"nama":"Alfamart","sumber":"best:master"},"geometry":{"type":"Point","coordinates":[110.425903,-6.971427]}},{"type":"Feature","properties":{"nama":"Alfamart WR Supratman","sumber":"best:master"},"geometry":{"type":"Point","coordinates":[110.385048,-6.990753]}},{"type":"Feature","properties":{"nama":"Indomaret","sumber":"best:master"},"geometry":{"type":"Point","coordinates":[110.410831,-7.093826]}},{"type":"Feature","properties":{"nama":"Indomaret","sumber":"best:master"},"geometry":{"type":"Point","coordinates":[110.388207,-6.998737]}},{"type":"Feature","properties":{"nama":"Indomaret","sumber":"best:master"},"geometry":{"type":"Point","coordinates":[110.403462,-6.99056]}},{"type":"Feature","properties":{"nama":"Indomaret","sumber":"best:master"},"geometry":{"type":"Point","coordinates":[110.396721,-7.000215]}},{"type":"Feature","properties":{"nama":"Indomaret","sumber":"best:master"},"geometry":{"type":"Point","coordinates":[110.383408,-7.021121]}},{"type":"Feature","properties":{"nama":"Alfamart","sumber":"best:master"},"geometry":{"type":"Point","coordinates":[110.424358,-7.070556]}},{"type":"Feature","properties":{"nama":"Alfamart","sumber":"best:master"},"geometry":{"type":"Point","coordinates":[110.41894,-6.975418]}},{"type":"Feature","properties":{"nama":"Indomaret","sumber":"best:master"},"geometry":{"type":"Point","coordinates":[110.32991,-6.994751]}},{"type":"Feature","properties":{"nama":"Indomaret","sumber":"best:master"},"geometry":{"type":"Point","coordinates":[110.316376,-7.100555]}},{"type":"Feature","properties":{"nama":"Indomaret A. Yani","sumber":"best:master"},"geometry":{"type":"Point","coordinates":[110.431099,-6.993933]}},{"type":"Feature","properties":{"nama":"ALFAMART  Jl Citarum Semarang Jawa Tengah","sumber":"best:master"},"geometry":{"type":"Point","coordinates":[110.453133,-6.985064]}},{"type":"Feature","properties":{"nama":"Alfamart","sumber":"best:master"},"geometry":{"type":"Point","coordinates":[110.47573,-7.059347]}},{"type":"Feature","properties":{"nama":"Alfamart","sumber":"best:master"},"geometry":{"type":"Point","coordinates":[110.387627,-6.987728]}},{"type":"Feature","properties":{"nama":"Indomaret","sumber":"best:master"},"geometry":{"type":"Point","coordinates":[110.374908,-7.018765]}},{"type":"Feature","properties":{"nama":"Indomaret","sumber":"best:master"},"geometry":{"type":"Point","coordinates":[110.437126,-6.994199]}},{"type":"Feature","properties":{"nama":"Misterburger Indomaret Dewi Sartika","sumber":"best:master"},"geometry":{"type":"Point","coordinates":[110.381401,-7.021151]}},{"type":"Feature","properties":{"nama":"Alfamart","sumber":"best:master"},"geometry":{"type":"Point","coordinates":[110.422691,-6.982555]}},{"type":"Feature","properties":{"nama":"Alfamart","sumber":"best:master"},"geometry":{"type":"Point","coordinates":[110.415939,-6.98373]}},{"type":"Feature","properties":{"nama":"Alfamart","sumber":"best:master"},"geometry":{"type":"Point","coordinates":[110.387576,-7.007959]}},{"type":"Feature","properties":{"nama":"Alfamart Cangkiran Smg","sumber":"best:master"},"geometry":{"type":"Point","coordinates":[110.305588,-7.097591]}},{"type":"Feature","properties":{"nama":"Alfamart Kaligawe","sumber":"best:master"},"geometry":{"type":"Point","coordinates":[110.429352,-7.052829]}},{"type":"Feature","properties":{"nama":"Indomaret","sumber":"best:master"},"geometry":{"type":"Point","coordinates":[110.43532,-7.05868]}},{"type":"Feature","properties":{"nama":"Indomaret","sumber":"best:master"},"geometry":{"type":"Point","coordinates":[110.309979,-7.071276]}},{"type":"Feature","properties":{"nama":"Indomaret","sumber":"best:master"},"geometry":{"type":"Point","coordinates":[110.434837,-6.96522]}},{"type":"Feature","properties":{"nama":"Alfamart","sumber":"best:master"},"geometry":{"type":"Point","coordinates":[110.428818,-7.028623]}},{"type":"Feature","properties":{"nama":"Indomaret","sumber":"best:master"},"geometry":{"type":"Point","coordinates":[110.413873,-6.973803]}},{"type":"Feature","properties":{"nama":"Indomaret","sumber":"best:master"},"geometry":{"type":"Point","coordinates":[110.460515,-7.057456]}},{"type":"Feature","properties":{"nama":"PT.ALFAMART. Mangkang,Semarang","sumber":"best:master"},"geometry":{"type":"Point","coordinates":[110.325027,-6.974393]}},{"type":"Feature","properties":{"nama":"ALFAMART Tlogosari Kulon","sumber":"best:master"},"geometry":{"type":"Point","coordinates":[110.454636,-6.984789]}},{"type":"Feature","properties":{"nama":"Alfamart","sumber":"best:master"},"geometry":{"type":"Point","coordinates":[110.382011,-6.990147]}},{"type":"Feature","properties":{"nama":"Indomaret","sumber":"best:master"},"geometry":{"type":"Point","coordinates":[110.417877,-7.003586]}},{"type":"Feature","properties":{"nama":"Indomaret","sumber":"best:master"},"geometry":{"type":"Point","coordinates":[110.397169,-6.98091]}},{"type":"Feature","properties":{"nama":"Alfamart","sumber":"best:master"},"geometry":{"type":"Point","coordinates":[110.405725,-6.973718]}},{"type":"Feature","properties":{"nama":"Alfamart","sumber":"best:master"},"geometry":{"type":"Point","coordinates":[110.420418,-7.047893]}},{"type":"Feature","properties":{"nama":"Alfamart","sumber":"best:master"},"geometry":{"type":"Point","coordinates":[110.417645,-7.091223]}},{"type":"Feature","properties":{"nama":"Alfamart","sumber":"best:master"},"geometry":{"type":"Point","coordinates":[110.428068,-7.020829]}},{"type":"Feature","properties":{"nama":"Alfamart","sumber":"best:master"},"geometry":{"type":"Point","coordinates":[110.392685,-7.012902]}},{"type":"Feature","properties":{"nama":"Indomaret","sumber":"best:master"},"geometry":{"type":"Point","coordinates":[110.462151,-6.955564]}},{"type":"Feature","properties":{"nama":"Alfamart","sumber":"best:master"},"geometry":{"type":"Point","coordinates":[110.411504,-7.071555]}},{"type":"Feature","properties":{"nama":"Alfamart","sumber":"best:master"},"geometry":{"type":"Point","coordinates":[110.411613,-6.97012]}},{"type":"Feature","properties":{"nama":"Alfamart","sumber":"best:master"},"geometry":{"type":"Point","coordinates":[110.420021,-6.967878]}},{"type":"Feature","properties":{"nama":"Alfamart Gunung Pati","sumber":"best:master"},"geometry":{"type":"Point","coordinates":[110.381866,-7.030338]}},{"type":"Feature","properties":{"nama":"Alfamart Sompok Smg","sumber":"best:master"},"geometry":{"type":"Point","coordinates":[110.441528,-7.00528]}},{"type":"Feature","properties":{"nama":"Indomaret","sumber":"best:master"},"geometry":{"type":"Point","coordinates":[110.479965,-6.979316]}},{"type":"Feature","properties":{"nama":"Indomaret","sumber":"best:master"},"geometry":{"type":"Point","coordinates":[110.424995,-7.04858]}},{"type":"Feature","properties":{"nama":"Indomaret","sumber":"best:master"},"geometry":{"type":"Point","coordinates":[110.328102,-6.98998]}},{"type":"Feature","properties":{"nama":"Indomaret Gajah Semarang","sumber":"best:master"},"geometry":{"type":"Point","coordinates":[110.463112,-7.015049]}},{"type":"Feature","properties":{"nama":"Indomaret Moch. Suyudi","sumber":"best:master"},"geometry":{"type":"Point","coordinates":[110.420387,-6.982723]}},{"type":"Feature","properties":{"nama":"Indomaret Point Pamularsih","sumber":"best:master"},"geometry":{"type":"Point","coordinates":[110.392136,-6.987934]}},{"type":"Feature","properties":{"nama":"Alfamart","sumber":"best:master"},"geometry":{"type":"Point","coordinates":[110.438164,-7.004989]}},{"type":"Feature","properties":{"nama":"Indomaret","sumber":"best:master"},"geometry":{"type":"Point","coordinates":[110.42828,-6.97939]}},{"type":"Feature","properties":{"nama":"Indomaret","sumber":"best:master"},"geometry":{"type":"Point","coordinates":[110.442085,-7.059003]}},{"type":"Feature","properties":{"nama":"Indomaret","sumber":"best:master"},"geometry":{"type":"Point","coordinates":[110.397887,-6.980176]}},{"type":"Feature","properties":{"nama":"Indomaret","sumber":"best:master"},"geometry":{"type":"Point","coordinates":[110.418001,-7.029272]}},{"type":"Feature","properties":{"nama":"Indomaret","sumber":"best:master"},"geometry":{"type":"Point","coordinates":[110.466263,-6.962727]}},{"type":"Feature","properties":{"nama":"Indomaret","sumber":"best:master"},"geometry":{"type":"Point","coordinates":[110.347588,-6.994483]}},{"type":"Feature","properties":{"nama":"Indomaret","sumber":"best:master"},"geometry":{"type":"Point","coordinates":[110.443794,-6.99526]}},{"type":"Feature","properties":{"nama":"Alfamart","sumber":"best:master"},"geometry":{"type":"Point","coordinates":[110.475647,-6.982433]}},{"type":"Feature","properties":{"nama":"Alfamart","sumber":"best:master"},"geometry":{"type":"Point","coordinates":[110.412178,-6.976891]}},{"type":"Feature","properties":{"nama":"Alfamart","sumber":"best:master"},"geometry":{"type":"Point","coordinates":[110.425682,-7.003325]}},{"type":"Feature","properties":{"nama":"Alfamart","sumber":"best:master"},"geometry":{"type":"Point","coordinates":[110.319335,-7.091304]}},{"type":"Feature","properties":{"nama":"Alfamart","sumber":"best:master"},"geometry":{"type":"Point","coordinates":[110.428807,-6.97032]}},{"type":"Feature","properties":{"nama":"Indomaret","sumber":"best:master"},"geometry":{"type":"Point","coordinates":[110.379639,-6.994411]}},{"type":"Feature","properties":{"nama":"Indomaret","sumber":"best:master"},"geometry":{"type":"Point","coordinates":[110.430088,-7.066558]}},{"type":"Feature","properties":{"nama":"Indomaret","sumber":"best:master"},"geometry":{"type":"Point","coordinates":[110.479378,-6.957418]}},{"type":"Feature","properties":{"nama":"Alfamart","sumber":"best:master"},"geometry":{"type":"Point","coordinates":[110.409721,-7.093315]}},{"type":"Feature","properties":{"nama":"Alfamart","sumber":"best:master"},"geometry":{"type":"Point","coordinates":[110.473251,-7.037521]}},{"type":"Feature","properties":{"nama":"Indomaret Jl.Brigjend Sudiarto","sumber":"best:master"},"geometry":{"type":"Point","coordinates":[110.499527,-7.018758]}},{"type":"Feature","properties":{"nama":"Alfamart","sumber":"best:master"},"geometry":{"type":"Point","coordinates":[110.430464,-7.054622]}},{"type":"Feature","properties":{"nama":"Alfamart","sumber":"best:master"},"geometry":{"type":"Point","coordinates":[110.462265,-7.060541]}},{"type":"Feature","properties":{"nama":"Alfamart","sumber":"best:master"},"geometry":{"type":"Point","coordinates":[110.30983,-7.070919]}},{"type":"Feature","properties":{"nama":"Alfamart H385 Supriyadi","sumber":"best:master"},"geometry":{"type":"Point","coordinates":[110.455978,-6.998494]}},{"type":"Feature","properties":{"nama":"Alfamart Karang Ingas","sumber":"best:master"},"geometry":{"type":"Point","coordinates":[110.453621,-6.971859]}},{"type":"Feature","properties":{"nama":"Indomaret","sumber":"best:master"},"geometry":{"type":"Point","coordinates":[110.429879,-6.967551]}},{"type":"Feature","properties":{"nama":"Indomaret","sumber":"best:master"},"geometry":{"type":"Point","coordinates":[110.465561,-6.997793]}},{"type":"Feature","properties":{"nama":"Indomaret","sumber":"best:master"},"geometry":{"type":"Point","coordinates":[110.414764,-7.029295]}},{"type":"Feature","properties":{"nama":"Indomaret","sumber":"best:master"},"geometry":{"type":"Point","coordinates":[110.431625,-7.007258]}},{"type":"Feature","properties":{"nama":"Indomaret","sumber":"best:master"},"geometry":{"type":"Point","coordinates":[110.470108,-6.955435]}},{"type":"Feature","properties":{"nama":"Alfamart","sumber":"best:master"},"geometry":{"type":"Point","coordinates":[110.402859,-6.974683]}},{"type":"Feature","properties":{"nama":"Alfamart","sumber":"best:master"},"geometry":{"type":"Point","coordinates":[110.458458,-7.032584]}},{"type":"Feature","properties":{"nama":"Alfamart","sumber":"best:master"},"geometry":{"type":"Point","coordinates":[110.442207,-6.994393]}},{"type":"Feature","properties":{"nama":"Alfamart","sumber":"best:master"},"geometry":{"type":"Point","coordinates":[110.316002,-7.054191]}},{"type":"Feature","properties":{"nama":"Indomaret","sumber":"best:master"},"geometry":{"type":"Point","coordinates":[110.456337,-6.99636]}},{"type":"Feature","properties":{"nama":"Indomaret","sumber":"best:master"},"geometry":{"type":"Point","coordinates":[110.465248,-7.020327]}},{"type":"Feature","properties":{"nama":"Indomaret","sumber":"best:master"},"geometry":{"type":"Point","coordinates":[110.459412,-6.985262]}},{"type":"Feature","properties":{"nama":"Indomaret","sumber":"best:master"},"geometry":{"type":"Point","coordinates":[110.488724,-7.020257]}},{"type":"Feature","properties":{"nama":"Indomaret Point RSUP Kariadi","sumber":"best:master"},"geometry":{"type":"Point","coordinates":[110.410423,-6.993821]}},{"type":"Feature","properties":{"nama":"Alfamart","sumber":"best:master"},"geometry":{"type":"Point","coordinates":[110.356834,-6.996914]}},{"type":"Feature","properties":{"nama":"Alfamart","sumber":"best:master"},"geometry":{"type":"Point","coordinates":[110.318855,-6.975281]}},{"type":"Feature","properties":{"nama":"Alfamart","sumber":"best:master"},"geometry":{"type":"Point","coordinates":[110.411993,-6.985799]}},{"type":"Feature","properties":{"nama":"Alfamart","sumber":"best:master"},"geometry":{"type":"Point","coordinates":[110.417999,-7.016029]}},{"type":"Feature","properties":{"nama":"Alfamart","sumber":"best:master"},"geometry":{"type":"Point","coordinates":[110.428215,-6.964278]}},{"type":"Feature","properties":{"nama":"Indomaret","sumber":"best:master"},"geometry":{"type":"Point","coordinates":[110.432884,-6.98522]}},{"type":"Feature","properties":{"nama":"Indomaret","sumber":"best:master"},"geometry":{"type":"Point","coordinates":[110.360973,-7.084439]}},{"type":"Feature","properties":{"nama":"Indomaret","sumber":"best:master"},"geometry":{"type":"Point","coordinates":[110.33477,-7.024423]}},{"type":"Feature","properties":{"nama":"Indomaret Woltermonginsidi","sumber":"best:master"},"geometry":{"type":"Point","coordinates":[110.479294,-6.993371]}},{"type":"Feature","properties":{"nama":"Alfamart Tambak Aji","sumber":"best:master"},"geometry":{"type":"Point","coordinates":[110.33609,-6.982837]}},{"type":"Feature","properties":{"nama":"Indomaret","sumber":"best:master"},"geometry":{"type":"Point","coordinates":[110.385933,-6.987415]}},{"type":"Feature","properties":{"nama":"Indomaret","sumber":"best:master"},"geometry":{"type":"Point","coordinates":[110.426727,-6.981062]}},{"type":"Feature","properties":{"nama":"Indomaret","sumber":"best:master"},"geometry":{"type":"Point","coordinates":[110.416374,-6.9868]}},{"type":"Feature","properties":{"nama":"Indomaret","sumber":"best:master"},"geometry":{"type":"Point","coordinates":[110.438218,-7.00952]}},{"type":"Feature","properties":{"nama":"Indomaret","sumber":"best:master"},"geometry":{"type":"Point","coordinates":[110.411041,-6.969456]}},{"type":"Feature","properties":{"nama":"Indomaret","sumber":"best:master"},"geometry":{"type":"Point","coordinates":[110.448372,-6.974362]}},{"type":"Feature","properties":{"nama":"ANTERAH  Jl Gajah Raya Semarang Jawa Tengah","sumber":"overture"},"geometry":{"type":"Point","coordinates":[110.449066,-6.978544]}},{"type":"Feature","properties":{"nama":"Afta Betta Semarang","sumber":"overture"},"geometry":{"type":"Point","coordinates":[110.437073,-6.951388]}},{"type":"Feature","properties":{"nama":"Agusant72","sumber":"overture"},"geometry":{"type":"Point","coordinates":[110.430054,-7.025836]}},{"type":"Feature","properties":{"nama":"Alfa Mart Karangrejo Banyumanik","sumber":"overture"},"geometry":{"type":"Point","coordinates":[110.409988,-7.07684]}},{"type":"Feature","properties":{"nama":"Alfamidi","sumber":"osm"},"geometry":{"type":"Point","coordinates":[110.474417,-7.0376]}},{"type":"Feature","properties":{"nama":"Alfamidi","sumber":"osm"},"geometry":{"type":"Point","coordinates":[110.457813,-7.03724]}},{"type":"Feature","properties":{"nama":"Alfamidi","sumber":"osm"},"geometry":{"type":"Point","coordinates":[110.432612,-7.068294]}},{"type":"Feature","properties":{"nama":"Alfamidi","sumber":"osm"},"geometry":{"type":"Point","coordinates":[110.448266,-6.986695]}},{"type":"Feature","properties":{"nama":"Alfamidi","sumber":"osm"},"geometry":{"type":"Point","coordinates":[110.361121,-7.084787]}},{"type":"Feature","properties":{"nama":"Alfamidi","sumber":"osm"},"geometry":{"type":"Point","coordinates":[110.473323,-6.996129]}},{"type":"Feature","properties":{"nama":"Alfamidi","sumber":"osm"},"geometry":{"type":"Point","coordinates":[110.419012,-7.075209]}},{"type":"Feature","properties":{"nama":"Alfamidi Fatmawati","sumber":"overture"},"geometry":{"type":"Point","coordinates":[110.470772,-7.019666]}},{"type":"Feature","properties":{"nama":"Alfamidi Hasanudin","sumber":"overture"},"geometry":{"type":"Point","coordinates":[110.41127,-6.965125]}},{"type":"Feature","properties":{"nama":"Alfamidi Kedung Mundu","sumber":"overture"},"geometry":{"type":"Point","coordinates":[110.452446,-7.014272]}},{"type":"Feature","properties":{"nama":"Alfamidi Kelud Raya","sumber":"overture"},"geometry":{"type":"Point","coordinates":[110.398712,-7.004065]}},{"type":"Feature","properties":{"nama":"Alfamidi Lamongan","sumber":"overture"},"geometry":{"type":"Point","coordinates":[110.396111,-7.010612]}},{"type":"Feature","properties":{"nama":"Alfamidi Ngesrep","sumber":"osm"},"geometry":{"type":"Point","coordinates":[110.425613,-7.051596]}},{"type":"Feature","properties":{"nama":"Alfamidi S. Parman X JA_Di Coffeeshop","sumber":"overture"},"geometry":{"type":"Point","coordinates":[110.409279,-6.996228]}},{"type":"Feature","properties":{"nama":"Aneka Doos Semarang","sumber":"overture"},"geometry":{"type":"Point","coordinates":[110.448891,-7.012426]}},{"type":"Feature","properties":{"nama":"Aneka Pancing","sumber":"overture"},"geometry":{"type":"Point","coordinates":[110.38694,-6.994431]}},{"type":"Feature","properties":{"nama":"Aneka Selang","sumber":"overture"},"geometry":{"type":"Point","coordinates":[110.441216,-6.960406]}},{"type":"Feature","properties":{"nama":"Anik Mart","sumber":"overture"},"geometry":{"type":"Point","coordinates":[110.428635,-6.980892]}},{"type":"Feature","properties":{"nama":"Anita Cell","sumber":"overture"},"geometry":{"type":"Point","coordinates":[110.372314,-7.001694]}},{"type":"Feature","properties":{"nama":"Anterah Peterongan","sumber":"overture"},"geometry":{"type":"Point","coordinates":[110.432854,-7.003344]}},{"type":"Feature","properties":{"nama":"Antika Jaya Sakti","sumber":"overture"},"geometry":{"type":"Point","coordinates":[110.456581,-7.012098]}},{"type":"Feature","properties":{"nama":"Anugrah tas","sumber":"overture"},"geometry":{"type":"Point","coordinates":[110.478554,-6.963316]}},{"type":"Feature","properties":{"nama":"Ar Rodiyah Mart","sumber":"overture"},"geometry":{"type":"Point","coordinates":[110.457512,-7.034083]}},{"type":"Feature","properties":{"nama":"Areng Kayu Pak Jarwo","sumber":"overture"},"geometry":{"type":"Point","coordinates":[110.471504,-7.015672]}},{"type":"Feature","properties":{"nama":"ArwaMart","sumber":"overture"},"geometry":{"type":"Point","coordinates":[110.495987,-6.975844]}},{"type":"Feature","properties":{"nama":"Azihan Mart","sumber":"overture"},"geometry":{"type":"Point","coordinates":[110.388382,-7.073192]}},{"type":"Feature","properties":{"nama":"Bandar Herbal Semarang","sumber":"overture"},"geometry":{"type":"Point","coordinates":[110.429596,-7.002061]}},{"type":"Feature","properties":{"nama":"Bandeng Juwana","sumber":"osm"},"geometry":{"type":"Point","coordinates":[110.413202,-6.986488]}},{"type":"Feature","properties":{"nama":"Blessing Ollshop","sumber":"overture"},"geometry":{"type":"Point","coordinates":[110.400391,-6.995681]}},{"type":"Feature","properties":{"nama":"Bright Minimarket","sumber":"overture"},"geometry":{"type":"Point","coordinates":[110.421204,-7.01539]}},{"type":"Feature","properties":{"nama":"Cahaya Berkah69","sumber":"overture"},"geometry":{"type":"Point","coordinates":[110.470428,-7.00155]}},{"type":"Feature","properties":{"nama":"Cemara Cell","sumber":"overture"},"geometry":{"type":"Point","coordinates":[110.476128,-7.038743]}},{"type":"Feature","properties":{"nama":"Circle K","sumber":"overture"},"geometry":{"type":"Point","coordinates":[110.411362,-7.073443]}},{"type":"Feature","properties":{"nama":"Citra Mobilindo","sumber":"overture"},"geometry":{"type":"Point","coordinates":[110.455208,-7.003369]}},{"type":"Feature","properties":{"nama":"DEXT Technologies","sumber":"overture"},"geometry":{"type":"Point","coordinates":[110.424522,-6.981764]}},{"type":"Feature","properties":{"nama":"Farmers Market","sumber":"osm"},"geometry":{"type":"Point","coordinates":[110.366451,-6.974926]}},{"type":"Feature","properties":{"nama":"Fastpay Sampangan","sumber":"overture"},"geometry":{"type":"Point","coordinates":[110.395935,-7.015169]}},{"type":"Feature","properties":{"nama":"Foto Copy Imam","sumber":"overture"},"geometry":{"type":"Point","coordinates":[110.363792,-6.983557]}},{"type":"Feature","properties":{"nama":"Golden Taste Minimarket","sumber":"overture"},"geometry":{"type":"Point","coordinates":[110.458549,-6.982812]}},{"type":"Feature","properties":{"nama":"Goory Minimarket","sumber":"overture"},"geometry":{"type":"Point","coordinates":[110.347519,-6.996335]}},{"type":"Feature","properties":{"nama":"Green Mart Semarang","sumber":"overture"},"geometry":{"type":"Point","coordinates":[110.453758,-6.99053]}},{"type":"Feature","properties":{"nama":"Griya Salsabila I Mangunharjo Jl Durenan","sumber":"overture"},"geometry":{"type":"Point","coordinates":[110.466187,-7.048416]}},{"type":"Feature","properties":{"nama":"Griya narica","sumber":"overture"},"geometry":{"type":"Point","coordinates":[110.316422,-7.007197]}},{"type":"Feature","properties":{"nama":"Grosir Pak Saman","sumber":"overture"},"geometry":{"type":"Point","coordinates":[110.329285,-6.987822]}},{"type":"Feature","properties":{"nama":"Gula Jawa Jahe","sumber":"overture"},"geometry":{"type":"Point","coordinates":[110.469872,-7.00262]}},{"type":"Feature","properties":{"nama":"HALAL MART Gisikdrono semarang","sumber":"overture"},"geometry":{"type":"Point","coordinates":[110.386642,-6.997012]}},{"type":"Feature","properties":{"nama":"HNI HPAI Karang Rejo Banyumanik","sumber":"overture"},"geometry":{"type":"Point","coordinates":[110.416542,-7.075019]}},{"type":"Feature","properties":{"nama":"HW Helen's Night Mart Semarang","sumber":"overture"},"geometry":{"type":"Point","coordinates":[110.418365,-7.001385]}},{"type":"Feature","properties":{"nama":"Halal Mart HPA International","sumber":"overture"},"geometry":{"type":"Point","coordinates":[110.432739,-7.071694]}},{"type":"Feature","properties":{"nama":"Halal Mart MAS","sumber":"overture"},"geometry":{"type":"Point","coordinates":[110.443413,-6.986156]}},{"type":"Feature","properties":{"nama":"Hammersonic Motor","sumber":"overture"},"geometry":{"type":"Point","coordinates":[110.437599,-6.975037]}},{"type":"Feature","properties":{"nama":"Harmony Mart","sumber":"overture"},"geometry":{"type":"Point","coordinates":[110.437027,-6.970155]}},{"type":"Feature","properties":{"nama":"Harum Manis Mart","sumber":"overture"},"geometry":{"type":"Point","coordinates":[110.396141,-7.006322]}},{"type":"Feature","properties":{"nama":"Hasanudin Motor","sumber":"overture"},"geometry":{"type":"Point","coordinates":[110.411552,-6.967127]}},{"type":"Feature","properties":{"nama":"Indomaet Simongan","sumber":"osm"},"geometry":{"type":"Point","coordinates":[110.398338,-6.997073]}},{"type":"Feature","properties":{"nama":"Indomart Gemah Raya","sumber":"overture"},"geometry":{"type":"Point","coordinates":[110.480591,-6.980957]}},{"type":"Feature","properties":{"nama":"Indomart Kedungmundu 2","sumber":"overture"},"geometry":{"type":"Point","coordinates":[110.462006,-7.035807]}},{"type":"Feature","properties":{"nama":"Iphone Semarang Ori","sumber":"overture"},"geometry":{"type":"Point","coordinates":[110.446091,-6.997896]}},{"type":"Feature","properties":{"nama":"Istana Buah","sumber":"osm"},"geometry":{"type":"Point","coordinates":[110.421795,-6.984487]}},{"type":"Feature","properties":{"nama":"Jangkrik","sumber":"overture"},"geometry":{"type":"Point","coordinates":[110.41597,-6.965291]}},{"type":"Feature","properties":{"nama":"Kolam Lele Al-Zaen","sumber":"overture"},"geometry":{"type":"Point","coordinates":[110.353279,-7.092536]}},{"type":"Feature","properties":{"nama":"Ksm Mart","sumber":"overture"},"geometry":{"type":"Point","coordinates":[110.455688,-7.043061]}},{"type":"Feature","properties":{"nama":"Kwaci Cap Gajah","sumber":"osm"},"geometry":{"type":"Point","coordinates":[110.428044,-6.976305]}},{"type":"Feature","properties":{"nama":"Loenpia Rawit","sumber":"overture"},"geometry":{"type":"Point","coordinates":[110.460815,-6.994497]}},{"type":"Feature","properties":{"nama":"Loket PPOB Tata","sumber":"overture"},"geometry":{"type":"Point","coordinates":[110.468475,-7.061063]}},{"type":"Feature","properties":{"nama":"MG Offset","sumber":"overture"},"geometry":{"type":"Point","coordinates":[110.426521,-7.073102]}},{"type":"Feature","properties":{"nama":"Maharani Mart","sumber":"overture"},"geometry":{"type":"Point","coordinates":[110.380875,-7.006857]}},{"type":"Feature","properties":{"nama":"Mantu Lanang","sumber":"osm"},"geometry":{"type":"Point","coordinates":[110.395646,-7.050915]}},{"type":"Feature","properties":{"nama":"Marshal Loundry","sumber":"overture"},"geometry":{"type":"Point","coordinates":[110.372482,-7.009813]}},{"type":"Feature","properties":{"nama":"Marwa Herbal","sumber":"overture"},"geometry":{"type":"Point","coordinates":[110.427452,-7.001154]}},{"type":"Feature","properties":{"nama":"Mina Makmur","sumber":"overture"},"geometry":{"type":"Point","coordinates":[110.442444,-6.956972]}},{"type":"Feature","properties":{"nama":"Mini Market Aulia","sumber":"overture"},"geometry":{"type":"Point","coordinates":[110.426788,-7.008192]}},{"type":"Feature","properties":{"nama":"Minimarket Tlogosari Indah","sumber":"overture"},"geometry":{"type":"Point","coordinates":[110.459816,-6.983637]}},{"type":"Feature","properties":{"nama":"Mitra minimarket","sumber":"overture"},"geometry":{"type":"Point","coordinates":[110.427002,-6.976854]}},{"type":"Feature","properties":{"nama":"Mujiyanto Diecast","sumber":"overture"},"geometry":{"type":"Point","coordinates":[110.386177,-7.084742]}},{"type":"Feature","properties":{"nama":"Nailah Shop","sumber":"overture"},"geometry":{"type":"Point","coordinates":[110.446678,-6.962595]}},{"type":"Feature","properties":{"nama":"Nature Mart","sumber":"overture"},"geometry":{"type":"Point","coordinates":[110.435249,-6.976977]}},{"type":"Feature","properties":{"nama":"Omah Bandeng Saniyya","sumber":"overture"},"geometry":{"type":"Point","coordinates":[110.418297,-6.973922]}},{"type":"Feature","properties":{"nama":"Omah Madu Murni","sumber":"overture"},"geometry":{"type":"Point","coordinates":[110.438698,-7.033415]}},{"type":"Feature","properties":{"nama":"Omah Tigan","sumber":"overture"},"geometry":{"type":"Point","coordinates":[110.324074,-6.99556]}},{"type":"Feature","properties":{"nama":"Omahplafonpvc Semarang Jateng","sumber":"overture"},"geometry":{"type":"Point","coordinates":[110.453644,-6.988859]}},{"type":"Feature","properties":{"nama":"PD Alam Mulya","sumber":"osm"},"geometry":{"type":"Point","coordinates":[110.428053,-6.976201]}},{"type":"Feature","properties":{"nama":"PD Mahkota Jaya","sumber":"osm"},"geometry":{"type":"Point","coordinates":[110.427671,-6.97615]}},{"type":"Feature","properties":{"nama":"Pangan Mart","sumber":"overture"},"geometry":{"type":"Point","coordinates":[110.401535,-6.994324]}},{"type":"Feature","properties":{"nama":"Perlengkapan Alat Mandi","sumber":"osm"},"geometry":{"type":"Point","coordinates":[110.428022,-6.975627]}},{"type":"Feature","properties":{"nama":"Permata Abel","sumber":"overture"},"geometry":{"type":"Point","coordinates":[110.318588,-7.007075]}},{"type":"Feature","properties":{"nama":"Permata Furni Mart","sumber":"overture"},"geometry":{"type":"Point","coordinates":[110.320572,-7.092292]}},{"type":"Feature","properties":{"nama":"Pet O'Mart","sumber":"overture"},"geometry":{"type":"Point","coordinates":[110.360733,-7.089981]}},{"type":"Feature","properties":{"nama":"Phone Mart","sumber":"overture"},"geometry":{"type":"Point","coordinates":[110.42215,-6.989444]}},{"type":"Feature","properties":{"nama":"Premium Mart","sumber":"overture"},"geometry":{"type":"Point","coordinates":[110.410759,-6.962915]}},{"type":"Feature","properties":{"nama":"Prima Alm","sumber":"osm"},"geometry":{"type":"Point","coordinates":[110.404083,-6.990262]}},{"type":"Feature","properties":{"nama":"Purnama 15 Minimarket","sumber":"overture"},"geometry":{"type":"Point","coordinates":[110.428894,-6.98479]}},{"type":"Feature","properties":{"nama":"Pusat Kenari Gacoran Semarang","sumber":"overture"},"geometry":{"type":"Point","coordinates":[110.48793,-6.983949]}},{"type":"Feature","properties":{"nama":"Pusat Oleh Oleh Prima","sumber":"overture"},"geometry":{"type":"Point","coordinates":[110.362946,-6.987134]}},{"type":"Feature","properties":{"nama":"Putra Store Semarang","sumber":"overture"},"geometry":{"type":"Point","coordinates":[110.487358,-7.023712]}},{"type":"Feature","properties":{"nama":"Quinfreya Outdoor Gear","sumber":"overture"},"geometry":{"type":"Point","coordinates":[110.421326,-6.999339]}},{"type":"Feature","properties":{"nama":"RAS audio","sumber":"overture"},"geometry":{"type":"Point","coordinates":[110.462372,-7.053098]}},{"type":"Feature","properties":{"nama":"Radix Halal Mart","sumber":"overture"},"geometry":{"type":"Point","coordinates":[110.44429,-6.990107]}},{"type":"Feature","properties":{"nama":"Raffi Kandang Dan Umbaran","sumber":"overture"},"geometry":{"type":"Point","coordinates":[110.446968,-6.964267]}},{"type":"Feature","properties":{"nama":"Raja Batu","sumber":"overture"},"geometry":{"type":"Point","coordinates":[110.46698,-7.009312]}},{"type":"Feature","properties":{"nama":"Rajawali Toystore Gajahmada","sumber":"overture"},"geometry":{"type":"Point","coordinates":[110.42012,-6.975071]}},{"type":"Feature","properties":{"nama":"Reno Food N Mart (Reno Shop Ungaran)","sumber":"overture"},"geometry":{"type":"Point","coordinates":[110.392799,-7.108189]}},{"type":"Feature","properties":{"nama":"Rhysaka Fish","sumber":"overture"},"geometry":{"type":"Point","coordinates":[110.333054,-6.979979]}},{"type":"Feature","properties":{"nama":"Rizky Mart","sumber":"osm"},"geometry":{"type":"Point","coordinates":[110.317568,-7.004149]}},{"type":"Feature","properties":{"nama":"Ruko","sumber":"osm"},"geometry":{"type":"Point","coordinates":[110.428068,-6.976094]}},{"type":"Feature","properties":{"nama":"Ruko","sumber":"osm"},"geometry":{"type":"Point","coordinates":[110.428083,-6.976055]}},{"type":"Feature","properties":{"nama":"Ruko","sumber":"osm"},"geometry":{"type":"Point","coordinates":[110.428111,-6.975738]}},{"type":"Feature","properties":{"nama":"Ruko","sumber":"osm"},"geometry":{"type":"Point","coordinates":[110.427995,-6.976424]}},{"type":"Feature","properties":{"nama":"Ruko","sumber":"osm"},"geometry":{"type":"Point","coordinates":[110.428103,-6.975957]}},{"type":"Feature","properties":{"nama":"Rumah Durian Pak Yusuf","sumber":"overture"},"geometry":{"type":"Point","coordinates":[110.360176,-7.078387]}},{"type":"Feature","properties":{"nama":"SRC Meiliana","sumber":"overture"},"geometry":{"type":"Point","coordinates":[110.414635,-7.100012]}},{"type":"Feature","properties":{"nama":"Samben Cell","sumber":"overture"},"geometry":{"type":"Point","coordinates":[110.332512,-7.098785]}},{"type":"Feature","properties":{"nama":"Sanidata Putri Medika","sumber":"osm"},"geometry":{"type":"Point","coordinates":[110.434973,-6.986504]}},{"type":"Feature","properties":{"nama":"Sarang Kicau","sumber":"overture"},"geometry":{"type":"Point","coordinates":[110.47821,-6.964844]}},{"type":"Feature","properties":{"nama":"Selarashop","sumber":"overture"},"geometry":{"type":"Point","coordinates":[110.44162,-6.993667]}},{"type":"Feature","properties":{"nama":"Sempurna Mart","sumber":"overture"},"geometry":{"type":"Point","coordinates":[110.422012,-6.981316]}},{"type":"Feature","properties":{"nama":"Snack Tiga Putra","sumber":"overture"},"geometry":{"type":"Point","coordinates":[110.428238,-7.027385]}},{"type":"Feature","properties":{"nama":"Sokomass Cell","sumber":"overture"},"geometry":{"type":"Point","coordinates":[110.389061,-6.990746]}},{"type":"Feature","properties":{"nama":"Spartta Motor","sumber":"overture"},"geometry":{"type":"Point","coordinates":[110.47065,-6.954201]}},{"type":"Feature","properties":{"nama":"Stockist Nasa Gunungpati Semarang","sumber":"overture"},"geometry":{"type":"Point","coordinates":[110.363098,-7.086602]}},{"type":"Feature","properties":{"nama":"Sumadi Pangkalan Elpiji 3 Kg","sumber":"overture"},"geometry":{"type":"Point","coordinates":[110.463173,-7.034534]}},{"type":"Feature","properties":{"nama":"Sumber Alfaria Trijaya","sumber":"overture"},"geometry":{"type":"Point","coordinates":[110.405457,-6.974593]}},{"type":"Feature","properties":{"nama":"Temon Motor","sumber":"overture"},"geometry":{"type":"Point","coordinates":[110.397095,-7.05886]}},{"type":"Feature","properties":{"nama":"Tempe Viena","sumber":"overture"},"geometry":{"type":"Point","coordinates":[110.47683,-7.022338]}},{"type":"Feature","properties":{"nama":"Toko Delima - Baking School","sumber":"osm"},"geometry":{"type":"Point","coordinates":[110.42671,-7.002812]}},{"type":"Feature","properties":{"nama":"Toko Sri","sumber":"osm"},"geometry":{"type":"Point","coordinates":[110.428012,-6.976552]}},{"type":"Feature","properties":{"nama":"Tong Hien","sumber":"overture"},"geometry":{"type":"Point","coordinates":[110.416008,-7.008575]}},{"type":"Feature","properties":{"nama":"Toramart","sumber":"osm"},"geometry":{"type":"Point","coordinates":[110.467822,-7.043837]}},{"type":"Feature","properties":{"nama":"Trex's Trail Shop","sumber":"overture"},"geometry":{"type":"Point","coordinates":[110.392448,-7.003003]}},{"type":"Feature","properties":{"nama":"Victory Cell","sumber":"overture"},"geometry":{"type":"Point","coordinates":[110.407478,-6.958648]}},{"type":"Feature","properties":{"nama":"Violet Collection","sumber":"overture"},"geometry":{"type":"Point","coordinates":[110.309883,-7.072755]}},{"type":"Feature","properties":{"nama":"Viva Generik","sumber":"osm"},"geometry":{"type":"Point","coordinates":[110.397432,-6.973724]}},{"type":"Feature","properties":{"nama":"Waroeng Panser","sumber":"overture"},"geometry":{"type":"Point","coordinates":[110.31282,-7.051469]}},{"type":"Feature","properties":{"nama":"We Cell","sumber":"overture"},"geometry":{"type":"Point","coordinates":[110.375801,-7.012975]}},{"type":"Feature","properties":{"nama":"Yitno Terpal","sumber":"overture"},"geometry":{"type":"Point","coordinates":[110.431152,-6.990581]}},{"type":"Feature","properties":{"nama":"Yulia Mobil","sumber":"overture"},"geometry":{"type":"Point","coordinates":[110.399536,-6.981674]}},{"type":"Feature","properties":{"nama":"Zindomart Semarang","sumber":"overture"},"geometry":{"type":"Point","coordinates":[110.41729,-7.065799]}},{"type":"Feature","properties":{"nama":"ikan Cupang Mas Ary","sumber":"overture"},"geometry":{"type":"Point","coordinates":[110.438812,-6.949812]}},{"type":"Feature","properties":{"nama":"omah koi semarang","sumber":"overture"},"geometry":{"type":"Point","coordinates":[110.391121,-6.983749]}},{"type":"Feature","properties":{"nama":"winnie sell","sumber":"overture"},"geometry":{"type":"Point","coordinates":[110.477516,-6.981092]}}]}