{"type":"FeatureCollection","features":[{"type":"Feature","properties":{"nama":"KB TK Sinar Matahari","jenjang":"TK","n200":11,"n500":13,"dmin":22.0},"geometry":{"type":"Point","coordinates":[110.428299,-6.975991]}},{"type":"Feature","properties":{"nama":"SD Kebon Dalem","jenjang":"SD","n200":11,"n500":16,"dmin":102.0},"geometry":{"type":"Point","coordinates":[110.428762,-6.977084]}},{"type":"Feature","properties":{"nama":"POS PAUD MELATI","jenjang":"TK","n200":10,"n500":17,"dmin":106.0},"geometry":{"type":"Point","coordinates":[110.428176,-6.97749]}},{"type":"Feature","properties":{"nama":"SMP Kebon Dalem","jenjang":"SMP","n200":10,"n500":15,"dmin":150.0},"geometry":{"type":"Point","coordinates":[110.42936,-6.976675]}},{"type":"Feature","properties":{"nama":"TK ABA 20","jenjang":"TK","n200":6,"n500":6,"dmin":75.0},"geometry":{"type":"Point","coordinates":[110.428834,-7.026953]}},{"type":"Feature","properties":{"nama":"SD Negeri Pleburan 01","jenjang":"SD","n200":5,"n500":14,"dmin":79.0},"geometry":{"type":"Point","coordinates":[110.427145,-6.999568]}},{"type":"Feature","properties":{"nama":"Akademi Akuntansi Effendi Harahap","jenjang":"PT","n200":5,"n500":10,"dmin":44.0},"geometry":{"type":"Point","coordinates":[110.426298,-6.988909]}},{"type":"Feature","properties":{"nama":"SMP Muhammadiyah 5","jenjang":"SMP","n200":5,"n500":6,"dmin":170.0},"geometry":{"type":"Point","coordinates":[110.404188,-6.973641]}},{"type":"Feature","properties":{"nama":"TK Kartika III-8","jenjang":"TK","n200":4,"n500":7,"dmin":90.0},"geometry":{"type":"Point","coordinates":[110.410722,-7.071785]}},{"type":"Feature","properties":{"nama":"SMK Pangudi Luhur Tarcisius","jenjang":"SMA","n200":4,"n500":6,"dmin":62.0},"geometry":{"type":"Point","coordinates":[110.454077,-7.004769]}},{"type":"Feature","properties":{"nama":"TK Muslimat NU Tarbiyatul Athfal","jenjang":"TK","n200":4,"n500":9,"dmin":122.0},"geometry":{"type":"Point","coordinates":[110.458499,-6.984643]}},{"type":"Feature","properties":{"nama":"SMP Negeri 40 Semarang","jenjang":"SMP","n200":4,"n500":7,"dmin":64.0},"geometry":{"type":"Point","coordinates":[110.404581,-6.989565]}},{"type":"Feature","properties":{"nama":"SD Negeri Jomblang 01","jenjang":"SD","n200":4,"n500":9,"dmin":84.0},"geometry":{"type":"Point","coordinates":[110.439108,-7.010263]}},{"type":"Feature","properties":{"nama":"TK Islam Sampangan","jenjang":"TK","n200":4,"n500":8,"dmin":136.0},"geometry":{"type":"Point","coordinates":[110.395047,-7.009391]}},{"type":"Feature","properties":{"nama":"SD Negeri Bulustalan","jenjang":"SD","n200":4,"n500":9,"dmin":50.0},"geometry":{"type":"Point","coordinates":[110.403139,-6.990249]}},{"type":"Feature","properties":{"nama":"TK PGRI","jenjang":"TK","n200":4,"n500":9,"dmin":79.0},"geometry":{"type":"Point","coordinates":[110.438911,-7.010303]}},{"type":"Feature","properties":{"nama":"Sekolah Tinggi Ilmu Ekonomi AKA","jenjang":"PT","n200":4,"n500":8,"dmin":45.0},"geometry":{"type":"Point","coordinates":[110.439196,-6.970632]}},{"type":"Feature","properties":{"nama":"TK Tarbiyatul Atfal 36","jenjang":"TK","n200":4,"n500":6,"dmin":71.0},"geometry":{"type":"Point","coordinates":[110.45658,-6.998265]}},{"type":"Feature","properties":{"nama":"KB Aisyiyah 03 & TK Aisyiyah Bustanul Athfal 51","jenjang":"TK","n200":4,"n500":6,"dmin":116.0},"geometry":{"type":"Point","coordinates":[110.379126,-6.996112]}},{"type":"Feature","properties":{"nama":"KB-TK Islam Pangeran Diponegoro","jenjang":"TK","n200":4,"n500":10,"dmin":29.0},"geometry":{"type":"Point","coordinates":[110.431912,-7.054473]}},{"type":"Feature","properties":{"nama":"SMP Muhamadiyah 03 - SMA Muhammadiyah 01","jenjang":"SMA","n200":4,"n500":9,"dmin":49.0},"geometry":{"type":"Point","coordinates":[110.439423,-7.010336]}},{"type":"Feature","properties":{"nama":"SD Muhammadiyah 06","jenjang":"SD","n200":4,"n500":9,"dmin":62.0},"geometry":{"type":"Point","coordinates":[110.438645,-7.010197]}},{"type":"Feature","properties":{"nama":"TK PGRI 04/89","jenjang":"TK","n200":4,"n500":7,"dmin":122.0},"geometry":{"type":"Point","coordinates":[110.348468,-6.99747]}},{"type":"Feature","properties":{"nama":"SD Negeri Jatingaleh 01-02","jenjang":"SD","n200":4,"n500":6,"dmin":70.0},"geometry":{"type":"Point","coordinates":[110.427156,-7.026756]}},{"type":"Feature","properties":{"nama":"TK PGRI 50 Miroto","jenjang":"TK","n200":4,"n500":15,"dmin":75.0},"geometry":{"type":"Point","coordinates":[110.419172,-6.983281]}},{"type":"Feature","properties":{"nama":"MI Tarbiyatul Khairat","jenjang":"SD","n200":4,"n500":6,"dmin":67.0},"geometry":{"type":"Point","coordinates":[110.456567,-6.998353]}},{"type":"Feature","properties":{"nama":"TK Mujahidin","jenjang":"TK","n200":4,"n500":9,"dmin":124.0},"geometry":{"type":"Point","coordinates":[110.417251,-7.06744]}},{"type":"Feature","properties":{"nama":"PG-TK Al-Firdaus","jenjang":"TK","n200":4,"n500":7,"dmin":25.0},"geometry":{"type":"Point","coordinates":[110.308208,-7.071164]}},{"type":"Feature","properties":{"nama":"PAUD-TK ABA 04","jenjang":"TK","n200":4,"n500":13,"dmin":128.0},"geometry":{"type":"Point","coordinates":[110.429139,-7.001004]}},{"type":"Feature","properties":{"nama":"SD Negeri Pedurungan Tengah 01","jenjang":"SD","n200":4,"n500":6,"dmin":39.0},"geometry":{"type":"Point","coordinates":[110.473153,-6.996787]}},{"type":"Feature","properties":{"nama":"SD Negeri Tambakaji 04","jenjang":"SD","n200":4,"n500":6,"dmin":52.0},"geometry":{"type":"Point","coordinates":[110.347624,-6.995687]}},{"type":"Feature","properties":{"nama":"SD Pedalangan 02","jenjang":"SD","n200":4,"n500":8,"dmin":98.0},"geometry":{"type":"Point","coordinates":[110.434349,-7.05814]}},{"type":"Feature","properties":{"nama":"SMK SWADAYA","jenjang":"PT","n200":4,"n500":10,"dmin":47.0},"geometry":{"type":"Point","coordinates":[110.4363,-6.9689]}},{"type":"Feature","properties":{"nama":"TK Nurul Ikhsan","jenjang":"TK","n200":4,"n500":9,"dmin":75.0},"geometry":{"type":"Point","coordinates":[110.426988,-7.069761]}},{"type":"Feature","properties":{"nama":"TK PGRI 01 Semarang","jenjang":"TK","n200":4,"n500":8,"dmin":98.0},"geometry":{"type":"Point","coordinates":[110.438206,-6.970466]}},{"type":"Feature","properties":{"nama":"Universitas 17 Agustus 1945 Semarang","jenjang":"PT","n200":4,"n500":9,"dmin":76.0},"geometry":{"type":"Point","coordinates":[110.419576,-6.974648]}},{"type":"Feature","properties":{"nama":"SLB Yayasan Autisma Semarang","jenjang":"SLB","n200":4,"n500":6,"dmin":108.0},"geometry":{"type":"Point","coordinates":[110.475,-7.0385]}},{"type":"Feature","properties":{"nama":"Star Kiddy","jenjang":"TK","n200":4,"n500":11,"dmin":41.0},"geometry":{"type":"Point","coordinates":[110.419106,-7.066648]}},{"type":"Feature","properties":{"nama":"SD Negeri Bugangan 3","jenjang":"SD","n200":4,"n500":9,"dmin":96.0},"geometry":{"type":"Point","coordinates":[110.437971,-6.9706]}},{"type":"Feature","properties":{"nama":"SD Negeri Tembalang","jenjang":"SD","n200":4,"n500":10,"dmin":89.0},"geometry":{"type":"Point","coordinates":[110.43489,-7.058006]}},{"type":"Feature","properties":{"nama":"TK Tarbiyatul Athfal 5","jenjang":"TK","n200":4,"n500":8,"dmin":90.0},"geometry":{"type":"Point","coordinates":[110.419065,-6.973662]}},{"type":"Feature","properties":{"nama":"PG-TK Tadika Puri","jenjang":"TK","n200":4,"n500":14,"dmin":124.0},"geometry":{"type":"Point","coordinates":[110.423414,-7.069946]}},{"type":"Feature","properties":{"nama":"SD Negeri 01 Ngaliyan","jenjang":"SD","n200":4,"n500":6,"dmin":63.0},"geometry":{"type":"Point","coordinates":[110.348588,-6.996223]}},{"type":"Feature","properties":{"nama":"TK Kemala Bhayangkara","jenjang":"TK","n200":4,"n500":8,"dmin":108.0},"geometry":{"type":"Point","coordinates":[110.429745,-6.968509]}},{"type":"Feature","properties":{"nama":"Paud Puspa Indah","jenjang":"TK","n200":4,"n500":8,"dmin":59.0},"geometry":{"type":"Point","coordinates":[110.411464,-6.965773]}},{"type":"Feature","properties":{"nama":"TK PGRI 20 Bulustalan","jenjang":"TK","n200":4,"n500":9,"dmin":45.0},"geometry":{"type":"Point","coordinates":[110.403137,-6.989974]}},{"type":"Feature","properties":{"nama":"SMA Negeri 9 Semarang","jenjang":"SMA","n200":4,"n500":13,"dmin":79.0},"geometry":{"type":"Point","coordinates":[110.423107,-7.071119]}},{"type":"Feature","properties":{"nama":"SD Nurul Islam, SMP Nurul Islam","jenjang":"SMP","n200":4,"n500":7,"dmin":45.0},"geometry":{"type":"Point","coordinates":[110.367051,-6.988248]}},{"type":"Feature","properties":{"nama":"SLB-B,C SWADAYA","jenjang":"SLB","n200":4,"n500":15,"dmin":87.0},"geometry":{"type":"Point","coordinates":[110.419,-6.9834]}},{"type":"Feature","properties":{"nama":"SMK NUSAPUTERA 1","jenjang":"PT","n200":4,"n500":18,"dmin":69.0},"geometry":{"type":"Point","coordinates":[110.42806,-6.980648]}},{"type":"Feature","properties":{"nama":"SMA MUHAMMADIYAH 1","jenjang":"PT","n200":4,"n500":9,"dmin":64.0},"geometry":{"type":"Point","coordinates":[110.439292,-7.010239]}},{"type":"Feature","properties":{"nama":"SMAS NUSAPUTERA","jenjang":"PT","n200":4,"n500":17,"dmin":67.0},"geometry":{"type":"Point","coordinates":[110.428048,-6.980738]}},{"type":"Feature","properties":{"nama":"SMP Kartiyoso, SMK Swadaya","jenjang":"SMA","n200":4,"n500":10,"dmin":50.0},"geometry":{"type":"Point","coordinates":[110.436282,-6.968877]}},{"type":"Feature","properties":{"nama":"SD Andreas - SMP Agustinus","jenjang":"SMP","n200":4,"n500":9,"dmin":51.0},"geometry":{"type":"Point","coordinates":[110.439119,-7.009676]}},{"type":"Feature","properties":{"nama":"TK Nurul Islam","jenjang":"TK","n200":4,"n500":8,"dmin":55.0},"geometry":{"type":"Point","coordinates":[110.367,-6.988153]}},{"type":"Feature","properties":{"nama":"SMK Theresiana","jenjang":"SMA","n200":4,"n500":15,"dmin":127.0},"geometry":{"type":"Point","coordinates":[110.420867,-6.981197]}},{"type":"Feature","properties":{"nama":"SMA Kolese Loyola","jenjang":"SMA","n200":4,"n500":13,"dmin":104.0},"geometry":{"type":"Point","coordinates":[110.426226,-6.981851]}},{"type":"Feature","properties":{"nama":"SD Islam Pangeran Diponegoro","jenjang":"SD","n200":4,"n500":10,"dmin":30.0},"geometry":{"type":"Point","coordinates":[110.431861,-7.054666]}},{"type":"Feature","properties":{"nama":"Akademi Farmasi Theresiana Semarang","jenjang":"PT","n200":4,"n500":13,"dmin":88.0},"geometry":{"type":"Point","coordinates":[110.421218,-6.981228]}},{"type":"Feature","properties":{"nama":"TK CUT NYA DIEN","jenjang":"TK","n200":3,"n500":4,"dmin":8.0},"geometry":{"type":"Point","coordinates":[110.318248,-7.091321]}},{"type":"Feature","properties":{"nama":"Sekolah Tinggi Ilmu Farmasi Yayasan Pharmasi","jenjang":"PT","n200":3,"n500":3,"dmin":130.0},"geometry":{"type":"Point","coordinates":[110.487373,-7.025453]}},{"type":"Feature","properties":{"nama":"TK Luar Biasa Yayasan Widya Bhakti","jenjang":"TK","n200":3,"n500":5,"dmin":109.0},"geometry":{"type":"Point","coordinates":[110.454076,-7.003783]}},{"type":"Feature","properties":{"nama":"SD Islam Al-Jihad","jenjang":"SD","n200":3,"n500":22,"dmin":66.0},"geometry":{"type":"Point","coordinates":[110.428624,-6.979875]}},{"type":"Feature","properties":{"nama":"SMP Kesatrian 1 Semarang","jenjang":"SMP","n200":3,"n500":4,"dmin":150.0},"geometry":{"type":"Point","coordinates":[110.463433,-6.998305]}},{"type":"Feature","properties":{"nama":"PAUD Mawar Putih","jenjang":"TK","n200":3,"n500":6,"dmin":103.0},"geometry":{"type":"Point","coordinates":[110.482335,-6.976435]}},{"type":"Feature","properties":{"nama":"KB-TK Al Hidayah I","jenjang":"TK","n200":3,"n500":11,"dmin":115.0},"geometry":{"type":"Point","coordinates":[110.419797,-7.070706]}},{"type":"Feature","properties":{"nama":"SD Negeri Sendangmulyo 01","jenjang":"SD","n200":3,"n500":5,"dmin":134.0},"geometry":{"type":"Point","coordinates":[110.468147,-7.035703]}},{"type":"Feature","properties":{"nama":"KB - TK Pangudi Luhur \"St Pius X\" Kartini","jenjang":"TK","n200":3,"n500":6,"dmin":71.0},"geometry":{"type":"Point","coordinates":[110.458145,-7.034184]}},{"type":"Feature","properties":{"nama":"SD Negeri Pandean Lamper 02","jenjang":"SD","n200":3,"n500":9,"dmin":127.0},"geometry":{"type":"Point","coordinates":[110.4427,-6.993276]}},{"type":"Feature","properties":{"nama":"POS PAUD MAWAR LIMA","jenjang":"TK","n200":3,"n500":8,"dmin":42.0},"geometry":{"type":"Point","coordinates":[110.39926,-7.003784]}},{"type":"Feature","properties":{"nama":"SMK Pelayaran Semarang","jenjang":"SMA","n200":3,"n500":6,"dmin":45.0},"geometry":{"type":"Point","coordinates":[110.394899,-7.014781]}},{"type":"Feature","properties":{"nama":"SMP Negeri 4 Semarang","jenjang":"SMP","n200":3,"n500":6,"dmin":63.0},"geometry":{"type":"Point","coordinates":[110.448066,-6.974841]}},{"type":"Feature","properties":{"nama":"SMP Islam Terpadu Al - Fikri","jenjang":"SMP","n200":3,"n500":6,"dmin":81.0},"geometry":{"type":"Point","coordinates":[110.457229,-7.033408]}},{"type":"Feature","properties":{"nama":"PAUD Nusa Indah","jenjang":"TK","n200":3,"n500":4,"dmin":144.0},"geometry":{"type":"Point","coordinates":[110.297176,-6.972465]}},{"type":"Feature","properties":{"nama":"TK Cahaya Ilmu","jenjang":"TK","n200":3,"n500":6,"dmin":140.0},"geometry":{"type":"Point","coordinates":[110.471732,-6.99587]}},{"type":"Feature","properties":{"nama":"SMK HIDAYAH","jenjang":"PT","n200":3,"n500":4,"dmin":101.0},"geometry":{"type":"Point","coordinates":[110.4181,-7.0751]}},{"type":"Feature","properties":{"nama":"TK DHINDA","jenjang":"TK","n200":3,"n500":7,"dmin":157.0},"geometry":{"type":"Point","coordinates":[110.3912,-6.989]}},{"type":"Feature","properties":{"nama":"POS PAUD CITRA CERIA","jenjang":"TK","n200":3,"n500":3,"dmin":43.0},"geometry":{"type":"Point","coordinates":[110.3074,-7.0881]}},{"type":"Feature","properties":{"nama":"Playgroup & Kindergarten Happy Holy Kids","jenjang":"TK","n200":3,"n500":10,"dmin":66.0},"geometry":{"type":"Point","coordinates":[110.426966,-7.068681]}},{"type":"Feature","properties":{"nama":"TK IT Annisa Uswatun Hasanah","jenjang":"TK","n200":3,"n500":4,"dmin":144.0},"geometry":{"type":"Point","coordinates":[110.462548,-7.061976]}},{"type":"Feature","properties":{"nama":"SD Negeri Kalibanteng Kulon 01","jenjang":"SD","n200":3,"n500":7,"dmin":88.0},"geometry":{"type":"Point","coordinates":[110.379952,-6.986494]}},{"type":"Feature","properties":{"nama":"SD Negeri Kalicari 03 & 05","jenjang":"SD","n200":3,"n500":6,"dmin":88.0},"geometry":{"type":"Point","coordinates":[110.454759,-7.005237]}},{"type":"Feature","properties":{"nama":"MTs Futuhiyah Palebon","jenjang":"SMP","n200":3,"n500":6,"dmin":17.0},"geometry":{"type":"Point","coordinates":[110.468853,-7.003458]}},{"type":"Feature","properties":{"nama":"TK PGRI 56","jenjang":"TK","n200":3,"n500":9,"dmin":138.0},"geometry":{"type":"Point","coordinates":[110.442906,-6.99336]}},{"type":"Feature","properties":{"nama":"SMA Islam Al Azhar 15","jenjang":"PT","n200":3,"n500":9,"dmin":160.0},"geometry":{"type":"Point","coordinates":[110.3815,-6.987]}},{"type":"Feature","properties":{"nama":"SMK PELAYARAN","jenjang":"PT","n200":3,"n500":6,"dmin":36.0},"geometry":{"type":"Point","coordinates":[110.3948,-7.0147]}},{"type":"Feature","properties":{"nama":"KB ALBERTUS SOEGIJAPRANATA","jenjang":"TK","n200":3,"n500":9,"dmin":115.0},"geometry":{"type":"Point","coordinates":[110.4067,-6.9748]}},{"type":"Feature","properties":{"nama":"TK PGRI 105","jenjang":"TK","n200":3,"n500":8,"dmin":156.0},"geometry":{"type":"Point","coordinates":[110.446918,-6.985149]}},{"type":"Feature","properties":{"nama":"TK PGRI 15","jenjang":"TK","n200":3,"n500":4,"dmin":82.0},"geometry":{"type":"Point","coordinates":[110.388715,-6.999271]}},{"type":"Feature","properties":{"nama":"TK Taman Bina Putra","jenjang":"TK","n200":3,"n500":5,"dmin":113.0},"geometry":{"type":"Point","coordinates":[110.425894,-7.063586]}},{"type":"Feature","properties":{"nama":"SD Ignatius Slamet Riyadi","jenjang":"SD","n200":3,"n500":9,"dmin":79.0},"geometry":{"type":"Point","coordinates":[110.406156,-6.974442]}},{"type":"Feature","properties":{"nama":"Pos PAUD Barusari","jenjang":"TK","n200":3,"n500":9,"dmin":136.0},"geometry":{"type":"Point","coordinates":[110.40463,-6.991397]}},{"type":"Feature","properties":{"nama":"TK Siwi Peni 18","jenjang":"TK","n200":3,"n500":10,"dmin":25.0},"geometry":{"type":"Point","coordinates":[110.427107,-7.007046]}},{"type":"Feature","properties":{"nama":"SD Negeri Kalibanteng Kidul 02","jenjang":"SD","n200":3,"n500":7,"dmin":106.0},"geometry":{"type":"Point","coordinates":[110.380945,-6.99527]}},{"type":"Feature","properties":{"nama":"PAUD Mekar Indah","jenjang":"TK","n200":3,"n500":6,"dmin":143.0},"geometry":{"type":"Point","coordinates":[110.420358,-7.074433]}},{"type":"Feature","properties":{"nama":"SD Negeri Mangkang Kulon 01","jenjang":"SD","n200":3,"n500":4,"dmin":132.0},"geometry":{"type":"Point","coordinates":[110.297071,-6.972775]}},{"type":"Feature","properties":{"nama":"SMA Negeri 15 Semarang","jenjang":"SMA","n200":3,"n500":6,"dmin":81.0},"geometry":{"type":"Point","coordinates":[110.463183,-7.023277]}},{"type":"Feature","properties":{"nama":"TPA TAMAN ILMU","jenjang":"TK","n200":3,"n500":6,"dmin":9.0},"geometry":{"type":"Point","coordinates":[110.3907,-7.0118]}},{"type":"Feature","properties":{"nama":"KB IT BINA AMAL 03","jenjang":"TK","n200":3,"n500":7,"dmin":81.0},"geometry":{"type":"Point","coordinates":[110.394269,-7.015574]}},{"type":"Feature","properties":{"nama":"TK Islam Sultan Agung 4","jenjang":"TK","n200":3,"n500":6,"dmin":41.0},"geometry":{"type":"Point","coordinates":[110.440368,-6.96073]}},{"type":"Feature","properties":{"nama":"TK Al Irsyad Islamiyah","jenjang":"TK","n200":3,"n500":7,"dmin":52.0},"geometry":{"type":"Point","coordinates":[110.419894,-6.966672]}},{"type":"Feature","properties":{"nama":"SD Santo Antonius 02","jenjang":"SD","n200":3,"n500":10,"dmin":81.0},"geometry":{"type":"Point","coordinates":[110.426068,-7.071498]}},{"type":"Feature","properties":{"nama":"SMK THERESIANA","jenjang":"PT","n200":3,"n500":11,"dmin":160.0},"geometry":{"type":"Point","coordinates":[110.426815,-6.986977]}},{"type":"Feature","properties":{"nama":"Akademi Bahasa Asing IEC Semarang","jenjang":"PT","n200":3,"n500":8,"dmin":162.0},"geometry":{"type":"Point","coordinates":[110.413571,-6.977774]}},{"type":"Feature","properties":{"nama":"TK Miftahul Jannah","jenjang":"TK","n200":3,"n500":7,"dmin":82.0},"geometry":{"type":"Point","coordinates":[110.41408,-7.02902]}},{"type":"Feature","properties":{"nama":"TK Kemala Bhayangkari 01","jenjang":"TK","n200":3,"n500":8,"dmin":32.0},"geometry":{"type":"Point","coordinates":[110.430901,-7.005182]}},{"type":"Feature","properties":{"nama":"SD Bukit Aksara","jenjang":"SD","n200":3,"n500":10,"dmin":63.0},"geometry":{"type":"Point","coordinates":[110.42251,-7.050394]}},{"type":"Feature","properties":{"nama":"SD Negeri Petompon 01","jenjang":"SD","n200":3,"n500":9,"dmin":57.0},"geometry":{"type":"Point","coordinates":[110.402541,-6.99624]}},{"type":"Feature","properties":{"nama":"SD Negeri Sambirejo 02","jenjang":"SD","n200":3,"n500":8,"dmin":172.0},"geometry":{"type":"Point","coordinates":[110.446804,-6.985265]}},{"type":"Feature","properties":{"nama":"KB - TK Tunas Bangsa 3","jenjang":"TK","n200":3,"n500":6,"dmin":126.0},"geometry":{"type":"Point","coordinates":[110.441956,-7.06086]}},{"type":"Feature","properties":{"nama":"SMAS KOLESE LOYOLA","jenjang":"PT","n200":3,"n500":12,"dmin":94.0},"geometry":{"type":"Point","coordinates":[110.4266,-6.9819]}},{"type":"Feature","properties":{"nama":"POS PAUD ANAK BANGSA VI","jenjang":"TK","n200":3,"n500":5,"dmin":102.0},"geometry":{"type":"Point","coordinates":[110.452036,-7.013451]}},{"type":"Feature","properties":{"nama":"SD Islam Al Huda","jenjang":"SD","n200":3,"n500":8,"dmin":124.0},"geometry":{"type":"Point","coordinates":[110.398281,-7.005093]}},{"type":"Feature","properties":{"nama":"KB-TK Bintang Nusantara","jenjang":"TK","n200":3,"n500":6,"dmin":49.0},"geometry":{"type":"Point","coordinates":[110.410341,-7.077109]}},{"type":"Feature","properties":{"nama":"SD Muhammadiyah 03","jenjang":"SD","n200":3,"n500":6,"dmin":37.0},"geometry":{"type":"Point","coordinates":[110.424493,-7.019678]}},{"type":"Feature","properties":{"nama":"SD Islam Pesanggrahan","jenjang":"SD","n200":3,"n500":8,"dmin":131.0},"geometry":{"type":"Point","coordinates":[110.438709,-6.96912]}},{"type":"Feature","properties":{"nama":"SD Negeri Pandean Lamper 04","jenjang":"SD","n200":3,"n500":11,"dmin":132.0},"geometry":{"type":"Point","coordinates":[110.445398,-6.995565]}},{"type":"Feature","properties":{"nama":"TK ISLAM TERPADU BINA AMAL 03","jenjang":"TK","n200":3,"n500":7,"dmin":74.0},"geometry":{"type":"Point","coordinates":[110.394285,-7.015516]}},{"type":"Feature","properties":{"nama":"KB TALENTA","jenjang":"TK","n200":3,"n500":7,"dmin":130.0},"geometry":{"type":"Point","coordinates":[110.390788,-6.986993]}},{"type":"Feature","properties":{"nama":"TK ABA 30","jenjang":"TK","n200":3,"n500":6,"dmin":36.0},"geometry":{"type":"Point","coordinates":[110.424533,-7.019708]}},{"type":"Feature","properties":{"nama":"Pos PAUD Bina Ceria","jenjang":"TK","n200":3,"n500":7,"dmin":89.0},"geometry":{"type":"Point","coordinates":[110.410584,-7.073103]}},{"type":"Feature","properties":{"nama":"SD Negeri Karangkidul","jenjang":"SD","n200":3,"n500":8,"dmin":111.0},"geometry":{"type":"Point","coordinates":[110.430354,-6.992567]}},{"type":"Feature","properties":{"nama":"MI Miftahul Huda","jenjang":"SD","n200":3,"n500":3,"dmin":66.0},"geometry":{"type":"Point","coordinates":[110.33529,-7.066626]}},{"type":"Feature","properties":{"nama":"TK Pertiwi 07","jenjang":"TK","n200":3,"n500":5,"dmin":93.0},"geometry":{"type":"Point","coordinates":[110.317369,-7.053296]}},{"type":"Feature","properties":{"nama":"TK PERTIWI 12","jenjang":"TK","n200":3,"n500":3,"dmin":67.0},"geometry":{"type":"Point","coordinates":[110.3072,-7.088]}},{"type":"Feature","properties":{"nama":"TK ABA 05 - PG Aisyiyah 08","jenjang":"TK","n200":3,"n500":8,"dmin":61.0},"geometry":{"type":"Point","coordinates":[110.439588,-7.01079]}},{"type":"Feature","properties":{"nama":"SD Negeri Cangkiran 01","jenjang":"SD","n200":3,"n500":4,"dmin":56.0},"geometry":{"type":"Point","coordinates":[110.308059,-7.088696]}},{"type":"Feature","properties":{"nama":"TK PGRI 83","jenjang":"TK","n200":3,"n500":5,"dmin":95.0},"geometry":{"type":"Point","coordinates":[110.468506,-7.035702]}},{"type":"Feature","properties":{"nama":"SMK TRI MULYA","jenjang":"PT","n200":3,"n500":6,"dmin":76.0},"geometry":{"type":"Point","coordinates":[110.3787,-6.9865]}},{"type":"Feature","properties":{"nama":"PAUD Miftahul Jannah","jenjang":"TK","n200":3,"n500":6,"dmin":55.0},"geometry":{"type":"Point","coordinates":[110.414344,-7.029569]}},{"type":"Feature","properties":{"nama":"TK PGRI 09","jenjang":"TK","n200":3,"n500":7,"dmin":100.0},"geometry":{"type":"Point","coordinates":[110.379985,-6.986612]}},{"type":"Feature","properties":{"nama":"TK Al Munir","jenjang":"TK","n200":3,"n500":6,"dmin":118.0},"geometry":{"type":"Point","coordinates":[110.420001,-7.0748]}},{"type":"Feature","properties":{"nama":"SD Negeri Lamper Tengah 01","jenjang":"SD","n200":3,"n500":8,"dmin":108.0},"geometry":{"type":"Point","coordinates":[110.442475,-7.0045]}},{"type":"Feature","properties":{"nama":"PAUD, TK Islam Terpadu Permata Hati","jenjang":"TK","n200":3,"n500":5,"dmin":73.0},"geometry":{"type":"Point","coordinates":[110.339675,-7.000356]}},{"type":"Feature","properties":{"nama":"KB MUJAHIDIN","jenjang":"TK","n200":3,"n500":13,"dmin":69.0},"geometry":{"type":"Point","coordinates":[110.421181,-7.0704]}},{"type":"Feature","properties":{"nama":"KB ISLAM SAMPANGAN","jenjang":"TK","n200":3,"n500":6,"dmin":42.0},"geometry":{"type":"Point","coordinates":[110.390818,-7.011528]}},{"type":"Feature","properties":{"nama":"SMA Lab School Upgris","jenjang":"SMA","n200":3,"n500":9,"dmin":170.0},"geometry":{"type":"Point","coordinates":[110.435311,-6.988219]}},{"type":"Feature","properties":{"nama":"TK Islam Al Huda","jenjang":"TK","n200":3,"n500":8,"dmin":151.0},"geometry":{"type":"Point","coordinates":[110.397961,-7.005193]}},{"type":"Feature","properties":{"nama":"Paud Margotomo","jenjang":"TK","n200":3,"n500":14,"dmin":150.0},"geometry":{"type":"Point","coordinates":[110.424988,-6.980138]}},{"type":"Feature","properties":{"nama":"PAUD Semai Benih Bangsa Pelangi Nusantara II","jenjang":"TK","n200":3,"n500":5,"dmin":70.0},"geometry":{"type":"Point","coordinates":[110.446802,-6.973773]}},{"type":"Feature","properties":{"nama":"SD Negeri 01-02 Miroto","jenjang":"SD","n200":3,"n500":14,"dmin":87.0},"geometry":{"type":"Point","coordinates":[110.419559,-6.983215]}},{"type":"Feature","properties":{"nama":"PAUD Istiqomah","jenjang":"TK","n200":3,"n500":14,"dmin":109.0},"geometry":{"type":"Point","coordinates":[110.419233,-6.981655]}},{"type":"Feature","properties":{"nama":"TK Al Fath","jenjang":"TK","n200":3,"n500":6,"dmin":118.0},"geometry":{"type":"Point","coordinates":[110.474446,-6.995158]}},{"type":"Feature","properties":{"nama":"SD Negeri Manyaran 01","jenjang":"SD","n200":3,"n500":4,"dmin":86.0},"geometry":{"type":"Point","coordinates":[110.388923,-6.999416]}},{"type":"Feature","properties":{"nama":"SMP Hasanuddin Semarang","jenjang":"SMP","n200":3,"n500":7,"dmin":74.0},"geometry":{"type":"Point","coordinates":[110.481809,-6.977174]}},{"type":"Feature","properties":{"nama":"POS PAUD SURYA GEMILANG","jenjang":"TK","n200":3,"n500":7,"dmin":115.0},"geometry":{"type":"Point","coordinates":[110.380891,-6.995038]}},{"type":"Feature","properties":{"nama":"Play Group Pena Prima","jenjang":"TK","n200":3,"n500":9,"dmin":113.0},"geometry":{"type":"Point","coordinates":[110.435852,-6.98795]}},{"type":"Feature","properties":{"nama":"TK Islam Pesanggrahan","jenjang":"TK","n200":3,"n500":8,"dmin":124.0},"geometry":{"type":"Point","coordinates":[110.438683,-6.969199]}},{"type":"Feature","properties":{"nama":"SD Islam Bintang Juara","jenjang":"SD","n200":3,"n500":6,"dmin":80.0},"geometry":{"type":"Point","coordinates":[110.394423,-7.015553]}},{"type":"Feature","properties":{"nama":"TK Pertiwi 42","jenjang":"TK","n200":3,"n500":6,"dmin":109.0},"geometry":{"type":"Point","coordinates":[110.448895,-6.975187]}},{"type":"Feature","properties":{"nama":"SD Negeri Bojong Salaman 02","jenjang":"SD","n200":3,"n500":5,"dmin":69.0},"geometry":{"type":"Point","coordinates":[110.398304,-6.986838]}},{"type":"Feature","properties":{"nama":"Yayasan Al Washilah","jenjang":"TK","n200":3,"n500":6,"dmin":151.0},"geometry":{"type":"Point","coordinates":[110.443992,-6.957776]}},{"type":"Feature","properties":{"nama":"TK Tarbiyatul Atfal","jenjang":"TK","n200":3,"n500":6,"dmin":23.0},"geometry":{"type":"Point","coordinates":[110.470557,-6.95402]}},{"type":"Feature","properties":{"nama":"SD Negeri Bendan Ngisor","jenjang":"SD","n200":3,"n500":6,"dmin":51.0},"geometry":{"type":"Point","coordinates":[110.394523,-7.015254]}},{"type":"Feature","properties":{"nama":"MI Hidayatul Mubtadin","jenjang":"SD","n200":3,"n500":9,"dmin":148.0},"geometry":{"type":"Point","coordinates":[110.44309,-6.993397]}},{"type":"Feature","properties":{"nama":"SD Negeri Siwalan","jenjang":"SD","n200":3,"n500":6,"dmin":136.0},"geometry":{"type":"Point","coordinates":[110.448953,-6.975662]}},{"type":"Feature","properties":{"nama":"Preschool Bukit Aksara","jenjang":"TK","n200":3,"n500":10,"dmin":52.0},"geometry":{"type":"Point","coordinates":[110.422533,-7.050298]}},{"type":"Feature","properties":{"nama":"SD Islam Sultan Agung 4","jenjang":"SD","n200":3,"n500":6,"dmin":50.0},"geometry":{"type":"Point","coordinates":[110.440358,-6.960822]}},{"type":"Feature","properties":{"nama":"Akademi Keperawatan Islam Sultan Agung Semarang","jenjang":"PT","n200":3,"n500":5,"dmin":56.0},"geometry":{"type":"Point","coordinates":[110.469508,-6.955692]}},{"type":"Feature","properties":{"nama":"SLB-C,D YPAC SEMARANG","jenjang":"SLB","n200":3,"n500":9,"dmin":38.0},"geometry":{"type":"Point","coordinates":[110.425157,-6.989167]}},{"type":"Feature","properties":{"nama":"Paud dan TK Nusa Putera","jenjang":"TK","n200":3,"n500":20,"dmin":51.0},"geometry":{"type":"Point","coordinates":[110.428797,-6.980465]}},{"type":"Feature","properties":{"nama":"PAUD Tunas Mekar","jenjang":"TK","n200":3,"n500":8,"dmin":158.0},"geometry":{"type":"Point","coordinates":[110.446906,-6.985186]}},{"type":"Feature","properties":{"nama":"SD Negeri Sekaran 02","jenjang":"SD","n200":3,"n500":5,"dmin":47.0},"geometry":{"type":"Point","coordinates":[110.394726,-7.052059]}},{"type":"Feature","properties":{"nama":"SMK PL TARCISIUS 1","jenjang":"PT","n200":3,"n500":6,"dmin":50.0},"geometry":{"type":"Point","coordinates":[110.4539,-7.0048]}},{"type":"Feature","properties":{"nama":"TK PGRI 35 Kalicari 03","jenjang":"TK","n200":3,"n500":6,"dmin":72.0},"geometry":{"type":"Point","coordinates":[110.454691,-7.00537]}},{"type":"Feature","properties":{"nama":"TK Tarbiyatul Athfal 31","jenjang":"TK","n200":3,"n500":13,"dmin":55.0},"geometry":{"type":"Point","coordinates":[110.420146,-6.983155]}},{"type":"Feature","properties":{"nama":"RA/BA/TA TERPADU AL QOLAM","jenjang":"TK","n200":3,"n500":7,"dmin":12.0},"geometry":{"type":"Point","coordinates":[110.3956,-6.9884]}},{"type":"Feature","properties":{"nama":"KB - TK Taman Firdaus Yayasan Pendidikan Islam HS. Rahmah","jenjang":"TK","n200":3,"n500":6,"dmin":45.0},"geometry":{"type":"Point","coordinates":[110.394584,-7.055612]}},{"type":"Feature","properties":{"nama":"SD Negeri Bulu Lor","jenjang":"SD","n200":3,"n500":8,"dmin":68.0},"geometry":{"type":"Point","coordinates":[110.40484,-6.974572]}},{"type":"Feature","properties":{"nama":"TK III Pertiwi","jenjang":"TK","n200":3,"n500":12,"dmin":155.0},"geometry":{"type":"Point","coordinates":[110.434289,-7.056265]}},{"type":"Feature","properties":{"nama":"KB FAJAR RACHMA","jenjang":"TK","n200":3,"n500":13,"dmin":70.0},"geometry":{"type":"Point","coordinates":[110.4458,-6.9943]}},{"type":"Feature","properties":{"nama":"TK ABA 36 - KBA 07","jenjang":"TK","n200":3,"n500":8,"dmin":111.0},"geometry":{"type":"Point","coordinates":[110.442366,-7.004107]}},{"type":"Feature","properties":{"nama":"SMP Hasanuddin 2 Semarang","jenjang":"SMP","n200":3,"n500":13,"dmin":68.0},"geometry":{"type":"Point","coordinates":[110.42013,-6.983282]}},{"type":"Feature","properties":{"nama":"SD Negeri Sekaran 01","jenjang":"SD","n200":3,"n500":5,"dmin":45.0},"geometry":{"type":"Point","coordinates":[110.395631,-7.051322]}},{"type":"Feature","properties":{"nama":"SLB WIDYA BHAKTI","jenjang":"SLB","n200":3,"n500":6,"dmin":123.0},"geometry":{"type":"Point","coordinates":[110.4541,-7.0035]}},{"type":"Feature","properties":{"nama":"Akademi Kebidanan Panti Wilasa","jenjang":"PT","n200":3,"n500":8,"dmin":58.0},"geometry":{"type":"Point","coordinates":[110.439585,-6.970253]}},{"type":"Feature","properties":{"nama":"PAUD Pelangi Nusantara II","jenjang":"TK","n200":3,"n500":5,"dmin":45.0},"geometry":{"type":"Point","coordinates":[110.446806,-6.973504]}},{"type":"Feature","properties":{"nama":"MTs Negeri 2 Kota Semarang","jenjang":"SMP","n200":3,"n500":8,"dmin":128.0},"geometry":{"type":"Point","coordinates":[110.455008,-6.988378]}},{"type":"Feature","properties":{"nama":"SMA NEGERI 15","jenjang":"PT","n200":3,"n500":6,"dmin":74.0},"geometry":{"type":"Point","coordinates":[110.4631,-7.0232]}},{"type":"Feature","properties":{"nama":"SD Negeri Sawah Besar 01","jenjang":"SD","n200":3,"n500":5,"dmin":38.0},"geometry":{"type":"Point","coordinates":[110.447828,-6.974118]}},{"type":"Feature","properties":{"nama":"PAUD Pandanarum","jenjang":"TK","n200":3,"n500":8,"dmin":81.0},"geometry":{"type":"Point","coordinates":[110.418705,-6.973316]}},{"type":"Feature","properties":{"nama":"RA Miftahul Huda","jenjang":"TK","n200":3,"n500":3,"dmin":56.0},"geometry":{"type":"Point","coordinates":[110.335055,-7.06664]}},{"type":"Feature","properties":{"nama":"MI Futuhiyyah Palebon","jenjang":"SD","n200":3,"n500":6,"dmin":54.0},"geometry":{"type":"Point","coordinates":[110.469302,-7.003306]}},{"type":"Feature","properties":{"nama":"TK ISLAM TERPADU TAZKIA","jenjang":"TK","n200":3,"n500":3,"dmin":110.0},"geometry":{"type":"Point","coordinates":[110.3079,-7.0893]}},{"type":"Feature","properties":{"nama":"Universitas Stikubank","jenjang":"PT","n200":3,"n500":8,"dmin":33.0},"geometry":{"type":"Point","coordinates":[110.416912,-6.988351]}},{"type":"Feature","properties":{"nama":"TK Al Azhar MMK","jenjang":"TK","n200":3,"n500":5,"dmin":50.0},"geometry":{"type":"Point","coordinates":[110.472501,-6.997133]}},{"type":"Feature","properties":{"nama":"PAUD At Taubah","jenjang":"TK","n200":3,"n500":9,"dmin":116.0},"geometry":{"type":"Point","coordinates":[110.404192,-6.997168]}},{"type":"Feature","properties":{"nama":"SMA NEGERI 04","jenjang":"PT","n200":3,"n500":8,"dmin":82.0},"geometry":{"type":"Point","coordinates":[110.4124,-7.0736]}},{"type":"Feature","properties":{"nama":"TK PELITA BANGSA","jenjang":"TK","n200":2,"n500":12,"dmin":70.0},"geometry":{"type":"Point","coordinates":[110.428,-6.9829]}},{"type":"Feature","properties":{"nama":"TK NASIONAL PAKARTI LUHUR","jenjang":"TK","n200":2,"n500":3,"dmin":70.0},"geometry":{"type":"Point","coordinates":[110.4787,-6.9627]}},{"type":"Feature","properties":{"nama":"KB ISLAM PRIMADANA","jenjang":"TK","n200":2,"n500":8,"dmin":22.0},"geometry":{"type":"Point","coordinates":[110.4571,-6.9956]}},{"type":"Feature","properties":{"nama":"POS PAUD TUNAS BANGSA IV","jenjang":"TK","n200":2,"n500":6,"dmin":146.0},"geometry":{"type":"Point","coordinates":[110.452735,-7.012988]}},{"type":"Feature","properties":{"nama":"Universitas Semarang","jenjang":"PT","n200":2,"n500":6,"dmin":107.0},"geometry":{"type":"Point","coordinates":[110.452207,-6.982129]}},{"type":"Feature","properties":{"nama":"TK Darul Quran School","jenjang":"TK","n200":2,"n500":9,"dmin":70.0},"geometry":{"type":"Point","coordinates":[110.438572,-7.008997]}},{"type":"Feature","properties":{"nama":"SMP Perintis 29 Semarang","jenjang":"SMP","n200":2,"n500":7,"dmin":46.0},"geometry":{"type":"Point","coordinates":[110.41444,-7.029029]}},{"type":"Feature","properties":{"nama":"TK Aisyah Bustanul Athfal 23","jenjang":"TK","n200":2,"n500":9,"dmin":154.0},"geometry":{"type":"Point","coordinates":[110.386535,-6.988663]}},{"type":"Feature","properties":{"nama":"PAUD, TK Sriwidodo","jenjang":"TK","n200":2,"n500":6,"dmin":157.0},"geometry":{"type":"Point","coordinates":[110.366999,-6.990397]}},{"type":"Feature","properties":{"nama":"TK Turus Kamulyan","jenjang":"TK","n200":2,"n500":4,"dmin":86.0},"geometry":{"type":"Point","coordinates":[110.389127,-7.018047]}},{"type":"Feature","properties":{"nama":"SD IT Al Qolam","jenjang":"SD","n200":2,"n500":9,"dmin":149.0},"geometry":{"type":"Point","coordinates":[110.399656,-6.997529]}},{"type":"Feature","properties":{"nama":"SD Kristen Imanuel","jenjang":"SD","n200":2,"n500":5,"dmin":72.0},"geometry":{"type":"Point","coordinates":[110.417477,-7.007779]}},{"type":"Feature","properties":{"nama":"TK Kanisius Pekunden","jenjang":"TK","n200":2,"n500":10,"dmin":132.0},"geometry":{"type":"Point","coordinates":[110.414787,-6.984781]}},{"type":"Feature","properties":{"nama":"RA Birrul Walidain","jenjang":"TK","n200":2,"n500":9,"dmin":93.0},"geometry":{"type":"Point","coordinates":[110.41527,-6.96851]}},{"type":"Feature","properties":{"nama":"SMP Negeri 27 Semarang","jenjang":"SMP","n200":2,"n500":8,"dmin":129.0},"geometry":{"type":"Point","coordinates":[110.42226,-7.051077]}},{"type":"Feature","properties":{"nama":"TK 04 PGRI Kartini","jenjang":"TK","n200":2,"n500":9,"dmin":127.0},"geometry":{"type":"Point","coordinates":[110.43389,-6.984502]}},{"type":"Feature","properties":{"nama":"Paud Terpadu Aisyiyah Hj. Soendari Yahdi dan TK Bustanul Athfal 58","jenjang":"TK","n200":2,"n500":3,"dmin":88.0},"geometry":{"type":"Point","coordinates":[110.436768,-6.995343]}},{"type":"Feature","properties":{"nama":"SMP Negeri 36","jenjang":"SMP","n200":2,"n500":11,"dmin":98.0},"geometry":{"type":"Point","coordinates":[110.422509,-6.977989]}},{"type":"Feature","properties":{"nama":"SD Kanisius Pekunden","jenjang":"SD","n200":2,"n500":11,"dmin":140.0},"geometry":{"type":"Point","coordinates":[110.414819,-6.984515]}},{"type":"Feature","properties":{"nama":"SD Masehi PSAK Poncol","jenjang":"SD","n200":2,"n500":9,"dmin":134.0},"geometry":{"type":"Point","coordinates":[110.413089,-6.976093]}},{"type":"Feature","properties":{"nama":"SD Negeri Jomblang 02","jenjang":"SD","n200":2,"n500":4,"dmin":90.0},"geometry":{"type":"Point","coordinates":[110.435237,-7.010898]}},{"type":"Feature","properties":{"nama":"MTs NU Nurul Huda","jenjang":"SMP","n200":2,"n500":4,"dmin":195.0},"geometry":{"type":"Point","coordinates":[110.296859,-6.97111]}},{"type":"Feature","properties":{"nama":"SD Negeri Bubakan","jenjang":"SD","n200":2,"n500":4,"dmin":52.0},"geometry":{"type":"Point","coordinates":[110.320116,-7.092394]}},{"type":"Feature","properties":{"nama":"SD Tlogosari Wetan 02","jenjang":"SD","n200":2,"n500":6,"dmin":65.0},"geometry":{"type":"Point","coordinates":[110.472881,-6.994673]}},{"type":"Feature","properties":{"nama":"KB-TK Islam Bhakti Mulia","jenjang":"TK","n200":2,"n500":4,"dmin":153.0},"geometry":{"type":"Point","coordinates":[110.312173,-7.065403]}},{"type":"Feature","properties":{"nama":"TK Al - Maghfiroh","jenjang":"TK","n200":2,"n500":3,"dmin":91.0},"geometry":{"type":"Point","coordinates":[110.446478,-6.963386]}},{"type":"Feature","properties":{"nama":"SMK NEGERI 01","jenjang":"PT","n200":2,"n500":7,"dmin":100.0},"geometry":{"type":"Point","coordinates":[110.4347,-6.9804]}},{"type":"Feature","properties":{"nama":"MA AL ISHLAH","jenjang":"PT","n200":2,"n500":4,"dmin":125.0},"geometry":{"type":"Point","coordinates":[110.4636,-7.0562]}},{"type":"Feature","properties":{"nama":"SMA TEUKU UMAR","jenjang":"PT","n200":2,"n500":6,"dmin":46.0},"geometry":{"type":"Point","coordinates":[110.4116,-7.0296]}},{"type":"Feature","properties":{"nama":"POS PAUD BUNGA MATAHARI","jenjang":"TK","n200":2,"n500":9,"dmin":38.0},"geometry":{"type":"Point","coordinates":[110.44,-7.0603]}},{"type":"Feature","properties":{"nama":"TK MUTIARA KALIGIRI","jenjang":"TK","n200":2,"n500":7,"dmin":184.0},"geometry":{"type":"Point","coordinates":[110.45749,-7.000461]}},{"type":"Feature","properties":{"nama":"SD Negeri Pendirikan Lor 02","jenjang":"SD","n200":2,"n500":6,"dmin":43.0},"geometry":{"type":"Point","coordinates":[110.402721,-6.979981]}},{"type":"Feature","properties":{"nama":"SD Nasima","jenjang":"SD","n200":2,"n500":5,"dmin":67.0},"geometry":{"type":"Point","coordinates":[110.399259,-6.986775]}},{"type":"Feature","properties":{"nama":"SMK Negeri 2 Semarang","jenjang":"SMA","n200":2,"n500":8,"dmin":119.0},"geometry":{"type":"Point","coordinates":[110.433909,-6.986364]}},{"type":"Feature","properties":{"nama":"Yayasan Kanisius Cabang Semarang (TK - SD Kanisius Kurmosari)","jenjang":"TK","n200":2,"n500":8,"dmin":182.0},"geometry":{"type":"Point","coordinates":[110.396188,-6.986058]}},{"type":"Feature","properties":{"nama":"SD Negeri Sampangan 01","jenjang":"SD","n200":2,"n500":7,"dmin":67.0},"geometry":{"type":"Point","coordinates":[110.390807,-7.010788]}},{"type":"Feature","properties":{"nama":"SMP Negeri 26 Semarang","jenjang":"SMP","n200":2,"n500":2,"dmin":162.0},"geometry":{"type":"Point","coordinates":[110.416357,-7.085727]}},{"type":"Feature","properties":{"nama":"SD Islam Darul Huda","jenjang":"SD","n200":2,"n500":4,"dmin":155.0},"geometry":{"type":"Point","coordinates":[110.480466,-6.968448]}},{"type":"Feature","properties":{"nama":"TK Islam Al Ikhlas","jenjang":"TK","n200":2,"n500":11,"dmin":168.0},"geometry":{"type":"Point","coordinates":[110.458024,-6.986384]}},{"type":"Feature","properties":{"nama":"TK PGRI 33 Sumurboto","jenjang":"TK","n200":2,"n500":8,"dmin":27.0},"geometry":{"type":"Point","coordinates":[110.425786,-7.051789]}},{"type":"Feature","properties":{"nama":"SD Hj. Isriati Baiturrahman 2","jenjang":"SD","n200":2,"n500":9,"dmin":150.0},"geometry":{"type":"Point","coordinates":[110.377847,-7.010203]}},{"type":"Feature","properties":{"nama":"RA, TK Islam Hj. Sri Musiyarti","jenjang":"TK","n200":2,"n500":3,"dmin":118.0},"geometry":{"type":"Point","coordinates":[110.33744,-7.01311]}},{"type":"Feature","properties":{"nama":"SMK VETERAN","jenjang":"PT","n200":2,"n500":5,"dmin":50.0},"geometry":{"type":"Point","coordinates":[110.4571,-7.0339]}},{"type":"Feature","properties":{"nama":"SMA MASEHI 2 PSAK","jenjang":"PT","n200":2,"n500":3,"dmin":115.0},"geometry":{"type":"Point","coordinates":[110.4672,-7.0118]}},{"type":"Feature","properties":{"nama":"TK PGRI 115","jenjang":"TK","n200":2,"n500":2,"dmin":36.0},"geometry":{"type":"Point","coordinates":[110.355688,-6.983933]}},{"type":"Feature","properties":{"nama":"TK ALAM AR RIDHO","jenjang":"TK","n200":2,"n500":5,"dmin":132.0},"geometry":{"type":"Point","coordinates":[110.460899,-7.063777]}},{"type":"Feature","properties":{"nama":"Sekolah Tinggi Ilmu Ekonomi Cendekia Karya Utama","jenjang":"PT","n200":2,"n500":10,"dmin":69.0},"geometry":{"type":"Point","coordinates":[110.427724,-7.00652]}},{"type":"Feature","properties":{"nama":"TK Masehi PSAK Citandui","jenjang":"TK","n200":2,"n500":12,"dmin":137.0},"geometry":{"type":"Point","coordinates":[110.437971,-6.97386]}},{"type":"Feature","properties":{"nama":"KB-TK Dian Asih Montessori","jenjang":"TK","n200":2,"n500":6,"dmin":175.0},"geometry":{"type":"Point","coordinates":[110.433422,-6.99659]}},{"type":"Feature","properties":{"nama":"PAUD Puspita Sari","jenjang":"TK","n200":2,"n500":9,"dmin":147.0},"geometry":{"type":"Point","coordinates":[110.394459,-7.010351]}},{"type":"Feature","properties":{"nama":"RA Darul Ulum","jenjang":"TK","n200":2,"n500":5,"dmin":91.0},"geometry":{"type":"Point","coordinates":[110.319781,-7.005488]}},{"type":"Feature","properties":{"nama":"TK Aisyiyah BA 14","jenjang":"TK","n200":2,"n500":8,"dmin":81.0},"geometry":{"type":"Point","coordinates":[110.416879,-6.968484]}},{"type":"Feature","properties":{"nama":"TK Islam Tunas Melati","jenjang":"TK","n200":2,"n500":5,"dmin":63.0},"geometry":{"type":"Point","coordinates":[110.457032,-7.033777]}},{"type":"Feature","properties":{"nama":"SD Negeri Bojong Salaman 01","jenjang":"SD","n200":2,"n500":7,"dmin":83.0},"geometry":{"type":"Point","coordinates":[110.399605,-6.991681]}},{"type":"Feature","properties":{"nama":"TK - Madrasah Diniyah Satria Hasanudin","jenjang":"TK","n200":2,"n500":7,"dmin":33.0},"geometry":{"type":"Point","coordinates":[110.41131,-6.969581]}},{"type":"Feature","properties":{"nama":"PAUD Terpadu B&B","jenjang":"TK","n200":2,"n500":5,"dmin":143.0},"geometry":{"type":"Point","coordinates":[110.419875,-7.044392]}},{"type":"Feature","properties":{"nama":"PAUD Terpadu Dian Pertiwi","jenjang":"TK","n200":2,"n500":6,"dmin":125.0},"geometry":{"type":"Point","coordinates":[110.360431,-7.085679]}},{"type":"Feature","properties":{"nama":"PAUD Budi Luhur & TK Pakarti Luhur","jenjang":"TK","n200":2,"n500":5,"dmin":171.0},"geometry":{"type":"Point","coordinates":[110.473493,-6.990851]}},{"type":"Feature","properties":{"nama":"MTs Miftahussa'adah","jenjang":"SMP","n200":2,"n500":6,"dmin":25.0},"geometry":{"type":"Point","coordinates":[110.314374,-7.051463]}},{"type":"Feature","properties":{"nama":"SD Negeri Jatibarang 02","jenjang":"SD","n200":2,"n500":2,"dmin":45.0},"geometry":{"type":"Point","coordinates":[110.327712,-7.051554]}},{"type":"Feature","properties":{"nama":"KB-TK Tunas Mulia Bangsa","jenjang":"TK","n200":2,"n500":4,"dmin":155.0},"geometry":{"type":"Point","coordinates":[110.334018,-7.02635]}},{"type":"Feature","properties":{"nama":"PAUD - TK Tiara Hati","jenjang":"TK","n200":2,"n500":8,"dmin":144.0},"geometry":{"type":"Point","coordinates":[110.459668,-7.033052]}},{"type":"Feature","properties":{"nama":"SMAS MATARAM","jenjang":"PT","n200":2,"n500":12,"dmin":71.0},"geometry":{"type":"Point","coordinates":[110.4308,-6.9823]}},{"type":"Feature","properties":{"nama":"SMK TRIATMA JAYA","jenjang":"PT","n200":2,"n500":9,"dmin":160.0},"geometry":{"type":"Point","coordinates":[110.4443,-6.9976]}},{"type":"Feature","properties":{"nama":"SMK ROBBI RODLIYYA","jenjang":"PT","n200":2,"n500":5,"dmin":148.0},"geometry":{"type":"Point","coordinates":[110.48,-6.9586]}},{"type":"Feature","properties":{"nama":"SMA SEPULUH NOVEMBER","jenjang":"PT","n200":2,"n500":12,"dmin":64.0},"geometry":{"type":"Point","coordinates":[110.426061,-7.002896]}},{"type":"Feature","properties":{"nama":"SMA ISLAM SULTAN AGUNG 1","jenjang":"PT","n200":2,"n500":9,"dmin":82.0},"geometry":{"type":"Point","coordinates":[110.430995,-6.996687]}},{"type":"Feature","properties":{"nama":"TK DINAR AKSARA","jenjang":"TK","n200":2,"n500":2,"dmin":117.0},"geometry":{"type":"Point","coordinates":[110.467635,-7.0617]}},{"type":"Feature","properties":{"nama":"Akademi Teknik Wacana Manunggal Semarang","jenjang":"PT","n200":2,"n500":13,"dmin":84.0},"geometry":{"type":"Point","coordinates":[110.428862,-7.004968]}},{"type":"Feature","properties":{"nama":"Sekolah Nasima KB-TK","jenjang":"TK","n200":2,"n500":5,"dmin":118.0},"geometry":{"type":"Point","coordinates":[110.398633,-6.986205]}},{"type":"Feature","properties":{"nama":"TK Merpati","jenjang":"TK","n200":2,"n500":5,"dmin":100.0},"geometry":{"type":"Point","coordinates":[110.423042,-7.020443]}},{"type":"Feature","properties":{"nama":"SD SMP Al-Irsyad","jenjang":"SMP","n200":2,"n500":7,"dmin":37.0},"geometry":{"type":"Point","coordinates":[110.420092,-6.967553]}},{"type":"Feature","properties":{"nama":"SMP & SMK Muhammadiyah 2","jenjang":"SMA","n200":2,"n500":6,"dmin":35.0},"geometry":{"type":"Point","coordinates":[110.426136,-7.020157]}},{"type":"Feature","properties":{"nama":"SMA Kesatrian 2 Semarang","jenjang":"SMA","n200":2,"n500":8,"dmin":74.0},"geometry":{"type":"Point","coordinates":[110.449247,-6.982642]}},{"type":"Feature","properties":{"nama":"SMA Islam Sultan Agung I","jenjang":"SMA","n200":2,"n500":8,"dmin":58.0},"geometry":{"type":"Point","coordinates":[110.431382,-6.997068]}},{"type":"Feature","properties":{"nama":"SMP Negeri 8 Semarang","jenjang":"SMP","n200":2,"n500":6,"dmin":64.0},"geometry":{"type":"Point","coordinates":[110.436667,-7.011138]}},{"type":"Feature","properties":{"nama":"Paud Kenanga","jenjang":"TK","n200":2,"n500":9,"dmin":76.0},"geometry":{"type":"Point","coordinates":[110.409419,-6.976548]}},{"type":"Feature","properties":{"nama":"SD Negeri Kalicari 02","jenjang":"SD","n200":2,"n500":6,"dmin":136.0},"geometry":{"type":"Point","coordinates":[110.455281,-6.995742]}},{"type":"Feature","properties":{"nama":"Pos PAUD Mugi Rahayu","jenjang":"TK","n200":2,"n500":4,"dmin":178.0},"geometry":{"type":"Point","coordinates":[110.409142,-7.030915]}},{"type":"Feature","properties":{"nama":"KB- TK Kencana","jenjang":"TK","n200":2,"n500":7,"dmin":172.0},"geometry":{"type":"Point","coordinates":[110.392861,-6.98063]}},{"type":"Feature","properties":{"nama":"SD Negeri Kembangsari 02","jenjang":"SD","n200":2,"n500":12,"dmin":119.0},"geometry":{"type":"Point","coordinates":[110.41787,-6.980036]}},{"type":"Feature","properties":{"nama":"TK Negeri Pembina","jenjang":"TK","n200":2,"n500":6,"dmin":128.0},"geometry":{"type":"Point","coordinates":[110.400618,-7.003316]}},{"type":"Feature","properties":{"nama":"TK PGRI 23","jenjang":"TK","n200":2,"n500":6,"dmin":73.0},"geometry":{"type":"Point","coordinates":[110.418893,-6.966203]}},{"type":"Feature","properties":{"nama":"TK Khalifah 50","jenjang":"TK","n200":2,"n500":7,"dmin":106.0},"geometry":{"type":"Point","coordinates":[110.480742,-6.981901]}},{"type":"Feature","properties":{"nama":"SMP-SMK Cinde","jenjang":"SMA","n200":2,"n500":6,"dmin":59.0},"geometry":{"type":"Point","coordinates":[110.435927,-7.01124]}},{"type":"Feature","properties":{"nama":"SD Negeri Pudak Payung 01","jenjang":"SD","n200":2,"n500":4,"dmin":71.0},"geometry":{"type":"Point","coordinates":[110.410194,-7.093889]}},{"type":"Feature","properties":{"nama":"TK Alif Babussaman","jenjang":"TK","n200":2,"n500":2,"dmin":189.0},"geometry":{"type":"Point","coordinates":[110.465299,-6.992127]}},{"type":"Feature","properties":{"nama":"RA Purwanida 04","jenjang":"TK","n200":2,"n500":2,"dmin":94.0},"geometry":{"type":"Point","coordinates":[110.47166,-7.056634]}},{"type":"Feature","properties":{"nama":"PAUD dan TK Tunas Mekar","jenjang":"TK","n200":2,"n500":5,"dmin":113.0},"geometry":{"type":"Point","coordinates":[110.459586,-7.030734]}},{"type":"Feature","properties":{"nama":"SLB C DHARMA MULIA","jenjang":"SLB","n200":2,"n500":6,"dmin":151.0},"geometry":{"type":"Point","coordinates":[110.4588,-7.0363]}},{"type":"Feature","properties":{"nama":"SMAS KEBON DALEM","jenjang":"PT","n200":2,"n500":15,"dmin":43.0},"geometry":{"type":"Point","coordinates":[110.4241,-6.9787]}},{"type":"Feature","properties":{"nama":"SMA SINT LOUIS","jenjang":"PT","n200":2,"n500":6,"dmin":101.0},"geometry":{"type":"Point","coordinates":[110.424,-7.0214]}},{"type":"Feature","properties":{"nama":"TK MATARAM","jenjang":"TK","n200":2,"n500":11,"dmin":41.0},"geometry":{"type":"Point","coordinates":[110.431,-6.982]}},{"type":"Feature","properties":{"nama":"POS PAUD TUNAS HARAPAN","jenjang":"TK","n200":2,"n500":4,"dmin":76.0},"geometry":{"type":"Point","coordinates":[110.365796,-6.995733]}},{"type":"Feature","properties":{"nama":"KB PELITA BANGSA","jenjang":"TK","n200":2,"n500":12,"dmin":78.0},"geometry":{"type":"Point","coordinates":[110.428057,-6.982832]}},{"type":"Feature","properties":{"nama":"POS PAUD MEKARSARI","jenjang":"TK","n200":2,"n500":3,"dmin":142.0},"geometry":{"type":"Point","coordinates":[110.474,-7.0123]}},{"type":"Feature","properties":{"nama":"KB SUNU AJI 05","jenjang":"TK","n200":2,"n500":2,"dmin":179.0},"geometry":{"type":"Point","coordinates":[110.4752,-7.0106]}},{"type":"Feature","properties":{"nama":"POS PAUD SEKAR KANTIL","jenjang":"TK","n200":2,"n500":8,"dmin":60.0},"geometry":{"type":"Point","coordinates":[110.455639,-7.003701]}},{"type":"Feature","properties":{"nama":"TK Kranggan","jenjang":"TK","n200":2,"n500":10,"dmin":113.0},"geometry":{"type":"Point","coordinates":[110.422421,-6.975697]}},{"type":"Feature","properties":{"nama":"KB-TK Kebon Dalem 2","jenjang":"TK","n200":2,"n500":5,"dmin":102.0},"geometry":{"type":"Point","coordinates":[110.458235,-7.029871]}},{"type":"Feature","properties":{"nama":"SMK Muhammadiyah 1 Semarang","jenjang":"SMA","n200":2,"n500":8,"dmin":30.0},"geometry":{"type":"Point","coordinates":[110.407224,-6.97851]}},{"type":"Feature","properties":{"nama":"SMP Kebon Dalem 2 Sambiroto","jenjang":"SMP","n200":2,"n500":4,"dmin":84.0},"geometry":{"type":"Point","coordinates":[110.458195,-7.029533]}},{"type":"Feature","properties":{"nama":"MI Walisongo","jenjang":"SD","n200":2,"n500":6,"dmin":76.0},"geometry":{"type":"Point","coordinates":[110.362853,-6.986017]}},{"type":"Feature","properties":{"nama":"TK Negeri Semarang","jenjang":"TK","n200":2,"n500":6,"dmin":134.0},"geometry":{"type":"Point","coordinates":[110.410483,-6.996391]}},{"type":"Feature","properties":{"nama":"TK PGRI 26","jenjang":"TK","n200":2,"n500":2,"dmin":65.0},"geometry":{"type":"Point","coordinates":[110.424255,-7.032932]}},{"type":"Feature","properties":{"nama":"TK Aisyiyah Bustanul Athfal 60 & KB Aisyiyah Bustanul Athfal 25","jenjang":"TK","n200":2,"n500":3,"dmin":101.0},"geometry":{"type":"Point","coordinates":[110.368588,-6.982179]}},{"type":"Feature","properties":{"nama":"TK Kanisius","jenjang":"TK","n200":2,"n500":5,"dmin":154.0},"geometry":{"type":"Point","coordinates":[110.413183,-6.972596]}},{"type":"Feature","properties":{"nama":"KB-RA Walisongo","jenjang":"TK","n200":2,"n500":6,"dmin":100.0},"geometry":{"type":"Point","coordinates":[110.362904,-6.985801]}},{"type":"Feature","properties":{"nama":"KB Aisyiyah 26 - TK Aisyiyah Bustanul Athfal 36","jenjang":"TK","n200":2,"n500":3,"dmin":83.0},"geometry":{"type":"Point","coordinates":[110.388728,-7.020477]}},{"type":"Feature","properties":{"nama":"SMP Ekarini","jenjang":"SMP","n200":2,"n500":8,"dmin":126.0},"geometry":{"type":"Point","coordinates":[110.39965,-6.99129]}},{"type":"Feature","properties":{"nama":"KB, TK Siti Sulaechah 04","jenjang":"TK","n200":2,"n500":12,"dmin":171.0},"geometry":{"type":"Point","coordinates":[110.428298,-6.992376]}},{"type":"Feature","properties":{"nama":"TK Al Fatah","jenjang":"TK","n200":2,"n500":3,"dmin":144.0},"geometry":{"type":"Point","coordinates":[110.365502,-6.997914]}},{"type":"Feature","properties":{"nama":"Pos PAUD Surya Gemilang","jenjang":"TK","n200":2,"n500":6,"dmin":179.0},"geometry":{"type":"Point","coordinates":[110.381786,-6.996538]}},{"type":"Feature","properties":{"nama":"SMP Hasanuddin 4","jenjang":"SMP","n200":2,"n500":3,"dmin":76.0},"geometry":{"type":"Point","coordinates":[110.307118,-7.088688]}},{"type":"Feature","properties":{"nama":"MI Roudlotul Hudan Sekaran - Yayasan Al Ma'arif","jenjang":"SMA","n200":2,"n500":7,"dmin":51.0},"geometry":{"type":"Point","coordinates":[110.395089,-7.055278]}},{"type":"Feature","properties":{"nama":"MI Al Hikmah","jenjang":"SD","n200":2,"n500":2,"dmin":67.0},"geometry":{"type":"Point","coordinates":[110.334787,-7.093505]}},{"type":"Feature","properties":{"nama":"SD Negeri Pendirikan Lor 01","jenjang":"SD","n200":2,"n500":8,"dmin":94.0},"geometry":{"type":"Point","coordinates":[110.407177,-6.977638]}},{"type":"Feature","properties":{"nama":"SMP H. Isriyati","jenjang":"SMP","n200":2,"n500":10,"dmin":96.0},"geometry":{"type":"Point","coordinates":[110.377749,-7.00963]}},{"type":"Feature","properties":{"nama":"PAUD dan TK Islam Harapan Bangsa","jenjang":"TK","n200":2,"n500":6,"dmin":6.0},"geometry":{"type":"Point","coordinates":[110.460958,-6.977976]}},{"type":"Feature","properties":{"nama":"TK Harapan Bunda 3","jenjang":"TK","n200":2,"n500":7,"dmin":154.0},"geometry":{"type":"Point","coordinates":[110.459514,-6.988594]}},{"type":"Feature","properties":{"nama":"SMK TAMANSISWA","jenjang":"PT","n200":2,"n500":7,"dmin":101.0},"geometry":{"type":"Point","coordinates":[110.4414,-6.9705]}},{"type":"Feature","properties":{"nama":"POS PAUD KASIH IBU","jenjang":"TK","n200":2,"n500":6,"dmin":88.0},"geometry":{"type":"Point","coordinates":[110.429316,-6.970929]}},{"type":"Feature","properties":{"nama":"Akademi Sekretari Marsudirini Santa Maria","jenjang":"PT","n200":2,"n500":8,"dmin":109.0},"geometry":{"type":"Point","coordinates":[110.397141,-7.007846]}},{"type":"Feature","properties":{"nama":"SMA ISLAM HIDAYATULLAH","jenjang":"PT","n200":2,"n500":12,"dmin":63.0},"geometry":{"type":"Point","coordinates":[110.422185,-7.072672]}},{"type":"Feature","properties":{"nama":"PG & TK Kristen Kanaan","jenjang":"TK","n200":2,"n500":4,"dmin":169.0},"geometry":{"type":"Point","coordinates":[110.396745,-6.969438]}},{"type":"Feature","properties":{"nama":"TK Masehi PSAK Poncol","jenjang":"TK","n200":2,"n500":9,"dmin":135.0},"geometry":{"type":"Point","coordinates":[110.413028,-6.976026]}},{"type":"Feature","properties":{"nama":"PAUD-TK Theresiana","jenjang":"TK","n200":2,"n500":12,"dmin":170.0},"geometry":{"type":"Point","coordinates":[110.427752,-6.985938]}},{"type":"Feature","properties":{"nama":"PAUD Tunas Mekar","jenjang":"TK","n200":2,"n500":11,"dmin":101.0},"geometry":{"type":"Point","coordinates":[110.366797,-6.985593]}},{"type":"Feature","properties":{"nama":"TK Shalom","jenjang":"TK","n200":2,"n500":5,"dmin":116.0},"geometry":{"type":"Point","coordinates":[110.389928,-6.999725]}},{"type":"Feature","properties":{"nama":"KB Nadia","jenjang":"TK","n200":2,"n500":5,"dmin":89.0},"geometry":{"type":"Point","coordinates":[110.438471,-7.003378]}},{"type":"Feature","properties":{"nama":"SMP, SMA Masehi 1 PSAK","jenjang":"SMA","n200":2,"n500":8,"dmin":170.0},"geometry":{"type":"Point","coordinates":[110.413406,-6.975973]}},{"type":"Feature","properties":{"nama":"TK Marsudisiwi","jenjang":"TK","n200":2,"n500":4,"dmin":23.0},"geometry":{"type":"Point","coordinates":[110.410658,-7.093939]}},{"type":"Feature","properties":{"nama":"SD Cor Jesu","jenjang":"SD","n200":2,"n500":4,"dmin":88.0},"geometry":{"type":"Point","coordinates":[110.436412,-6.995058]}},{"type":"Feature","properties":{"nama":"SD Negeri Kaliwiru","jenjang":"SD","n200":2,"n500":5,"dmin":80.0},"geometry":{"type":"Point","coordinates":[110.423146,-7.02065]}},{"type":"Feature","properties":{"nama":"SMA Widya Mandala","jenjang":"SMA","n200":2,"n500":5,"dmin":113.0},"geometry":{"type":"Point","coordinates":[110.389422,-7.01281]}},{"type":"Feature","properties":{"nama":"TK PKK Cinde","jenjang":"TK","n200":2,"n500":6,"dmin":123.0},"geometry":{"type":"Point","coordinates":[110.436156,-7.011818]}},{"type":"Feature","properties":{"nama":"SMA Kesatrian 1 Semarang","jenjang":"SMA","n200":2,"n500":8,"dmin":6.0},"geometry":{"type":"Point","coordinates":[110.385978,-6.987385]}},{"type":"Feature","properties":{"nama":"RA-TK Al-Hikmah","jenjang":"TK","n200":2,"n500":2,"dmin":149.0},"geometry":{"type":"Point","coordinates":[110.33549,-7.093178]}},{"type":"Feature","properties":{"nama":"TK Islam Azzahra","jenjang":"TK","n200":2,"n500":3,"dmin":117.0},"geometry":{"type":"Point","coordinates":[110.30817,-7.078093]}},{"type":"Feature","properties":{"nama":"SD Negeri Ngadirgo 01","jenjang":"SD","n200":2,"n500":6,"dmin":174.0},"geometry":{"type":"Point","coordinates":[110.316644,-7.05103]}},{"type":"Feature","properties":{"nama":"SD Tlogomulyo","jenjang":"SD","n200":2,"n500":2,"dmin":75.0},"geometry":{"type":"Point","coordinates":[110.481041,-6.999418]}},{"type":"Feature","properties":{"nama":"SD Negeri Wonosari 02","jenjang":"SD","n200":2,"n500":4,"dmin":97.0},"geometry":{"type":"Point","coordinates":[110.297252,-6.973665]}},{"type":"Feature","properties":{"nama":"SMK PERINTIS 29 01","jenjang":"PT","n200":2,"n500":4,"dmin":100.0},"geometry":{"type":"Point","coordinates":[110.413,-7.0311]}},{"type":"Feature","properties":{"nama":"TK DANIEL CREATIVE SCHOOL GAJAH MADA","jenjang":"TK","n200":2,"n500":14,"dmin":91.0},"geometry":{"type":"Point","coordinates":[110.421908,-6.980157]}},{"type":"Feature","properties":{"nama":"TK PEMBINA ISLAM PRIMADANA","jenjang":"TK","n200":2,"n500":7,"dmin":46.0},"geometry":{"type":"Point","coordinates":[110.457,-6.995]}},{"type":"Feature","properties":{"nama":"RA/BA/TA PERWANIDA 01","jenjang":"TK","n200":2,"n500":3,"dmin":191.0},"geometry":{"type":"Point","coordinates":[110.419759,-7.016335]}},{"type":"Feature","properties":{"nama":"RA HJ SITI ANISAH","jenjang":"TK","n200":2,"n500":6,"dmin":147.0},"geometry":{"type":"Point","coordinates":[110.459377,-7.025397]}},{"type":"Feature","properties":{"nama":"Akademi Pelayaran Niaga Indonesia Semarang","jenjang":"PT","n200":2,"n500":6,"dmin":18.0},"geometry":{"type":"Point","coordinates":[110.438125,-7.005145]}},{"type":"Feature","properties":{"nama":"POS PAUD MUTIARA","jenjang":"TK","n200":2,"n500":8,"dmin":57.0},"geometry":{"type":"Point","coordinates":[110.4556,-7.0037]}},{"type":"Feature","properties":{"nama":"Pos PAUD Harum Sari","jenjang":"TK","n200":2,"n500":4,"dmin":116.0},"geometry":{"type":"Point","coordinates":[110.411835,-6.986831]}},{"type":"Feature","properties":{"nama":"TK Kristen Imanuel","jenjang":"TK","n200":2,"n500":5,"dmin":80.0},"geometry":{"type":"Point","coordinates":[110.4174,-7.007787]}},{"type":"Feature","properties":{"nama":"KB-TK IT Al Kamilah","jenjang":"TK","n200":2,"n500":11,"dmin":159.0},"geometry":{"type":"Point","coordinates":[110.422034,-7.071797]}},{"type":"Feature","properties":{"nama":"Area Parkir Sekolah SMK Cut Nya Dien","jenjang":"SMA","n200":2,"n500":3,"dmin":127.0},"geometry":{"type":"Point","coordinates":[110.480629,-6.968945]}},{"type":"Feature","properties":{"nama":"SMP - SMK Trimulya","jenjang":"SMA","n200":2,"n500":8,"dmin":48.0},"geometry":{"type":"Point","coordinates":[110.387544,-6.988155]}},{"type":"Feature","properties":{"nama":"KB - TK Talenta","jenjang":"TK","n200":2,"n500":9,"dmin":147.0},"geometry":{"type":"Point","coordinates":[110.386357,-6.990521]}},{"type":"Feature","properties":{"nama":"KB-TK Pratama Wijaya","jenjang":"TK","n200":2,"n500":6,"dmin":146.0},"geometry":{"type":"Point","coordinates":[110.442768,-7.005734]}},{"type":"Feature","properties":{"nama":"SMA Kebon Dalem","jenjang":"SMA","n200":2,"n500":18,"dmin":75.0},"geometry":{"type":"Point","coordinates":[110.424196,-6.978405]}},{"type":"Feature","properties":{"nama":"SD Pangudi Luhur Santo Yusup","jenjang":"SD","n200":2,"n500":4,"dmin":90.0},"geometry":{"type":"Point","coordinates":[110.432722,-6.996207]}},{"type":"Feature","properties":{"nama":"TK CENDEKIA","jenjang":"TK","n200":2,"n500":5,"dmin":130.0},"geometry":{"type":"Point","coordinates":[110.4669,-6.9656]}},{"type":"Feature","properties":{"nama":"TK PL GUNUNG BRINTIK","jenjang":"TK","n200":2,"n500":7,"dmin":148.0},"geometry":{"type":"Point","coordinates":[110.394907,-6.982904]}},{"type":"Feature","properties":{"nama":"TK SEKAR MEKAR","jenjang":"TK","n200":2,"n500":7,"dmin":48.0},"geometry":{"type":"Point","coordinates":[110.3945,-7.0527]}},{"type":"Feature","properties":{"nama":"KB AISYIYAH 26","jenjang":"TK","n200":2,"n500":2,"dmin":58.0},"geometry":{"type":"Point","coordinates":[110.382902,-7.020982]}},{"type":"Feature","properties":{"nama":"AKTEK Radiodiagnostik & Radioterapi Patriot Bangsa","jenjang":"PT","n200":2,"n500":10,"dmin":126.0},"geometry":{"type":"Point","coordinates":[110.428545,-7.055539]}},{"type":"Feature","properties":{"nama":"Universitas Wahid Hasyim","jenjang":"PT","n200":2,"n500":6,"dmin":147.0},"geometry":{"type":"Point","coordinates":[110.389336,-7.011946]}},{"type":"Feature","properties":{"nama":"SMP Negeri 7 Semarang","jenjang":"SMP","n200":2,"n500":5,"dmin":140.0},"geometry":{"type":"Point","coordinates":[110.409991,-6.981093]}},{"type":"Feature","properties":{"nama":"SMP Islam Al Azhar 23 & SMA Islam Al Azhar 15","jenjang":"SMA","n200":2,"n500":8,"dmin":152.0},"geometry":{"type":"Point","coordinates":[110.38185,-6.986749]}},{"type":"Feature","properties":{"nama":"TK Aisyiyah Bustanul Athfal 33","jenjang":"TK","n200":2,"n500":10,"dmin":147.0},"geometry":{"type":"Point","coordinates":[110.447282,-6.987629]}},{"type":"Feature","properties":{"nama":"TK I Pertiwi","jenjang":"TK","n200":2,"n500":7,"dmin":56.0},"geometry":{"type":"Point","coordinates":[110.438413,-7.005427]}},{"type":"Feature","properties":{"nama":"MI Al-Khoiriyyah 02","jenjang":"SD","n200":2,"n500":6,"dmin":70.0},"geometry":{"type":"Point","coordinates":[110.403402,-6.980677]}},{"type":"Feature","properties":{"nama":"Paud Kasih Bunda","jenjang":"TK","n200":2,"n500":5,"dmin":87.0},"geometry":{"type":"Point","coordinates":[110.405367,-6.966524]}},{"type":"Feature","properties":{"nama":"TK PGRI 46","jenjang":"TK","n200":2,"n500":6,"dmin":75.0},"geometry":{"type":"Point","coordinates":[110.431513,-7.007923]}},{"type":"Feature","properties":{"nama":"SD - SLTP Luar Biasa Yayasan Widya Bhakti","jenjang":"SD","n200":2,"n500":6,"dmin":115.0},"geometry":{"type":"Point","coordinates":[110.454168,-7.003377]}},{"type":"Feature","properties":{"nama":"SD Negeri Jatisari","jenjang":"SD","n200":2,"n500":3,"dmin":175.0},"geometry":{"type":"Point","coordinates":[110.308313,-7.077112]}},{"type":"Feature","properties":{"nama":"SD Negeri Sumurejo 01","jenjang":"SD","n200":2,"n500":3,"dmin":84.0},"geometry":{"type":"Point","coordinates":[110.393381,-7.108672]}},{"type":"Feature","properties":{"nama":"SD Negeri Sembungharjo 2","jenjang":"SD","n200":2,"n500":2,"dmin":26.0},"geometry":{"type":"Point","coordinates":[110.488516,-6.972077]}},{"type":"Feature","properties":{"nama":"TK Taman Firdaus","jenjang":"TK","n200":2,"n500":2,"dmin":121.0},"geometry":{"type":"Point","coordinates":[110.42331,-7.03402]}},{"type":"Feature","properties":{"nama":"SD Negeri Sumurboto","jenjang":"SD","n200":2,"n500":8,"dmin":66.0},"geometry":{"type":"Point","coordinates":[110.4262,-7.051079]}},{"type":"Feature","properties":{"nama":"PG-TK Bhakti Ananda","jenjang":"TK","n200":2,"n500":7,"dmin":149.0},"geometry":{"type":"Point","coordinates":[110.306938,-7.071185]}},{"type":"Feature","properties":{"nama":"TK Tunas Bahari","jenjang":"TK","n200":2,"n500":4,"dmin":138.0},"geometry":{"type":"Point","coordinates":[110.475812,-6.986733]}},{"type":"Feature","properties":{"nama":"SMK MUHAMMADIYAH 1","jenjang":"PT","n200":2,"n500":8,"dmin":49.0},"geometry":{"type":"Point","coordinates":[110.407187,-6.978092]}},{"type":"Feature","properties":{"nama":"TK TARBIYATUL ATHFAL 28","jenjang":"TK","n200":2,"n500":5,"dmin":123.0},"geometry":{"type":"Point","coordinates":[110.328,-6.9677]}},{"type":"Feature","properties":{"nama":"TK KEMALA BHAYANGKARI 05","jenjang":"TK","n200":2,"n500":11,"dmin":80.0},"geometry":{"type":"Point","coordinates":[110.4011,-6.9949]}},{"type":"Feature","properties":{"nama":"POS PAUD MUTIARA BUNDA","jenjang":"TK","n200":2,"n500":5,"dmin":6.0},"geometry":{"type":"Point","coordinates":[110.38599,-7.074574]}},{"type":"Feature","properties":{"nama":"Sekolah Tinggi Elektronika & Komputer (STEKOM)","jenjang":"PT","n200":2,"n500":5,"dmin":70.0},"geometry":{"type":"Point","coordinates":[110.460236,-7.006764]}},{"type":"Feature","properties":{"nama":"Universitas Maritim AMNI","jenjang":"PT","n200":2,"n500":6,"dmin":188.0},"geometry":{"type":"Point","coordinates":[110.461741,-6.995968]}},{"type":"Feature","properties":{"nama":"Pos PAUD Teratai Putih","jenjang":"TK","n200":2,"n500":4,"dmin":163.0},"geometry":{"type":"Point","coordinates":[110.465506,-7.010161]}},{"type":"Feature","properties":{"nama":"Paud Pandega Siwi","jenjang":"TK","n200":2,"n500":8,"dmin":120.0},"geometry":{"type":"Point","coordinates":[110.457904,-6.988175]}},{"type":"Feature","properties":{"nama":"RA Darus Sa'adah","jenjang":"TK","n200":2,"n500":4,"dmin":90.0},"geometry":{"type":"Point","coordinates":[110.453265,-6.977026]}},{"type":"Feature","properties":{"nama":"PAUD Terpadu & TK Al - Mufid","jenjang":"TK","n200":2,"n500":4,"dmin":44.0},"geometry":{"type":"Point","coordinates":[110.479119,-7.040612]}},{"type":"Feature","properties":{"nama":"KB- TK Hang Tuah 15","jenjang":"TK","n200":2,"n500":8,"dmin":142.0},"geometry":{"type":"Point","coordinates":[110.383788,-6.987225]}},{"type":"Feature","properties":{"nama":"SD Hj Isriati Baiturrahman 1","jenjang":"SD","n200":2,"n500":9,"dmin":78.0},"geometry":{"type":"Point","coordinates":[110.421731,-6.988881]}},{"type":"Feature","properties":{"nama":"TK Indria","jenjang":"TK","n200":2,"n500":7,"dmin":79.0},"geometry":{"type":"Point","coordinates":[110.441225,-6.970628]}},{"type":"Feature","properties":{"nama":"Paud Bina Asih, TK Karang Taruna","jenjang":"TK","n200":2,"n500":11,"dmin":73.0},"geometry":{"type":"Point","coordinates":[110.41529,-6.98383]}},{"type":"Feature","properties":{"nama":"SMP-SMA 10 Nopember","jenjang":"SMA","n200":2,"n500":12,"dmin":60.0},"geometry":{"type":"Point","coordinates":[110.426185,-7.002952]}},{"type":"Feature","properties":{"nama":"SD Negeri Dadapsari","jenjang":"SD","n200":2,"n500":6,"dmin":105.0},"geometry":{"type":"Point","coordinates":[110.418601,-6.966205]}},{"type":"Feature","properties":{"nama":"PAUD Saraswati","jenjang":"TK","n200":2,"n500":7,"dmin":102.0},"geometry":{"type":"Point","coordinates":[110.419406,-6.970241]}},{"type":"Feature","properties":{"nama":"SD Negeri Sarirejo Kartini","jenjang":"SD","n200":2,"n500":9,"dmin":119.0},"geometry":{"type":"Point","coordinates":[110.434002,-6.984948]}},{"type":"Feature","properties":{"nama":"SD Negeri Krapyak","jenjang":"SD","n200":2,"n500":5,"dmin":79.0},"geometry":{"type":"Point","coordinates":[110.368016,-6.983281]}},{"type":"Feature","properties":{"nama":"SD Marsudirini Gedangan","jenjang":"SD","n200":2,"n500":9,"dmin":100.0},"geometry":{"type":"Point","coordinates":[110.430519,-6.966918]}},{"type":"Feature","properties":{"nama":"TK PGRI 10 Siliwangi","jenjang":"TK","n200":2,"n500":10,"dmin":30.0},"geometry":{"type":"Point","coordinates":[110.385159,-6.990503]}},{"type":"Feature","properties":{"nama":"SMA Masehi 2 PSAK dan SMP Masehi 3 PSAK","jenjang":"SMA","n200":2,"n500":3,"dmin":114.0},"geometry":{"type":"Point","coordinates":[110.467096,-7.01183]}},{"type":"Feature","properties":{"nama":"SD Islam Terpadu Mutiara Hati","jenjang":"TK","n200":2,"n500":4,"dmin":101.0},"geometry":{"type":"Point","coordinates":[110.38942,-7.074498]}},{"type":"Feature","properties":{"nama":"SMK Negeri 11 Semarang","jenjang":"SMA","n200":2,"n500":4,"dmin":121.0},"geometry":{"type":"Point","coordinates":[110.422322,-7.078178]}},{"type":"Feature","properties":{"nama":"SD Negeri Srondol Wetan 01","jenjang":"SD","n200":2,"n500":7,"dmin":50.0},"geometry":{"type":"Point","coordinates":[110.416585,-7.063115]}},{"type":"Feature","properties":{"nama":"SMP Negeri 29 Semarang","jenjang":"SMP","n200":2,"n500":4,"dmin":77.0},"geometry":{"type":"Point","coordinates":[110.464298,-7.022573]}},{"type":"Feature","properties":{"nama":"SMP-SMA Islam Hidayatullah","jenjang":"SMA","n200":2,"n500":12,"dmin":71.0},"geometry":{"type":"Point","coordinates":[110.422242,-7.072566]}},{"type":"Feature","properties":{"nama":"SMP Negeri 38","jenjang":"SMP","n200":2,"n500":7,"dmin":134.0},"geometry":{"type":"Point","coordinates":[110.429936,-6.970803]}},{"type":"Feature","properties":{"nama":"SMP Negeri 38","jenjang":"SMP","n200":2,"n500":7,"dmin":114.0},"geometry":{"type":"Point","coordinates":[110.43002,-6.970645]}},{"type":"Feature","properties":{"nama":"TK Bhakti Pertiwi III","jenjang":"TK","n200":2,"n500":5,"dmin":164.0},"geometry":{"type":"Point","coordinates":[110.465582,-7.022296]}},{"type":"Feature","properties":{"nama":"TK PGRA Islam Tunas Bangsa 4","jenjang":"TK","n200":2,"n500":3,"dmin":89.0},"geometry":{"type":"Point","coordinates":[110.325957,-6.991385]}},{"type":"Feature","properties":{"nama":"SMK CUT NYA DIEN","jenjang":"PT","n200":2,"n500":3,"dmin":114.0},"geometry":{"type":"Point","coordinates":[110.4808,-6.9686]}},{"type":"Feature","properties":{"nama":"Sekolah Tinggi Maritim Dan Transpor AMNI","jenjang":"PT","n200":2,"n500":6,"dmin":188.0},"geometry":{"type":"Point","coordinates":[110.461741,-6.995968]}},{"type":"Feature","properties":{"nama":"SMK YPE","jenjang":"PT","n200":2,"n500":4,"dmin":77.0},"geometry":{"type":"Point","coordinates":[110.3899,-7.0204]}},{"type":"Feature","properties":{"nama":"KB MARIA REGINA","jenjang":"TK","n200":2,"n500":2,"dmin":149.0},"geometry":{"type":"Point","coordinates":[110.41,-7.0146]}},{"type":"Feature","properties":{"nama":"PAUD Wijaya Kusuma","jenjang":"TK","n200":2,"n500":4,"dmin":169.0},"geometry":{"type":"Point","coordinates":[110.469366,-7.059566]}},{"type":"Feature","properties":{"nama":"TK Siwi Peni","jenjang":"TK","n200":2,"n500":7,"dmin":28.0},"geometry":{"type":"Point","coordinates":[110.431396,-7.007153]}},{"type":"Feature","properties":{"nama":"SD Negeri Muktiharjo Kidul 01","jenjang":"SD","n200":2,"n500":4,"dmin":143.0},"geometry":{"type":"Point","coordinates":[110.45944,-6.978303]}},{"type":"Feature","properties":{"nama":"PAUD Mugas Ceria","jenjang":"TK","n200":2,"n500":8,"dmin":82.0},"geometry":{"type":"Point","coordinates":[110.416252,-6.988514]}},{"type":"Feature","properties":{"nama":"SD Negeri Bendungan","jenjang":"SD","n200":2,"n500":7,"dmin":102.0},"geometry":{"type":"Point","coordinates":[110.410194,-6.996318]}},{"type":"Feature","properties":{"nama":"SD Bakti Pratiwi","jenjang":"SD","n200":2,"n500":6,"dmin":166.0},"geometry":{"type":"Point","coordinates":[110.403466,-6.973318]}},{"type":"Feature","properties":{"nama":"PAUD Karakter Pelangi Nusantara","jenjang":"TK","n200":2,"n500":3,"dmin":83.0},"geometry":{"type":"Point","coordinates":[110.389123,-7.020743]}},{"type":"Feature","properties":{"nama":"SD Islam Bilingual Annisa","jenjang":"SD","n200":2,"n500":7,"dmin":65.0},"geometry":{"type":"Point","coordinates":[110.410076,-6.977335]}},{"type":"Feature","properties":{"nama":"PAUD Anak Bangsa V","jenjang":"TK","n200":2,"n500":5,"dmin":170.0},"geometry":{"type":"Point","coordinates":[110.450935,-7.014756]}},{"type":"Feature","properties":{"nama":"SDIT Nurul Iman","jenjang":"SD","n200":2,"n500":3,"dmin":118.0},"geometry":{"type":"Point","coordinates":[110.482786,-6.968589]}},{"type":"Feature","properties":{"nama":"SD Negeri Ngesrep 02","jenjang":"SD","n200":2,"n500":2,"dmin":80.0},"geometry":{"type":"Point","coordinates":[110.424106,-7.032793]}},{"type":"Feature","properties":{"nama":"TK Bimba Kid","jenjang":"TK","n200":2,"n500":9,"dmin":176.0},"geometry":{"type":"Point","coordinates":[110.409839,-6.964201]}},{"type":"Feature","properties":{"nama":"TK Islam Sabila","jenjang":"TK","n200":2,"n500":11,"dmin":164.0},"geometry":{"type":"Point","coordinates":[110.459801,-6.981472]}},{"type":"Feature","properties":{"nama":"PAUD - TK Madina Belia","jenjang":"TK","n200":2,"n500":8,"dmin":75.0},"geometry":{"type":"Point","coordinates":[110.458553,-6.982138]}},{"type":"Feature","properties":{"nama":"SMA KESATRIAN 1","jenjang":"PT","n200":2,"n500":9,"dmin":22.0},"geometry":{"type":"Point","coordinates":[110.386,-6.9876]}},{"type":"Feature","properties":{"nama":"TK BUDI RINI","jenjang":"TK","n200":2,"n500":4,"dmin":179.0},"geometry":{"type":"Point","coordinates":[110.392084,-6.976098]}},{"type":"Feature","properties":{"nama":"RA/BA/TA AL FATTATIN","jenjang":"TK","n200":2,"n500":5,"dmin":125.0},"geometry":{"type":"Point","coordinates":[110.436358,-6.979404]}},{"type":"Feature","properties":{"nama":"KB ALIF BABUSSAMAN","jenjang":"TK","n200":2,"n500":4,"dmin":86.0},"geometry":{"type":"Point","coordinates":[110.4639,-6.9987]}},{"type":"Feature","properties":{"nama":"POS PAUD TPQ AL HUDA","jenjang":"TK","n200":2,"n500":3,"dmin":97.0},"geometry":{"type":"Point","coordinates":[110.391945,-7.108782]}},{"type":"Feature","properties":{"nama":"TK Miryam","jenjang":"TK","n200":2,"n500":5,"dmin":111.0},"geometry":{"type":"Point","coordinates":[110.423573,-7.022127]}},{"type":"Feature","properties":{"nama":"TK Bakti Pratiwi","jenjang":"TK","n200":2,"n500":6,"dmin":170.0},"geometry":{"type":"Point","coordinates":[110.403461,-6.973274]}},{"type":"Feature","properties":{"nama":"TK Cipta Kreativa","jenjang":"TK","n200":2,"n500":6,"dmin":74.0},"geometry":{"type":"Point","coordinates":[110.45206,-7.014818]}},{"type":"Feature","properties":{"nama":"PAUD Taman Belia","jenjang":"TK","n200":2,"n500":8,"dmin":99.0},"geometry":{"type":"Point","coordinates":[110.476961,-7.039073]}},{"type":"Feature","properties":{"nama":"PAUD Sehati","jenjang":"TK","n200":2,"n500":6,"dmin":188.0},"geometry":{"type":"Point","coordinates":[110.413424,-7.069669]}},{"type":"Feature","properties":{"nama":"TK Islam Al-Ikhlas","jenjang":"TK","n200":2,"n500":8,"dmin":125.0},"geometry":{"type":"Point","coordinates":[110.406126,-6.998633]}},{"type":"Feature","properties":{"nama":"SD Kristen Kanaan","jenjang":"SD","n200":2,"n500":4,"dmin":162.0},"geometry":{"type":"Point","coordinates":[110.396806,-6.969453]}},{"type":"Feature","properties":{"nama":"SD Darul Quran School","jenjang":"SD","n200":2,"n500":9,"dmin":74.0},"geometry":{"type":"Point","coordinates":[110.438568,-7.008954]}},{"type":"Feature","properties":{"nama":"TK PGRI 72","jenjang":"TK","n200":2,"n500":11,"dmin":78.0},"geometry":{"type":"Point","coordinates":[110.459821,-6.98608]}},{"type":"Feature","properties":{"nama":"KB & TK Candi Baru","jenjang":"TK","n200":2,"n500":3,"dmin":114.0},"geometry":{"type":"Point","coordinates":[110.415821,-7.009741]}},{"type":"Feature","properties":{"nama":"SD Muhammadiyah 15","jenjang":"SD","n200":2,"n500":6,"dmin":44.0},"geometry":{"type":"Point","coordinates":[110.437626,-6.975569]}},{"type":"Feature","properties":{"nama":"KB-TK Taman Putra","jenjang":"TK","n200":2,"n500":9,"dmin":53.0},"geometry":{"type":"Point","coordinates":[110.426597,-7.07263]}},{"type":"Feature","properties":{"nama":"TK Kartika II-III","jenjang":"TK","n200":2,"n500":14,"dmin":89.0},"geometry":{"type":"Point","coordinates":[110.430024,-7.000787]}},{"type":"Feature","properties":{"nama":"SMP Negeri 18 Semarang","jenjang":"SMP","n200":2,"n500":6,"dmin":153.0},"geometry":{"type":"Point","coordinates":[110.362256,-6.98833]}},{"type":"Feature","properties":{"nama":"SD Negeri Pedurungan Kidul 02","jenjang":"SD","n200":2,"n500":4,"dmin":99.0},"geometry":{"type":"Point","coordinates":[110.47238,-7.016899]}},{"type":"Feature","properties":{"nama":"SMP Negeri 38","jenjang":"SMP","n200":2,"n500":7,"dmin":121.0},"geometry":{"type":"Point","coordinates":[110.430165,-6.970732]}},{"type":"Feature","properties":{"nama":"TK Pandean Lamper","jenjang":"TK","n200":2,"n500":10,"dmin":134.0},"geometry":{"type":"Point","coordinates":[110.442765,-6.996529]}},{"type":"Feature","properties":{"nama":"TK Ainun Habibie","jenjang":"TK","n200":2,"n500":9,"dmin":181.0},"geometry":{"type":"Point","coordinates":[110.461434,-6.983403]}},{"type":"Feature","properties":{"nama":"SMK NEGERI 11","jenjang":"PT","n200":2,"n500":4,"dmin":121.0},"geometry":{"type":"Point","coordinates":[110.4218,-7.0777]}},{"type":"Feature","properties":{"nama":"POS PAUD PELANGI","jenjang":"TK","n200":2,"n500":6,"dmin":120.0},"geometry":{"type":"Point","coordinates":[110.42662,-7.027679]}},{"type":"Feature","properties":{"nama":"KB DARUL ILMI ARSHIYA","jenjang":"TK","n200":2,"n500":8,"dmin":63.0},"geometry":{"type":"Point","coordinates":[110.391949,-7.011038]}},{"type":"Feature","properties":{"nama":"POS PAUD CENDIKIA ASRI","jenjang":"TK","n200":2,"n500":2,"dmin":26.0},"geometry":{"type":"Point","coordinates":[110.461135,-7.041223]}},{"type":"Feature","properties":{"nama":"KB KRISTEN TERANG BANGSA 02","jenjang":"TK","n200":2,"n500":14,"dmin":49.0},"geometry":{"type":"Point","coordinates":[110.422773,-6.982992]}},{"type":"Feature","properties":{"nama":"Politeknik Bina Trada Semarang","jenjang":"PT","n200":2,"n500":6,"dmin":46.0},"geometry":{"type":"Point","coordinates":[110.460422,-7.025832]}},{"type":"Feature","properties":{"nama":"RA Al-Furqon","jenjang":"TK","n200":2,"n500":7,"dmin":84.0},"geometry":{"type":"Point","coordinates":[110.447676,-6.993772]}},{"type":"Feature","properties":{"nama":"PAUD Mutiara Ibunda","jenjang":"TK","n200":2,"n500":9,"dmin":104.0},"geometry":{"type":"Point","coordinates":[110.405822,-6.97598]}},{"type":"Feature","properties":{"nama":"Paud TK Al Burhan","jenjang":"TK","n200":2,"n500":12,"dmin":136.0},"geometry":{"type":"Point","coordinates":[110.42227,-6.978517]}},{"type":"Feature","properties":{"nama":"Paud Cerdas Belia","jenjang":"TK","n200":2,"n500":11,"dmin":48.0},"geometry":{"type":"Point","coordinates":[110.426737,-6.983694]}},{"type":"Feature","properties":{"nama":"SMA Teuku Umar Semarang","jenjang":"SMA","n200":2,"n500":6,"dmin":66.0},"geometry":{"type":"Point","coordinates":[110.411471,-7.029477]}},{"type":"Feature","properties":{"nama":"MI Al - Islam","jenjang":"SD","n200":2,"n500":5,"dmin":40.0},"geometry":{"type":"Point","coordinates":[110.362414,-7.088103]}},{"type":"Feature","properties":{"nama":"PAUD Tunas Bangsa IX","jenjang":"TK","n200":2,"n500":5,"dmin":151.0},"geometry":{"type":"Point","coordinates":[110.455872,-7.013263]}},{"type":"Feature","properties":{"nama":"PAUD Raflesia","jenjang":"TK","n200":2,"n500":2,"dmin":53.0},"geometry":{"type":"Point","coordinates":[110.334014,-7.093621]}},{"type":"Feature","properties":{"nama":"KB-TK Hidayatullah","jenjang":"TK","n200":2,"n500":6,"dmin":124.0},"geometry":{"type":"Point","coordinates":[110.418037,-7.063234]}},{"type":"Feature","properties":{"nama":"PAUD Teratai Bangsa","jenjang":"TK","n200":2,"n500":5,"dmin":103.0},"geometry":{"type":"Point","coordinates":[110.459408,-7.030687]}},{"type":"Feature","properties":{"nama":"RA Nurussibyan","jenjang":"TK","n200":2,"n500":3,"dmin":102.0},"geometry":{"type":"Point","coordinates":[110.31852,-6.974426]}},{"type":"Feature","properties":{"nama":"SD IT Al Kamilah","jenjang":"SD","n200":2,"n500":11,"dmin":153.0},"geometry":{"type":"Point","coordinates":[110.422054,-7.07185]}},{"type":"Feature","properties":{"nama":"SD Islam Saubari Bening Hati","jenjang":"SD","n200":2,"n500":4,"dmin":51.0},"geometry":{"type":"Point","coordinates":[110.460991,-7.061948]}},{"type":"Feature","properties":{"nama":"SD Tlogosari Kulon 03","jenjang":"SD","n200":2,"n500":11,"dmin":66.0},"geometry":{"type":"Point","coordinates":[110.459881,-6.985791]}},{"type":"Feature","properties":{"nama":"PAUD Anak Bangsa XIV","jenjang":"TK","n200":2,"n500":5,"dmin":40.0},"geometry":{"type":"Point","coordinates":[110.452848,-7.015201]}},{"type":"Feature","properties":{"nama":"MI Nurussibyan","jenjang":"SD","n200":2,"n500":3,"dmin":132.0},"geometry":{"type":"Point","coordinates":[110.318044,-6.974416]}},{"type":"Feature","properties":{"nama":"TK Tarbiyatul Athfal 45","jenjang":"TK","n200":2,"n500":2,"dmin":70.0},"geometry":{"type":"Point","coordinates":[110.327791,-7.052479]}},{"type":"Feature","properties":{"nama":"SD Tlogosari Kulon 02","jenjang":"SD","n200":2,"n500":5,"dmin":154.0},"geometry":{"type":"Point","coordinates":[110.464592,-6.99646]}},{"type":"Feature","properties":{"nama":"SMP Eka Sakti & SMK Hidayah","jenjang":"SMA","n200":2,"n500":5,"dmin":83.0},"geometry":{"type":"Point","coordinates":[110.41841,-7.074764]}},{"type":"Feature","properties":{"nama":"SD Negeri Sambiroto 02","jenjang":"SD","n200":2,"n500":5,"dmin":103.0},"geometry":{"type":"Point","coordinates":[110.460122,-7.029599]}},{"type":"Feature","properties":{"nama":"KB-TK Al Azzam","jenjang":"TK","n200":2,"n500":9,"dmin":120.0},"geometry":{"type":"Point","coordinates":[110.309811,-7.068782]}},{"type":"Feature","properties":{"nama":"TK Tarbiyatul Athfal VII","jenjang":"TK","n200":2,"n500":2,"dmin":153.0},"geometry":{"type":"Point","coordinates":[110.397812,-6.975043]}},{"type":"Feature","properties":{"nama":"TK HJ. KHASANAH","jenjang":"TK","n200":2,"n500":3,"dmin":86.0},"geometry":{"type":"Point","coordinates":[110.411731,-7.063981]}},{"type":"Feature","properties":{"nama":"Sekolah Tinggi Ilmu Ekonomi Widya Manggala","jenjang":"PT","n200":2,"n500":11,"dmin":164.0},"geometry":{"type":"Point","coordinates":[110.424929,-7.00191]}},{"type":"Feature","properties":{"nama":"Akademi Kimia Industri Santo Paulus Semarang","jenjang":"PT","n200":2,"n500":8,"dmin":108.0},"geometry":{"type":"Point","coordinates":[110.456776,-7.005303]}},{"type":"Feature","properties":{"nama":"SD Negeri Karangroto","jenjang":"SD","n200":2,"n500":2,"dmin":102.0},"geometry":{"type":"Point","coordinates":[110.493814,-6.9585]}},{"type":"Feature","properties":{"nama":"PAUD Tunas Belia","jenjang":"TK","n200":2,"n500":5,"dmin":113.0},"geometry":{"type":"Point","coordinates":[110.423057,-7.020331]}},{"type":"Feature","properties":{"nama":"Pra PG, PG, TK Cor Jesu","jenjang":"TK","n200":2,"n500":4,"dmin":77.0},"geometry":{"type":"Point","coordinates":[110.436434,-6.994901]}},{"type":"Feature","properties":{"nama":"SD Muhammadiyah 12","jenjang":"SD","n200":2,"n500":9,"dmin":139.0},"geometry":{"type":"Point","coordinates":[110.386642,-6.988509]}},{"type":"Feature","properties":{"nama":"POS PAUD TUNAS HARAPAN","jenjang":"TK","n200":2,"n500":3,"dmin":123.0},"geometry":{"type":"Point","coordinates":[110.4163,-7.092]}},{"type":"Feature","properties":{"nama":"KB DANIEL CREATIVE SCHOOL","jenjang":"TK","n200":2,"n500":14,"dmin":79.0},"geometry":{"type":"Point","coordinates":[110.421855,-6.980037]}},{"type":"Feature","properties":{"nama":"POS PAUD KASIH BUNDA","jenjang":"TK","n200":2,"n500":6,"dmin":100.0},"geometry":{"type":"Point","coordinates":[110.3094,-7.0872]}},{"type":"Feature","properties":{"nama":"SD Supriyadi","jenjang":"SD","n200":2,"n500":6,"dmin":40.0},"geometry":{"type":"Point","coordinates":[110.455267,-7.003976]}},{"type":"Feature","properties":{"nama":"STIKES Telogorejo Semarang","jenjang":"PT","n200":2,"n500":5,"dmin":60.0},"geometry":{"type":"Point","coordinates":[110.391132,-6.971074]}},{"type":"Feature","properties":{"nama":"PG-TK Nawira Aulia","jenjang":"TK","n200":2,"n500":2,"dmin":138.0},"geometry":{"type":"Point","coordinates":[110.424288,-7.032073]}},{"type":"Feature","properties":{"nama":"SD Negeri Kalibanteng Kidul 01","jenjang":"SD","n200":2,"n500":9,"dmin":43.0},"geometry":{"type":"Point","coordinates":[110.38496,-6.990378]}},{"type":"Feature","properties":{"nama":"SMK Triatma Jaya","jenjang":"SMA","n200":2,"n500":8,"dmin":167.0},"geometry":{"type":"Point","coordinates":[110.436123,-6.975372]}},{"type":"Feature","properties":{"nama":"SD Negeri Brumbungan","jenjang":"SD","n200":2,"n500":14,"dmin":120.0},"geometry":{"type":"Point","coordinates":[110.426528,-6.984445]}},{"type":"Feature","properties":{"nama":"SD Negeri Pleburan 03","jenjang":"SD","n200":2,"n500":13,"dmin":137.0},"geometry":{"type":"Point","coordinates":[110.427164,-6.998424]}},{"type":"Feature","properties":{"nama":"Pos PAUD Wiyata Siwi","jenjang":"TK","n200":2,"n500":3,"dmin":71.0},"geometry":{"type":"Point","coordinates":[110.396952,-6.973303]}},{"type":"Feature","properties":{"nama":"PKBM Terang Bangsa","jenjang":"TK","n200":2,"n500":7,"dmin":133.0},"geometry":{"type":"Point","coordinates":[110.412473,-6.965095]}},{"type":"Feature","properties":{"nama":"TK, Paud Al Khoiriyyah 2","jenjang":"TK","n200":2,"n500":6,"dmin":56.0},"geometry":{"type":"Point","coordinates":[110.403326,-6.980558]}},{"type":"Feature","properties":{"nama":"SD Negeri Karangroto 2","jenjang":"SD","n200":2,"n500":2,"dmin":142.0},"geometry":{"type":"Point","coordinates":[110.494123,-6.958796]}},{"type":"Feature","properties":{"nama":"TK Pengabdi Luhur Xavariua","jenjang":"TK","n200":2,"n500":6,"dmin":40.0},"geometry":{"type":"Point","coordinates":[110.434733,-6.979364]}},{"type":"Feature","properties":{"nama":"PAUD Kenaga Mijen","jenjang":"TK","n200":2,"n500":2,"dmin":149.0},"geometry":{"type":"Point","coordinates":[110.326326,-7.053245]}},{"type":"Feature","properties":{"nama":"TK PGRI 101 Muktiharjo Kidul","jenjang":"TK","n200":2,"n500":6,"dmin":142.0},"geometry":{"type":"Point","coordinates":[110.459615,-6.978509]}},{"type":"Feature","properties":{"nama":"SMK Negeri 1 Semarang","jenjang":"SMA","n200":2,"n500":7,"dmin":137.0},"geometry":{"type":"Point","coordinates":[110.434426,-6.980605]}},{"type":"Feature","properties":{"nama":"SD Islam Hidayatullah","jenjang":"SD","n200":2,"n500":6,"dmin":99.0},"geometry":{"type":"Point","coordinates":[110.417815,-7.063197]}},{"type":"Feature","properties":{"nama":"SD Shalom","jenjang":"SD","n200":2,"n500":5,"dmin":118.0},"geometry":{"type":"Point","coordinates":[110.389921,-6.999749]}},{"type":"Feature","properties":{"nama":"TK Aisiyah","jenjang":"TK","n200":2,"n500":9,"dmin":148.0},"geometry":{"type":"Point","coordinates":[110.443146,-6.993448]}},{"type":"Feature","properties":{"nama":"TK Futuhiyyah Palebon","jenjang":"TK","n200":2,"n500":6,"dmin":135.0},"geometry":{"type":"Point","coordinates":[110.467904,-7.002906]}},{"type":"Feature","properties":{"nama":"TK Petra Terpadu","jenjang":"TK","n200":2,"n500":4,"dmin":63.0},"geometry":{"type":"Point","coordinates":[110.312864,-7.087628]}},{"type":"Feature","properties":{"nama":"Pos Paud Mekarsari","jenjang":"TK","n200":2,"n500":12,"dmin":164.0},"geometry":{"type":"Point","coordinates":[110.418464,-6.97985]}},{"type":"Feature","properties":{"nama":"SD Negeri Tegalsari 01","jenjang":"SD","n200":2,"n500":6,"dmin":158.0},"geometry":{"type":"Point","coordinates":[110.425539,-7.007496]}},{"type":"Feature","properties":{"nama":"KB-TK Az - Zahra","jenjang":"TK","n200":2,"n500":2,"dmin":68.0},"geometry":{"type":"Point","coordinates":[110.447116,-6.963675]}},{"type":"Feature","properties":{"nama":"TK Aisyiyah Bustanul Athfal 1","jenjang":"TK","n200":2,"n500":8,"dmin":91.0},"geometry":{"type":"Point","coordinates":[110.409524,-6.976641]}},{"type":"Feature","properties":{"nama":"SMK MATARAM","jenjang":"PT","n200":2,"n500":10,"dmin":25.0},"geometry":{"type":"Point","coordinates":[110.431157,-6.982093]}},{"type":"Feature","properties":{"nama":"RA/BA/TA BINA MUTIARA HATI","jenjang":"TK","n200":2,"n500":3,"dmin":141.0},"geometry":{"type":"Point","coordinates":[110.3584,-6.9979]}},{"type":"Feature","properties":{"nama":"TK KRISTEN TRI TUNGGAL","jenjang":"TK","n200":2,"n500":12,"dmin":58.0},"geometry":{"type":"Point","coordinates":[110.429478,-6.986486]}},{"type":"Feature","properties":{"nama":"TK Purbasari","jenjang":"TK","n200":2,"n500":3,"dmin":63.0},"geometry":{"type":"Point","coordinates":[110.480378,-7.021561]}},{"type":"Feature","properties":{"nama":"TK ABA 45","jenjang":"TK","n200":2,"n500":5,"dmin":88.0},"geometry":{"type":"Point","coordinates":[110.311795,-7.065985]}},{"type":"Feature","properties":{"nama":"STIKES Karya Husada Semarang","jenjang":"PT","n200":2,"n500":5,"dmin":168.0},"geometry":{"type":"Point","coordinates":[110.458095,-7.031119]}},{"type":"Feature","properties":{"nama":"KB-TK Pangudi Luhur Santo Yusup","jenjang":"TK","n200":2,"n500":6,"dmin":39.0},"geometry":{"type":"Point","coordinates":[110.432275,-6.995916]}},{"type":"Feature","properties":{"nama":"Paud Tunas Mekar IV (Posyandu)","jenjang":"TK","n200":2,"n500":8,"dmin":20.0},"geometry":{"type":"Point","coordinates":[110.411505,-6.969981]}},{"type":"Feature","properties":{"nama":"RA Nawira Aulia","jenjang":"TK","n200":2,"n500":2,"dmin":143.0},"geometry":{"type":"Point","coordinates":[110.424548,-7.032142]}},{"type":"Feature","properties":{"nama":"MA DARUS SA`ADAH","jenjang":"PT","n200":2,"n500":6,"dmin":100.0},"geometry":{"type":"Point","coordinates":[110.4533,-6.9775]}},{"type":"Feature","properties":{"nama":"POS PAUD TUNAS JAYA","jenjang":"TK","n200":2,"n500":8,"dmin":157.0},"geometry":{"type":"Point","coordinates":[110.4186,-6.9678]}},{"type":"Feature","properties":{"nama":"TK KARANGSARI","jenjang":"TK","n200":2,"n500":9,"dmin":95.0},"geometry":{"type":"Point","coordinates":[110.430168,-6.99258]}},{"type":"Feature","properties":{"nama":"PAUD-TK PGRI 41","jenjang":"TK","n200":2,"n500":10,"dmin":132.0},"geometry":{"type":"Point","coordinates":[110.445637,-6.995754]}},{"type":"Feature","properties":{"nama":"SDIT Al Firdaus","jenjang":"SD","n200":2,"n500":11,"dmin":172.0},"geometry":{"type":"Point","coordinates":[110.423824,-6.999158]}},{"type":"Feature","properties":{"nama":"SMK IPTEK Tugu Suharto","jenjang":"SMA","n200":2,"n500":9,"dmin":96.0},"geometry":{"type":"Point","coordinates":[110.417041,-7.063741]}},{"type":"Feature","properties":{"nama":"SMK SUDIRMAN","jenjang":"PT","n200":2,"n500":9,"dmin":105.0},"geometry":{"type":"Point","coordinates":[110.4214,-7.0738]}},{"type":"Feature","properties":{"nama":"PAUD Melati","jenjang":"TK","n200":2,"n500":3,"dmin":72.0},"geometry":{"type":"Point","coordinates":[110.373576,-7.022258]}},{"type":"Feature","properties":{"nama":"TK MEKARSARI","jenjang":"TK","n200":2,"n500":5,"dmin":36.0},"geometry":{"type":"Point","coordinates":[110.4629,-7.0575]}},{"type":"Feature","properties":{"nama":"SMK Cut Nya' Dien","jenjang":"SMA","n200":2,"n500":4,"dmin":127.0},"geometry":{"type":"Point","coordinates":[110.480727,-6.96847]}},{"type":"Feature","properties":{"nama":"SD Tlogosari Kulon 06","jenjang":"SD","n200":2,"n500":10,"dmin":188.0},"geometry":{"type":"Point","coordinates":[110.458852,-6.981122]}},{"type":"Feature","properties":{"nama":"KB NANDA SIFANA","jenjang":"TK","n200":2,"n500":2,"dmin":121.0},"geometry":{"type":"Point","coordinates":[110.43809,-6.950998]}},{"type":"Feature","properties":{"nama":"SD Negeri Multiharjo Kidul 03","jenjang":"SD","n200":2,"n500":5,"dmin":56.0},"geometry":{"type":"Point","coordinates":[110.464114,-6.979755]}},{"type":"Feature","properties":{"nama":"TK DARUL HASANAH","jenjang":"TK","n200":2,"n500":3,"dmin":145.0},"geometry":{"type":"Point","coordinates":[110.4809,-6.9556]}},{"type":"Feature","properties":{"nama":"TK PGRI 112","jenjang":"TK","n200":2,"n500":5,"dmin":59.0},"geometry":{"type":"Point","coordinates":[110.4644,-6.9799]}},{"type":"Feature","properties":{"nama":"Akademi Bahasa 17 Agustus 1945 Semarang","jenjang":"PT","n200":2,"n500":6,"dmin":18.0},"geometry":{"type":"Point","coordinates":[110.438125,-7.005145]}},{"type":"Feature","properties":{"nama":"SD Negeri Ngadirgo 03","jenjang":"SD","n200":2,"n500":6,"dmin":151.0},"geometry":{"type":"Point","coordinates":[110.317038,-7.051106]}},{"type":"Feature","properties":{"nama":"Madrasah Diniyah NU Subulus Salam","jenjang":"TK","n200":2,"n500":2,"dmin":169.0},"geometry":{"type":"Point","coordinates":[110.32688,-7.050456]}},{"type":"Feature","properties":{"nama":"SMP Negeri 15 Semarang","jenjang":"SMP","n200":2,"n500":7,"dmin":93.0},"geometry":{"type":"Point","coordinates":[110.456236,-6.995153]}},{"type":"Feature","properties":{"nama":"SMA WIDYA MANDALA","jenjang":"PT","n200":2,"n500":5,"dmin":126.0},"geometry":{"type":"Point","coordinates":[110.3893,-7.0128]}},{"type":"Feature","properties":{"nama":"SD Dian Asih Montessori","jenjang":"SD","n200":2,"n500":6,"dmin":178.0},"geometry":{"type":"Point","coordinates":[110.433414,-6.996641]}},{"type":"Feature","properties":{"nama":"PAUD dan TK Islam Al Fath","jenjang":"TK","n200":2,"n500":6,"dmin":102.0},"geometry":{"type":"Point","coordinates":[110.473837,-6.993885]}},{"type":"Feature","properties":{"nama":"SMP Negeri 16 Semarang","jenjang":"SMP","n200":2,"n500":5,"dmin":148.0},"geometry":{"type":"Point","coordinates":[110.349409,-6.995555]}},{"type":"Feature","properties":{"nama":"Sekolah Tinggi Ilmu Kesehatan Semarang","jenjang":"PT","n200":2,"n500":6,"dmin":18.0},"geometry":{"type":"Point","coordinates":[110.438125,-7.005145]}},{"type":"Feature","properties":{"nama":"TK FAJAR RACHMA","jenjang":"TK","n200":2,"n500":6,"dmin":85.0},"geometry":{"type":"Point","coordinates":[110.447745,-6.989985]}},{"type":"Feature","properties":{"nama":"SD Muhammadiyah 11 & SMP Muhammadiyah 7","jenjang":"SMP","n200":2,"n500":5,"dmin":43.0},"geometry":{"type":"Point","coordinates":[110.446915,-6.972858]}},{"type":"Feature","properties":{"nama":"Pos PAUD Budi Luhur","jenjang":"TK","n200":2,"n500":5,"dmin":153.0},"geometry":{"type":"Point","coordinates":[110.460576,-6.976252]}},{"type":"Feature","properties":{"nama":"POS PAUD PELANGI","jenjang":"TK","n200":2,"n500":10,"dmin":100.0},"geometry":{"type":"Point","coordinates":[110.436193,-7.058908]}},{"type":"Feature","properties":{"nama":"SMP Negeri 22 Semarang","jenjang":"SMP","n200":2,"n500":2,"dmin":84.0},"geometry":{"type":"Point","coordinates":[110.360099,-7.073104]}},{"type":"Feature","properties":{"nama":"Universitas Karya Husada Semarang","jenjang":"PT","n200":2,"n500":5,"dmin":168.0},"geometry":{"type":"Point","coordinates":[110.458095,-7.031119]}},{"type":"Feature","properties":{"nama":"SD Kebon Dalem 2","jenjang":"SD","n200":2,"n500":5,"dmin":111.0},"geometry":{"type":"Point","coordinates":[110.45808,-7.029813]}},{"type":"Feature","properties":{"nama":"SMP Negeri 32 Semarang","jenjang":"SMP","n200":2,"n500":12,"dmin":75.0},"geometry":{"type":"Point","coordinates":[110.428728,-6.986373]}},{"type":"Feature","properties":{"nama":"Politeknik Bumi Akpelni","jenjang":"PT","n200":2,"n500":5,"dmin":138.0},"geometry":{"type":"Point","coordinates":[110.395256,-7.018777]}},{"type":"Feature","properties":{"nama":"SMP Kesatrian 2","jenjang":"SMP","n200":2,"n500":7,"dmin":112.0},"geometry":{"type":"Point","coordinates":[110.388697,-6.987982]}},{"type":"Feature","properties":{"nama":"Institut Teknologi dan Bisnis Semarang","jenjang":"PT","n200":2,"n500":6,"dmin":18.0},"geometry":{"type":"Point","coordinates":[110.438125,-7.005145]}},{"type":"Feature","properties":{"nama":"PAUD Kuncup Mekar","jenjang":"TK","n200":2,"n500":6,"dmin":140.0},"geometry":{"type":"Point","coordinates":[110.425631,-7.007682]}},{"type":"Feature","properties":{"nama":"TK AL Iman","jenjang":"TK","n200":2,"n500":7,"dmin":71.0},"geometry":{"type":"Point","coordinates":[110.423153,-6.975157]}},{"type":"Feature","properties":{"nama":"SD Negeri Pedurungan Kidul 05","jenjang":"SD","n200":2,"n500":4,"dmin":163.0},"geometry":{"type":"Point","coordinates":[110.47469,-7.016001]}},{"type":"Feature","properties":{"nama":"SMP Nasima","jenjang":"SMP","n200":2,"n500":7,"dmin":83.0},"geometry":{"type":"Point","coordinates":[110.417275,-6.988675]}},{"type":"Feature","properties":{"nama":"SMK NEGERI 02","jenjang":"PT","n200":2,"n500":8,"dmin":102.0},"geometry":{"type":"Point","coordinates":[110.4341,-6.9862]}},{"type":"Feature","properties":{"nama":"PAUD KB TK Al Ikhlas","jenjang":"TK","n200":2,"n500":7,"dmin":131.0},"geometry":{"type":"Point","coordinates":[110.392081,-6.9864]}},{"type":"Feature","properties":{"nama":"SD Negeri Pedurungan Kidul 03","jenjang":"SD","n200":2,"n500":3,"dmin":182.0},"geometry":{"type":"Point","coordinates":[110.478785,-7.021587]}},{"type":"Feature","properties":{"nama":"SD Kemala Bhayangkari","jenjang":"SD","n200":2,"n500":7,"dmin":175.0},"geometry":{"type":"Point","coordinates":[110.471814,-7.000732]}},{"type":"Feature","properties":{"nama":"SD Negeri Purwosari 02","jenjang":"SD","n200":2,"n500":9,"dmin":175.0},"geometry":{"type":"Point","coordinates":[110.4147,-6.969115]}},{"type":"Feature","properties":{"nama":"SMA TUGU SOEHARTO","jenjang":"PT","n200":2,"n500":10,"dmin":91.0},"geometry":{"type":"Point","coordinates":[110.392219,-7.011034]}},{"type":"Feature","properties":{"nama":"TK PERSIAPAN","jenjang":"TK","n200":2,"n500":4,"dmin":141.0},"geometry":{"type":"Point","coordinates":[110.4216,-7.0167]}},{"type":"Feature","properties":{"nama":"SMK CINDE","jenjang":"PT","n200":2,"n500":6,"dmin":57.0},"geometry":{"type":"Point","coordinates":[110.4362,-7.0112]}},{"type":"Feature","properties":{"nama":"Paud Barokah","jenjang":"TK","n200":2,"n500":4,"dmin":43.0},"geometry":{"type":"Point","coordinates":[110.406665,-6.966356]}},{"type":"Feature","properties":{"nama":"TK Pertiwi 38 Bubakan","jenjang":"TK","n200":2,"n500":4,"dmin":58.0},"geometry":{"type":"Point","coordinates":[110.320209,-7.092674]}},{"type":"Feature","properties":{"nama":"SD Negeri Kalibanteng Kidul 03","jenjang":"SD","n200":2,"n500":9,"dmin":153.0},"geometry":{"type":"Point","coordinates":[110.383534,-6.986772]}},{"type":"Feature","properties":{"nama":"MTs NU Al Hikmah","jenjang":"SMP","n200":2,"n500":2,"dmin":126.0},"geometry":{"type":"Point","coordinates":[110.333965,-7.092888]}},{"type":"Feature","properties":{"nama":"KB - TK Bendan Ngisor Sampangan","jenjang":"TK","n200":2,"n500":9,"dmin":90.0},"geometry":{"type":"Point","coordinates":[110.395292,-7.010617]}},{"type":"Feature","properties":{"nama":"SMP, SMA Muhammadiyah 1 Semarang","jenjang":"SMA","n200":2,"n500":8,"dmin":35.0},"geometry":{"type":"Point","coordinates":[110.40728,-6.978179]}},{"type":"Feature","properties":{"nama":"SD Cipta Kreativa 03","jenjang":"SD","n200":2,"n500":6,"dmin":74.0},"geometry":{"type":"Point","coordinates":[110.452114,-7.014853]}},{"type":"Feature","properties":{"nama":"PAUD Mekar Melati","jenjang":"TK","n200":2,"n500":5,"dmin":137.0},"geometry":{"type":"Point","coordinates":[110.389808,-7.017972]}},{"type":"Feature","properties":{"nama":"POS PAUD Mutiara","jenjang":"TK","n200":2,"n500":10,"dmin":84.0},"geometry":{"type":"Point","coordinates":[110.437295,-6.97435]}},{"type":"Feature","properties":{"nama":"PAUD Berkat Anak Bangsa","jenjang":"TK","n200":2,"n500":7,"dmin":34.0},"geometry":{"type":"Point","coordinates":[110.411921,-7.069108]}},{"type":"Feature","properties":{"nama":"SMP Negeri 12 Semarang","jenjang":"SMP","n200":2,"n500":8,"dmin":148.0},"geometry":{"type":"Point","coordinates":[110.41769,-7.063998]}},{"type":"Feature","properties":{"nama":"MA AZ-ZUHDI","jenjang":"PT","n200":2,"n500":4,"dmin":68.0},"geometry":{"type":"Point","coordinates":[110.4639,-7.0574]}},{"type":"Feature","properties":{"nama":"TK PGRI 17 Bojong Salaman 04-05","jenjang":"TK","n200":2,"n500":8,"dmin":110.0},"geometry":{"type":"Point","coordinates":[110.3995,-6.991426]}},{"type":"Feature","properties":{"nama":"Paud KB/TK Mekar Jaya","jenjang":"TK","n200":2,"n500":4,"dmin":35.0},"geometry":{"type":"Point","coordinates":[110.473123,-7.016717]}},{"type":"Feature","properties":{"nama":"Sekolah Tinggi Ilmu Ekonomi Semarang","jenjang":"PT","n200":2,"n500":6,"dmin":18.0},"geometry":{"type":"Point","coordinates":[110.438125,-7.005145]}},{"type":"Feature","properties":{"nama":"SD Negeri Pandean Lamper 03","jenjang":"SD","n200":2,"n500":10,"dmin":132.0},"geometry":{"type":"Point","coordinates":[110.443095,-6.99622]}},{"type":"Feature","properties":{"nama":"TK BHAKTI PERTIWI","jenjang":"TK","n200":1,"n500":3,"dmin":184.0},"geometry":{"type":"Point","coordinates":[110.367681,-6.99786]}},{"type":"Feature","properties":{"nama":"KB KRISTEN TRITUNGGAL","jenjang":"TK","n200":1,"n500":12,"dmin":70.0},"geometry":{"type":"Point","coordinates":[110.429253,-6.98662]}},{"type":"Feature","properties":{"nama":"TK IT MUTIARA BASMALA","jenjang":"TK","n200":1,"n500":1,"dmin":198.0},"geometry":{"type":"Point","coordinates":[110.492642,-6.992997]}},{"type":"Feature","properties":{"nama":"Sekolah Tinggi Ilmu Farmasi Nusaputera","jenjang":"PT","n200":1,"n500":10,"dmin":166.0},"geometry":{"type":"Point","coordinates":[110.450812,-6.988229]}},{"type":"Feature","properties":{"nama":"KB/RA Darussalam","jenjang":"TK","n200":1,"n500":4,"dmin":148.0},"geometry":{"type":"Point","coordinates":[110.437952,-6.980734]}},{"type":"Feature","properties":{"nama":"PAUD Islam Bintang Juara","jenjang":"TK","n200":1,"n500":3,"dmin":170.0},"geometry":{"type":"Point","coordinates":[110.388595,-7.021372]}},{"type":"Feature","properties":{"nama":"Pos PAUD Mandiri","jenjang":"TK","n200":1,"n500":2,"dmin":108.0},"geometry":{"type":"Point","coordinates":[110.37634,-6.991167]}},{"type":"Feature","properties":{"nama":"RA Terpadu Al Qolam","jenjang":"TK","n200":1,"n500":6,"dmin":154.0},"geometry":{"type":"Point","coordinates":[110.395731,-6.985036]}},{"type":"Feature","properties":{"nama":"TK Bunda Cendekia","jenjang":"TK","n200":1,"n500":7,"dmin":125.0},"geometry":{"type":"Point","coordinates":[110.390075,-6.972329]}},{"type":"Feature","properties":{"nama":"TK PGRI 38","jenjang":"TK","n200":1,"n500":14,"dmin":159.0},"geometry":{"type":"Point","coordinates":[110.418884,-6.986936]}},{"type":"Feature","properties":{"nama":"KB, TK IT Baitul Iman","jenjang":"TK","n200":1,"n500":2,"dmin":96.0},"geometry":{"type":"Point","coordinates":[110.387067,-7.00866]}},{"type":"Feature","properties":{"nama":"SMA Masehi 1 PSAK","jenjang":"SMA","n200":1,"n500":3,"dmin":107.0},"geometry":{"type":"Point","coordinates":[110.406043,-6.964304]}},{"type":"Feature","properties":{"nama":"SD Negeri Mlatiharjo 02","jenjang":"SD","n200":1,"n500":8,"dmin":155.0},"geometry":{"type":"Point","coordinates":[110.439397,-6.968892]}},{"type":"Feature","properties":{"nama":"SMP St. Bellarminus - SMK Ignatius","jenjang":"SMA","n200":1,"n500":5,"dmin":116.0},"geometry":{"type":"Point","coordinates":[110.427748,-7.00998]}},{"type":"Feature","properties":{"nama":"TK Pertiwi 23","jenjang":"TK","n200":1,"n500":2,"dmin":16.0},"geometry":{"type":"Point","coordinates":[110.366938,-7.08632]}},{"type":"Feature","properties":{"nama":"SD Negeri Sampangan 02","jenjang":"SD","n200":1,"n500":5,"dmin":141.0},"geometry":{"type":"Point","coordinates":[110.389139,-7.012839]}},{"type":"Feature","properties":{"nama":"SD Negeri Pendrikan Lor 03","jenjang":"SD","n200":1,"n500":8,"dmin":65.0},"geometry":{"type":"Point","coordinates":[110.409802,-6.977815]}},{"type":"Feature","properties":{"nama":"TK PGRI 16","jenjang":"TK","n200":1,"n500":12,"dmin":70.0},"geometry":{"type":"Point","coordinates":[110.400354,-6.996313]}},{"type":"Feature","properties":{"nama":"SMA Muhammadiyah 02","jenjang":"SMA","n200":1,"n500":3,"dmin":162.0},"geometry":{"type":"Point","coordinates":[110.310552,-7.06484]}},{"type":"Feature","properties":{"nama":"SD Negeri Karanganyar 01","jenjang":"SD","n200":1,"n500":4,"dmin":145.0},"geometry":{"type":"Point","coordinates":[110.333404,-6.978724]}},{"type":"Feature","properties":{"nama":"RA Az - Zuhri","jenjang":"TK","n200":1,"n500":1,"dmin":124.0},"geometry":{"type":"Point","coordinates":[110.467205,-7.028083]}},{"type":"Feature","properties":{"nama":"PG, TK Islam Mellatena","jenjang":"TK","n200":1,"n500":6,"dmin":129.0},"geometry":{"type":"Point","coordinates":[110.346469,-6.99415]}},{"type":"Feature","properties":{"nama":"KB / TK Islam At - Tiin","jenjang":"TK","n200":1,"n500":2,"dmin":173.0},"geometry":{"type":"Point","coordinates":[110.478535,-7.048038]}},{"type":"Feature","properties":{"nama":"SMK Sultan Trenggono","jenjang":"SMA","n200":1,"n500":1,"dmin":180.0},"geometry":{"type":"Point","coordinates":[110.360056,-7.056769]}},{"type":"Feature","properties":{"nama":"SD Negeri Srondol Kulon 02","jenjang":"SD","n200":1,"n500":1,"dmin":173.0},"geometry":{"type":"Point","coordinates":[110.417233,-7.051114]}},{"type":"Feature","properties":{"nama":"SMP Dondong Mangkang","jenjang":"SMP","n200":1,"n500":2,"dmin":163.0},"geometry":{"type":"Point","coordinates":[110.30533,-6.974072]}},{"type":"Feature","properties":{"nama":"SMP-SMA-SMK Setiabudhi","jenjang":"SMA","n200":1,"n500":9,"dmin":85.0},"geometry":{"type":"Point","coordinates":[110.384952,-6.989999]}},{"type":"Feature","properties":{"nama":"SMA NEGERI 07","jenjang":"PT","n200":1,"n500":5,"dmin":78.0},"geometry":{"type":"Point","coordinates":[110.3714,-7.0132]}},{"type":"Feature","properties":{"nama":"SMA SETIABUDHI","jenjang":"PT","n200":1,"n500":9,"dmin":86.0},"geometry":{"type":"Point","coordinates":[110.384909,-6.989994]}},{"type":"Feature","properties":{"nama":"MA DARUT TAQWA","jenjang":"PT","n200":1,"n500":4,"dmin":167.0},"geometry":{"type":"Point","coordinates":[110.4635,-7.0541]}},{"type":"Feature","properties":{"nama":"KB BUNGA HARAPAN","jenjang":"TK","n200":1,"n500":2,"dmin":10.0},"geometry":{"type":"Point","coordinates":[110.3279,-7.0107]}},{"type":"Feature","properties":{"nama":"KB AL MUFIID","jenjang":"TK","n200":1,"n500":7,"dmin":132.0},"geometry":{"type":"Point","coordinates":[110.4767,-7.0377]}},{"type":"Feature","properties":{"nama":"RA/BA/TA HIDAYATUS SYUBBAN","jenjang":"TK","n200":1,"n500":2,"dmin":198.0},"geometry":{"type":"Point","coordinates":[110.493277,-6.964226]}},{"type":"Feature","properties":{"nama":"TK BAPTIS KEDUNGMUNDU","jenjang":"TK","n200":1,"n500":2,"dmin":158.0},"geometry":{"type":"Point","coordinates":[110.445535,-7.011422]}},{"type":"Feature","properties":{"nama":"POS PAUD CERIA","jenjang":"TK","n200":1,"n500":18,"dmin":140.0},"geometry":{"type":"Point","coordinates":[110.431634,-6.978026]}},{"type":"Feature","properties":{"nama":"TK ABA 43","jenjang":"TK","n200":1,"n500":6,"dmin":138.0},"geometry":{"type":"Point","coordinates":[110.419482,-7.049962]}},{"type":"Feature","properties":{"nama":"SD Maranatha 02","jenjang":"SD","n200":1,"n500":9,"dmin":198.0},"geometry":{"type":"Point","coordinates":[110.398472,-7.005825]}},{"type":"Feature","properties":{"nama":"TK PGRI 58 Kalipancur","jenjang":"TK","n200":1,"n500":5,"dmin":150.0},"geometry":{"type":"Point","coordinates":[110.375316,-7.016195]}},{"type":"Feature","properties":{"nama":"SMA Negeri 7 Semarang","jenjang":"SMA","n200":1,"n500":2,"dmin":147.0},"geometry":{"type":"Point","coordinates":[110.370755,-7.013192]}},{"type":"Feature","properties":{"nama":"TK Taman Bakti","jenjang":"TK","n200":1,"n500":2,"dmin":151.0},"geometry":{"type":"Point","coordinates":[110.487304,-6.972118]}},{"type":"Feature","properties":{"nama":"KB-PAUD Aisyiyah 27","jenjang":"TK","n200":1,"n500":5,"dmin":44.0},"geometry":{"type":"Point","coordinates":[110.402024,-6.999967]}},{"type":"Feature","properties":{"nama":"TK Islam Al Kautsar","jenjang":"TK","n200":1,"n500":4,"dmin":30.0},"geometry":{"type":"Point","coordinates":[110.402397,-6.968202]}},{"type":"Feature","properties":{"nama":"SD Negeri Bugangan 2","jenjang":"SD","n200":1,"n500":3,"dmin":117.0},"geometry":{"type":"Point","coordinates":[110.44126,-6.976483]}},{"type":"Feature","properties":{"nama":"SMA Ibu Kartini","jenjang":"SMA","n200":1,"n500":3,"dmin":105.0},"geometry":{"type":"Point","coordinates":[110.415058,-7.011109]}},{"type":"Feature","properties":{"nama":"TK Kanisius","jenjang":"TK","n200":1,"n500":9,"dmin":190.0},"geometry":{"type":"Point","coordinates":[110.431323,-6.966431]}},{"type":"Feature","properties":{"nama":"PAUD Ceria Nanda","jenjang":"TK","n200":1,"n500":8,"dmin":116.0},"geometry":{"type":"Point","coordinates":[110.396828,-7.011371]}},{"type":"Feature","properties":{"nama":"TK PGRI 24 Srondol II","jenjang":"TK","n200":1,"n500":1,"dmin":190.0},"geometry":{"type":"Point","coordinates":[110.417346,-7.051381]}},{"type":"Feature","properties":{"nama":"SD Fitra Bhakti","jenjang":"SD","n200":1,"n500":2,"dmin":163.0},"geometry":{"type":"Point","coordinates":[110.418938,-7.091925]}},{"type":"Feature","properties":{"nama":"SMPIT Bina Insani 1","jenjang":"SMP","n200":1,"n500":2,"dmin":103.0},"geometry":{"type":"Point","coordinates":[110.423824,-7.088206]}},{"type":"Feature","properties":{"nama":"SD Negeri Plalangan 03","jenjang":"SD","n200":1,"n500":2,"dmin":89.0},"geometry":{"type":"Point","coordinates":[110.367487,-7.086719]}},{"type":"Feature","properties":{"nama":"SD Negeri Wonolopo 02","jenjang":"SD","n200":1,"n500":2,"dmin":96.0},"geometry":{"type":"Point","coordinates":[110.298516,-7.039248]}},{"type":"Feature","properties":{"nama":"SMP Negeri 23 Semarang","jenjang":"SMP","n200":1,"n500":2,"dmin":82.0},"geometry":{"type":"Point","coordinates":[110.313133,-7.057571]}},{"type":"Feature","properties":{"nama":"PAUD Permata Ceria","jenjang":"TK","n200":1,"n500":2,"dmin":199.0},"geometry":{"type":"Point","coordinates":[110.484141,-7.017184]}},{"type":"Feature","properties":{"nama":"TK Miftakhul Jannah","jenjang":"TK","n200":1,"n500":7,"dmin":99.0},"geometry":{"type":"Point","coordinates":[110.441841,-6.991499]}},{"type":"Feature","properties":{"nama":"SMK SETIABUDHI","jenjang":"PT","n200":1,"n500":9,"dmin":96.0},"geometry":{"type":"Point","coordinates":[110.3852,-6.9899]}},{"type":"Feature","properties":{"nama":"SMA KESATRIAN 2","jenjang":"PT","n200":1,"n500":10,"dmin":96.0},"geometry":{"type":"Point","coordinates":[110.4495,-6.9827]}},{"type":"Feature","properties":{"nama":"SMK ST FRANSISKUS","jenjang":"PT","n200":1,"n500":6,"dmin":162.0},"geometry":{"type":"Point","coordinates":[110.4724,-7.0011]}},{"type":"Feature","properties":{"nama":"SMK IPT KARANGPANAS","jenjang":"PT","n200":1,"n500":5,"dmin":143.0},"geometry":{"type":"Point","coordinates":[110.4232,-7.0226]}},{"type":"Feature","properties":{"nama":"SMK NEGERI 7 SEMARANG","jenjang":"PT","n200":1,"n500":9,"dmin":188.0},"geometry":{"type":"Point","coordinates":[110.4215,-6.991]}},{"type":"Feature","properties":{"nama":"TK BUNGA HARAPAN","jenjang":"TK","n200":1,"n500":2,"dmin":153.0},"geometry":{"type":"Point","coordinates":[110.3292,-7.011]}},{"type":"Feature","properties":{"nama":"TK MARSUDIRINI FATIMA","jenjang":"TK","n200":1,"n500":3,"dmin":20.0},"geometry":{"type":"Point","coordinates":[110.4348,-6.9654]}},{"type":"Feature","properties":{"nama":"RA/BA/TA NURUL HIKMAH","jenjang":"TK","n200":1,"n500":5,"dmin":200.0},"geometry":{"type":"Point","coordinates":[110.4467,-6.9608]}},{"type":"Feature","properties":{"nama":"TK PERTIWI 01","jenjang":"TK","n200":1,"n500":3,"dmin":78.0},"geometry":{"type":"Point","coordinates":[110.3933,-7.1077]}},{"type":"Feature","properties":{"nama":"TK BINTANG SURYA","jenjang":"TK","n200":1,"n500":1,"dmin":59.0},"geometry":{"type":"Point","coordinates":[110.3121,-7.0461]}},{"type":"Feature","properties":{"nama":"KB CENDEKIA","jenjang":"TK","n200":1,"n500":4,"dmin":93.0},"geometry":{"type":"Point","coordinates":[110.466899,-6.963279]}},{"type":"Feature","properties":{"nama":"TK INDRIYASANA 04","jenjang":"TK","n200":1,"n500":1,"dmin":94.0},"geometry":{"type":"Point","coordinates":[110.313513,-7.058013]}},{"type":"Feature","properties":{"nama":"POS PAUD RAHAYU","jenjang":"TK","n200":1,"n500":12,"dmin":33.0},"geometry":{"type":"Point","coordinates":[110.401484,-6.994036]}},{"type":"Feature","properties":{"nama":"Sekolah Tinggi Ilmu Ekonomi Totalwin","jenjang":"PT","n200":1,"n500":5,"dmin":72.0},"geometry":{"type":"Point","coordinates":[110.387943,-7.000995]}},{"type":"Feature","properties":{"nama":"SMK PIKA Semarang","jenjang":"SMA","n200":1,"n500":9,"dmin":186.0},"geometry":{"type":"Point","coordinates":[110.416932,-6.972951]}},{"type":"Feature","properties":{"nama":"RA Al - Islam Mangunsari 02","jenjang":"TK","n200":1,"n500":3,"dmin":27.0},"geometry":{"type":"Point","coordinates":[110.387523,-7.078914]}},{"type":"Feature","properties":{"nama":"KB TK Islam Sultan Agung 01","jenjang":"TK","n200":1,"n500":5,"dmin":67.0},"geometry":{"type":"Point","coordinates":[110.43868,-7.002389]}},{"type":"Feature","properties":{"nama":"SD Muhammadiyah 13","jenjang":"SD","n200":1,"n500":12,"dmin":96.0},"geometry":{"type":"Point","coordinates":[110.417918,-6.978947]}},{"type":"Feature","properties":{"nama":"SD Islam Al Iman","jenjang":"SD","n200":1,"n500":7,"dmin":138.0},"geometry":{"type":"Point","coordinates":[110.42296,-6.97458]}},{"type":"Feature","properties":{"nama":"PAUD Kenanga Ceria","jenjang":"TK","n200":1,"n500":7,"dmin":125.0},"geometry":{"type":"Point","coordinates":[110.441527,-7.063357]}},{"type":"Feature","properties":{"nama":"RA Aisyah","jenjang":"TK","n200":1,"n500":3,"dmin":110.0},"geometry":{"type":"Point","coordinates":[110.411483,-7.104791]}},{"type":"Feature","properties":{"nama":"TK-KB Bina Amal","jenjang":"TK","n200":1,"n500":4,"dmin":155.0},"geometry":{"type":"Point","coordinates":[110.414302,-6.994253]}},{"type":"Feature","properties":{"nama":"TK Tunas Bhakti","jenjang":"TK","n200":1,"n500":3,"dmin":168.0},"geometry":{"type":"Point","coordinates":[110.431224,-7.071543]}},{"type":"Feature","properties":{"nama":"SMK Negeri 10 Semarang","jenjang":"SMA","n200":1,"n500":4,"dmin":197.0},"geometry":{"type":"Point","coordinates":[110.402423,-6.96669]}},{"type":"Feature","properties":{"nama":"SD Negeri Pleburan 02","jenjang":"SD","n200":1,"n500":8,"dmin":95.0},"geometry":{"type":"Point","coordinates":[110.423772,-6.997558]}},{"type":"Feature","properties":{"nama":"SD Muhammadiyah 01","jenjang":"SD","n200":1,"n500":5,"dmin":164.0},"geometry":{"type":"Point","coordinates":[110.433094,-7.005651]}},{"type":"Feature","properties":{"nama":"MI Gisikdrono","jenjang":"SD","n200":1,"n500":6,"dmin":97.0},"geometry":{"type":"Point","coordinates":[110.388379,-6.991293]}},{"type":"Feature","properties":{"nama":"RA, KB, PAUD Manbaul Huda","jenjang":"TK","n200":1,"n500":3,"dmin":194.0},"geometry":{"type":"Point","coordinates":[110.30382,-6.974403]}},{"type":"Feature","properties":{"nama":"SMP Islam Sultan Agung 4","jenjang":"SMP","n200":1,"n500":1,"dmin":176.0},"geometry":{"type":"Point","coordinates":[110.455486,-6.956109]}},{"type":"Feature","properties":{"nama":"PAUD Mekar Cahaya","jenjang":"TK","n200":1,"n500":3,"dmin":109.0},"geometry":{"type":"Point","coordinates":[110.464025,-6.972321]}},{"type":"Feature","properties":{"nama":"PAUD Islam Teladan Bina Fitrah","jenjang":"TK","n200":1,"n500":2,"dmin":111.0},"geometry":{"type":"Point","coordinates":[110.423091,-7.091277]}},{"type":"Feature","properties":{"nama":"SMA Negeri 10 Semarang","jenjang":"SMA","n200":1,"n500":4,"dmin":63.0},"geometry":{"type":"Point","coordinates":[110.466824,-6.962829]}},{"type":"Feature","properties":{"nama":"TK An-Nafi'u thoyib","jenjang":"TK","n200":1,"n500":1,"dmin":157.0},"geometry":{"type":"Point","coordinates":[110.470836,-6.963788]}},{"type":"Feature","properties":{"nama":"SD Negeri Genuksari 1","jenjang":"SD","n200":1,"n500":4,"dmin":106.0},"geometry":{"type":"Point","coordinates":[110.479783,-6.953644]}},{"type":"Feature","properties":{"nama":"PAUD Lentera Bangsa","jenjang":"TK","n200":1,"n500":3,"dmin":118.0},"geometry":{"type":"Point","coordinates":[110.470174,-6.96939]}},{"type":"Feature","properties":{"nama":"SD Negeri Ngaliyan 03","jenjang":"SD","n200":1,"n500":7,"dmin":104.0},"geometry":{"type":"Point","coordinates":[110.348815,-6.997926]}},{"type":"Feature","properties":{"nama":"SD Negeri Karangroto 4","jenjang":"SD","n200":1,"n500":3,"dmin":38.0},"geometry":{"type":"Point","coordinates":[110.495098,-6.973841]}},{"type":"Feature","properties":{"nama":"TK Muslimat NU Tarbiyatul Athfal 39","jenjang":"TK","n200":1,"n500":2,"dmin":200.0},"geometry":{"type":"Point","coordinates":[110.335773,-6.984602]}},{"type":"Feature","properties":{"nama":"SMP PL Santo Yusup","jenjang":"SMP","n200":1,"n500":6,"dmin":179.0},"geometry":{"type":"Point","coordinates":[110.316076,-7.050838]}},{"type":"Feature","properties":{"nama":"KB-TK Indriyasana 04","jenjang":"TK","n200":1,"n500":3,"dmin":119.0},"geometry":{"type":"Point","coordinates":[110.314169,-7.05622]}},{"type":"Feature","properties":{"nama":"TK Hj. Siti Ansah","jenjang":"TK","n200":1,"n500":3,"dmin":198.0},"geometry":{"type":"Point","coordinates":[110.457521,-7.024713]}},{"type":"Feature","properties":{"nama":"MAN 1 Semarang","jenjang":"SMA","n200":1,"n500":2,"dmin":199.0},"geometry":{"type":"Point","coordinates":[110.482672,-7.016617]}},{"type":"Feature","properties":{"nama":"SMK NEGERI 10","jenjang":"PT","n200":1,"n500":4,"dmin":196.0},"geometry":{"type":"Point","coordinates":[110.4024,-6.9667]}},{"type":"Feature","properties":{"nama":"SMA AL FATTAH","jenjang":"PT","n200":1,"n500":6,"dmin":133.0},"geometry":{"type":"Point","coordinates":[110.4444,-6.9576]}},{"type":"Feature","properties":{"nama":"SMK PALAPA","jenjang":"PT","n200":1,"n500":3,"dmin":95.0},"geometry":{"type":"Point","coordinates":[110.3375,-7.0412]}},{"type":"Feature","properties":{"nama":"TK BERINGIN ASRI","jenjang":"TK","n200":1,"n500":3,"dmin":189.0},"geometry":{"type":"Point","coordinates":[110.3281,-6.9866]}},{"type":"Feature","properties":{"nama":"RA/BA/TA GISIKDRONO","jenjang":"TK","n200":1,"n500":6,"dmin":111.0},"geometry":{"type":"Point","coordinates":[110.3884,-6.9915]}},{"type":"Feature","properties":{"nama":"TK KRISTEN TUNAS PEMIMPIN BANGSA","jenjang":"TK","n200":1,"n500":3,"dmin":181.0},"geometry":{"type":"Point","coordinates":[110.4066,-6.9647]}},{"type":"Feature","properties":{"nama":"KB AGAPE","jenjang":"TK","n200":1,"n500":5,"dmin":141.0},"geometry":{"type":"Point","coordinates":[110.386505,-6.968516]}},{"type":"Feature","properties":{"nama":"KB IT MUTIARA BUNDA ARAFAH","jenjang":"TK","n200":1,"n500":5,"dmin":158.0},"geometry":{"type":"Point","coordinates":[110.477417,-6.953463]}},{"type":"Feature","properties":{"nama":"POS PAUD ANGGREK","jenjang":"TK","n200":1,"n500":8,"dmin":72.0},"geometry":{"type":"Point","coordinates":[110.4322,-7.0034]}},{"type":"Feature","properties":{"nama":"POS PAUD ASTER","jenjang":"TK","n200":1,"n500":4,"dmin":184.0},"geometry":{"type":"Point","coordinates":[110.3122,-7.053]}},{"type":"Feature","properties":{"nama":"TK PGRI 69","jenjang":"TK","n200":1,"n500":4,"dmin":183.0},"geometry":{"type":"Point","coordinates":[110.467657,-6.96957]}},{"type":"Feature","properties":{"nama":"POS PAUD MELATI","jenjang":"TK","n200":1,"n500":2,"dmin":197.0},"geometry":{"type":"Point","coordinates":[110.308541,-7.093658]}},{"type":"Feature","properties":{"nama":"Akademi Kebidanan Widya Husada","jenjang":"PT","n200":1,"n500":11,"dmin":174.0},"geometry":{"type":"Point","coordinates":[110.366241,-6.985028]}},{"type":"Feature","properties":{"nama":"STIMIK Pro Visi","jenjang":"PT","n200":1,"n500":5,"dmin":29.0},"geometry":{"type":"Point","coordinates":[110.460259,-7.007373]}},{"type":"Feature","properties":{"nama":"Akademi Keuangan Perbankan Widya Buana","jenjang":"PT","n200":1,"n500":13,"dmin":47.0},"geometry":{"type":"Point","coordinates":[110.429321,-6.990252]}},{"type":"Feature","properties":{"nama":"TK Kristen Bala Keselematan","jenjang":"TK","n200":1,"n500":7,"dmin":164.0},"geometry":{"type":"Point","coordinates":[110.435403,-6.97551]}},{"type":"Feature","properties":{"nama":"TK ABA 34","jenjang":"TK","n200":1,"n500":5,"dmin":50.0},"geometry":{"type":"Point","coordinates":[110.446749,-6.97289]}},{"type":"Feature","properties":{"nama":"Paud TPQ Bintang Kecil","jenjang":"TK","n200":1,"n500":8,"dmin":158.0},"geometry":{"type":"Point","coordinates":[110.409392,-6.980239]}},{"type":"Feature","properties":{"nama":"RA Uswatun Hasanah","jenjang":"TK","n200":1,"n500":2,"dmin":143.0},"geometry":{"type":"Point","coordinates":[110.30579,-6.9721]}},{"type":"Feature","properties":{"nama":"SD Tawangmas 02","jenjang":"SD","n200":1,"n500":7,"dmin":147.0},"geometry":{"type":"Point","coordinates":[110.391857,-6.972469]}},{"type":"Feature","properties":{"nama":"SMA Ronggolawe","jenjang":"SMA","n200":1,"n500":6,"dmin":189.0},"geometry":{"type":"Point","coordinates":[110.391361,-6.978082]}},{"type":"Feature","properties":{"nama":"KB Aisyiyah 02","jenjang":"TK","n200":1,"n500":13,"dmin":37.0},"geometry":{"type":"Point","coordinates":[110.429282,-7.001952]}},{"type":"Feature","properties":{"nama":"TK Tarbiyatul Athfal 03","jenjang":"TK","n200":1,"n500":8,"dmin":162.0},"geometry":{"type":"Point","coordinates":[110.407173,-6.973478]}},{"type":"Feature","properties":{"nama":"SMP Muhammadiyah 6","jenjang":"SMP","n200":1,"n500":11,"dmin":190.0},"geometry":{"type":"Point","coordinates":[110.409731,-6.966243]}},{"type":"Feature","properties":{"nama":"MD Al-Ijtihad","jenjang":"TK","n200":1,"n500":5,"dmin":53.0},"geometry":{"type":"Point","coordinates":[110.426971,-7.011145]}},{"type":"Feature","properties":{"nama":"SMP Negeri 30 Semarang","jenjang":"SMP","n200":1,"n500":6,"dmin":125.0},"geometry":{"type":"Point","coordinates":[110.39751,-6.979116]}},{"type":"Feature","properties":{"nama":"TK Kuntum Mekar","jenjang":"TK","n200":1,"n500":13,"dmin":165.0},"geometry":{"type":"Point","coordinates":[110.424901,-6.999381]}},{"type":"Feature","properties":{"nama":"SD Negeri Tambakrejo 01","jenjang":"SD","n200":1,"n500":4,"dmin":77.0},"geometry":{"type":"Point","coordinates":[110.445373,-6.957957]}},{"type":"Feature","properties":{"nama":"TK PGRI 67","jenjang":"TK","n200":1,"n500":5,"dmin":145.0},"geometry":{"type":"Point","coordinates":[110.477574,-6.982397]}},{"type":"Feature","properties":{"nama":"TK PGRI 75 Kramas","jenjang":"TK","n200":1,"n500":4,"dmin":175.0},"geometry":{"type":"Point","coordinates":[110.436519,-7.068231]}},{"type":"Feature","properties":{"nama":"TK Islam Holistik Daarul Muwahidin","jenjang":"TK","n200":1,"n500":2,"dmin":165.0},"geometry":{"type":"Point","coordinates":[110.466987,-7.040457]}},{"type":"Feature","properties":{"nama":"SMP Texmaco Semarang","jenjang":"SMP","n200":1,"n500":5,"dmin":130.0},"geometry":{"type":"Point","coordinates":[110.316579,-7.003515]}},{"type":"Feature","properties":{"nama":"PAUD Kasih Bunda","jenjang":"TK","n200":1,"n500":7,"dmin":179.0},"geometry":{"type":"Point","coordinates":[110.379273,-6.99284]}},{"type":"Feature","properties":{"nama":"SD Negeri Pendrikan Kidul","jenjang":"SD","n200":1,"n500":6,"dmin":167.0},"geometry":{"type":"Point","coordinates":[110.408132,-6.979776]}},{"type":"Feature","properties":{"nama":"TK Amarta","jenjang":"TK","n200":1,"n500":6,"dmin":173.0},"geometry":{"type":"Point","coordinates":[110.396866,-6.979003]}},{"type":"Feature","properties":{"nama":"Jemema Islamic School","jenjang":"TK","n200":1,"n500":7,"dmin":133.0},"geometry":{"type":"Point","coordinates":[110.423908,-6.993586]}},{"type":"Feature","properties":{"nama":"TK PGRI 86","jenjang":"TK","n200":1,"n500":2,"dmin":86.0},"geometry":{"type":"Point","coordinates":[110.494032,-6.958292]}},{"type":"Feature","properties":{"nama":"SD Negeri Pandean Lamper 01","jenjang":"SD","n200":1,"n500":6,"dmin":184.0},"geometry":{"type":"Point","coordinates":[110.444592,-7.000165]}},{"type":"Feature","properties":{"nama":"SD, SMP, SMA Advent","jenjang":"SMA","n200":1,"n500":9,"dmin":122.0},"geometry":{"type":"Point","coordinates":[110.43223,-6.97969]}},{"type":"Feature","properties":{"nama":"SMP Maria Mediatrix","jenjang":"SMP","n200":1,"n500":6,"dmin":190.0},"geometry":{"type":"Point","coordinates":[110.433032,-6.999377]}},{"type":"Feature","properties":{"nama":"TK Aisyiyah 01","jenjang":"TK","n200":1,"n500":6,"dmin":147.0},"geometry":{"type":"Point","coordinates":[110.388609,-7.014543]}},{"type":"Feature","properties":{"nama":"TK,KB,TPA Darul Iman","jenjang":"TK","n200":1,"n500":2,"dmin":167.0},"geometry":{"type":"Point","coordinates":[110.496273,-6.970808]}},{"type":"Feature","properties":{"nama":"PAUD Cahaya Mukti","jenjang":"TK","n200":1,"n500":3,"dmin":151.0},"geometry":{"type":"Point","coordinates":[110.46166,-6.970256]}},{"type":"Feature","properties":{"nama":"Yayasan Al-Jami'yah Al-Masyhariyah Semarang - SMP, SMA, SMK Walisongo","jenjang":"SMA","n200":1,"n500":13,"dmin":65.0},"geometry":{"type":"Point","coordinates":[110.429083,-6.990309]}},{"type":"Feature","properties":{"nama":"SMP Negeri 31 Semarang","jenjang":"SMP","n200":1,"n500":3,"dmin":179.0},"geometry":{"type":"Point","coordinates":[110.366895,-6.978682]}},{"type":"Feature","properties":{"nama":"SMP, SMK Ibu Kartini","jenjang":"SMA","n200":1,"n500":4,"dmin":97.0},"geometry":{"type":"Point","coordinates":[110.409876,-6.981535]}},{"type":"Feature","properties":{"nama":"SD Negeri Palebon 03","jenjang":"SD","n200":1,"n500":4,"dmin":103.0},"geometry":{"type":"Point","coordinates":[110.466166,-7.008863]}},{"type":"Feature","properties":{"nama":"MI Al - Muta'allimin","jenjang":"SD","n200":1,"n500":3,"dmin":141.0},"geometry":{"type":"Point","coordinates":[110.465178,-7.056026]}},{"type":"Feature","properties":{"nama":"TK Addarojat","jenjang":"TK","n200":1,"n500":3,"dmin":196.0},"geometry":{"type":"Point","coordinates":[110.469987,-6.962877]}},{"type":"Feature","properties":{"nama":"PAUD Annatiq","jenjang":"TK","n200":1,"n500":5,"dmin":109.0},"geometry":{"type":"Point","coordinates":[110.474419,-6.954582]}},{"type":"Feature","properties":{"nama":"TK Islam Rakhmatika","jenjang":"TK","n200":1,"n500":5,"dmin":152.0},"geometry":{"type":"Point","coordinates":[110.472486,-6.990352]}},{"type":"Feature","properties":{"nama":"PAUD Baitul Mu'iz","jenjang":"TK","n200":1,"n500":2,"dmin":200.0},"geometry":{"type":"Point","coordinates":[110.433835,-7.070266]}},{"type":"Feature","properties":{"nama":"SD Negeri Karanganyar 02","jenjang":"SD","n200":1,"n500":4,"dmin":191.0},"geometry":{"type":"Point","coordinates":[110.333755,-6.978406]}},{"type":"Feature","properties":{"nama":"SD Negeri Wonolopo 01","jenjang":"SD","n200":1,"n500":1,"dmin":48.0},"geometry":{"type":"Point","coordinates":[110.305599,-7.057197]}},{"type":"Feature","properties":{"nama":"TK PGRI 03/79","jenjang":"TK","n200":1,"n500":4,"dmin":24.0},"geometry":{"type":"Point","coordinates":[110.333206,-6.979822]}},{"type":"Feature","properties":{"nama":"SD Negeri Kalipancur 02","jenjang":"SD","n200":1,"n500":6,"dmin":181.0},"geometry":{"type":"Point","coordinates":[110.387271,-7.016516]}},{"type":"Feature","properties":{"nama":"Play Group, TK Nurus Sa'adah","jenjang":"TK","n200":1,"n500":3,"dmin":134.0},"geometry":{"type":"Point","coordinates":[110.322961,-6.995076]}},{"type":"Feature","properties":{"nama":"TK Raudlatul Muhsinin","jenjang":"TK","n200":1,"n500":5,"dmin":115.0},"geometry":{"type":"Point","coordinates":[110.457547,-6.977439]}},{"type":"Feature","properties":{"nama":"SMK YPP","jenjang":"PT","n200":1,"n500":2,"dmin":103.0},"geometry":{"type":"Point","coordinates":[110.4021,-6.9693]}},{"type":"Feature","properties":{"nama":"SMA NEGERI 03","jenjang":"PT","n200":1,"n500":7,"dmin":182.0},"geometry":{"type":"Point","coordinates":[110.412395,-6.980233]}},{"type":"Feature","properties":{"nama":"SMK PELITA NUSANTARA 2","jenjang":"PT","n200":1,"n500":6,"dmin":106.0},"geometry":{"type":"Point","coordinates":[110.4376,-6.9921]}},{"type":"Feature","properties":{"nama":"SMA NEGERI 10","jenjang":"PT","n200":1,"n500":4,"dmin":87.0},"geometry":{"type":"Point","coordinates":[110.467036,-6.962872]}},{"type":"Feature","properties":{"nama":"SMA AL ISLAM","jenjang":"PT","n200":1,"n500":4,"dmin":164.0},"geometry":{"type":"Point","coordinates":[110.4762,-6.9838]}},{"type":"Feature","properties":{"nama":"TK ISLAM TERPADU AS SALAAM","jenjang":"TK","n200":1,"n500":5,"dmin":95.0},"geometry":{"type":"Point","coordinates":[110.318,-7.0504]}},{"type":"Feature","properties":{"nama":"SMK JAYAWISATA","jenjang":"PT","n200":1,"n500":10,"dmin":122.0},"geometry":{"type":"Point","coordinates":[110.4162,-7.0656]}},{"type":"Feature","properties":{"nama":"TK SIWI PENI","jenjang":"TK","n200":1,"n500":7,"dmin":160.0},"geometry":{"type":"Point","coordinates":[110.439237,-6.977914]}},{"type":"Feature","properties":{"nama":"POS PAUD ANAK BANGSA III","jenjang":"TK","n200":1,"n500":2,"dmin":119.0},"geometry":{"type":"Point","coordinates":[110.445685,-7.012656]}},{"type":"Feature","properties":{"nama":"POS PAUD ADINDA","jenjang":"TK","n200":1,"n500":6,"dmin":198.0},"geometry":{"type":"Point","coordinates":[110.448518,-6.972149]}},{"type":"Feature","properties":{"nama":"KB PT ULUL ABSHOR","jenjang":"TK","n200":1,"n500":2,"dmin":132.0},"geometry":{"type":"Point","coordinates":[110.412803,-7.025346]}},{"type":"Feature","properties":{"nama":"KB HIDAYATULLAH","jenjang":"TK","n200":1,"n500":9,"dmin":174.0},"geometry":{"type":"Point","coordinates":[110.434623,-6.970636]}},{"type":"Feature","properties":{"nama":"Akademi Kesejahteraan Sosial Ibu Kartini","jenjang":"PT","n200":1,"n500":3,"dmin":75.0},"geometry":{"type":"Point","coordinates":[110.415372,-7.011139]}},{"type":"Feature","properties":{"nama":"TK Kristen 2 YSKI","jenjang":"TK","n200":1,"n500":9,"dmin":155.0},"geometry":{"type":"Point","coordinates":[110.434653,-6.983286]}},{"type":"Feature","properties":{"nama":"Paud Tunas Harapan","jenjang":"TK","n200":1,"n500":5,"dmin":50.0},"geometry":{"type":"Point","coordinates":[110.426351,-6.971483]}},{"type":"Feature","properties":{"nama":"PAUD Anggraeni","jenjang":"TK","n200":1,"n500":6,"dmin":166.0},"geometry":{"type":"Point","coordinates":[110.391094,-7.009391]}},{"type":"Feature","properties":{"nama":"KB-TK Kuncup Sari","jenjang":"TK","n200":1,"n500":5,"dmin":177.0},"geometry":{"type":"Point","coordinates":[110.434625,-7.009963]}},{"type":"Feature","properties":{"nama":"TK-KB Fitra Bhakti","jenjang":"TK","n200":1,"n500":2,"dmin":161.0},"geometry":{"type":"Point","coordinates":[110.418908,-7.091948]}},{"type":"Feature","properties":{"nama":"Pos PAUD Karya Mulya","jenjang":"TK","n200":1,"n500":5,"dmin":181.0},"geometry":{"type":"Point","coordinates":[110.377125,-6.99312]}},{"type":"Feature","properties":{"nama":"SMK Teuku Umar Semarang","jenjang":"SMA","n200":1,"n500":6,"dmin":109.0},"geometry":{"type":"Point","coordinates":[110.411002,-7.029441]}},{"type":"Feature","properties":{"nama":"PAUD Sekar Kantil","jenjang":"TK","n200":1,"n500":11,"dmin":177.0},"geometry":{"type":"Point","coordinates":[110.455516,-6.983455]}},{"type":"Feature","properties":{"nama":"TK PGRI 95 Kalipancur 02","jenjang":"TK","n200":1,"n500":5,"dmin":184.0},"geometry":{"type":"Point","coordinates":[110.387127,-7.016685]}},{"type":"Feature","properties":{"nama":"SMP Muhammadiyah 4 Semarang","jenjang":"SMP","n200":1,"n500":8,"dmin":141.0},"geometry":{"type":"Point","coordinates":[110.395341,-6.984761]}},{"type":"Feature","properties":{"nama":"SD Maranatha 01","jenjang":"SD","n200":1,"n500":5,"dmin":189.0},"geometry":{"type":"Point","coordinates":[110.384312,-6.992935]}},{"type":"Feature","properties":{"nama":"TK PGRI 31 Lempongsari","jenjang":"TK","n200":1,"n500":5,"dmin":155.0},"geometry":{"type":"Point","coordinates":[110.413188,-6.996489]}},{"type":"Feature","properties":{"nama":"TPA/KB/RA Al-Muna","jenjang":"TK","n200":1,"n500":5,"dmin":111.0},"geometry":{"type":"Point","coordinates":[110.375268,-7.008623]}},{"type":"Feature","properties":{"nama":"SD - SMP Kristen Bala Keselematan","jenjang":"SMP","n200":1,"n500":7,"dmin":160.0},"geometry":{"type":"Point","coordinates":[110.435545,-6.975574]}},{"type":"Feature","properties":{"nama":"PAUD Kenanga IX","jenjang":"TK","n200":1,"n500":6,"dmin":196.0},"geometry":{"type":"Point","coordinates":[110.419259,-7.004691]}},{"type":"Feature","properties":{"nama":"SD Negeri Purwodadi 02","jenjang":"SD","n200":1,"n500":9,"dmin":174.0},"geometry":{"type":"Point","coordinates":[110.414547,-6.968633]}},{"type":"Feature","properties":{"nama":"TK dan PAUD Sapta Prasetya","jenjang":"TK","n200":1,"n500":4,"dmin":183.0},"geometry":{"type":"Point","coordinates":[110.475122,-7.015926]}},{"type":"Feature","properties":{"nama":"SMK Husada Nusantara","jenjang":"SMA","n200":1,"n500":4,"dmin":120.0},"geometry":{"type":"Point","coordinates":[110.469222,-7.039284]}},{"type":"Feature","properties":{"nama":"SD Islam Diponegoro","jenjang":"SD","n200":1,"n500":4,"dmin":145.0},"geometry":{"type":"Point","coordinates":[110.462868,-7.054303]}},{"type":"Feature","properties":{"nama":"TK PGRI 53 Mlatiharjo","jenjang":"TK","n200":1,"n500":7,"dmin":167.0},"geometry":{"type":"Point","coordinates":[110.439389,-6.968781]}},{"type":"Feature","properties":{"nama":"TK Islam Terpadu","jenjang":"TK","n200":1,"n500":4,"dmin":189.0},"geometry":{"type":"Point","coordinates":[110.418758,-7.030793]}},{"type":"Feature","properties":{"nama":"SD Negeri Karangrejo 01","jenjang":"SD","n200":1,"n500":7,"dmin":180.0},"geometry":{"type":"Point","coordinates":[110.411896,-7.028314]}},{"type":"Feature","properties":{"nama":"SMP SMK PGRI 01 Semarang","jenjang":"SMA","n200":1,"n500":5,"dmin":75.0},"geometry":{"type":"Point","coordinates":[110.451395,-6.990073]}},{"type":"Feature","properties":{"nama":"SD Negeri Kuningan 04","jenjang":"SD","n200":1,"n500":5,"dmin":138.0},"geometry":{"type":"Point","coordinates":[110.418409,-6.964755]}},{"type":"Feature","properties":{"nama":"SD Negeri Kembangarum 02","jenjang":"SD","n200":1,"n500":2,"dmin":60.0},"geometry":{"type":"Point","coordinates":[110.371634,-6.98889]}},{"type":"Feature","properties":{"nama":"TK Islamadina","jenjang":"TK","n200":1,"n500":6,"dmin":187.0},"geometry":{"type":"Point","coordinates":[110.469439,-7.037482]}},{"type":"Feature","properties":{"nama":"TK Marsudirini Fatima","jenjang":"TK","n200":1,"n500":10,"dmin":153.0},"geometry":{"type":"Point","coordinates":[110.430609,-6.966382]}},{"type":"Feature","properties":{"nama":"SMK 17 Agustus 1945","jenjang":"SMA","n200":1,"n500":11,"dmin":101.0},"geometry":{"type":"Point","coordinates":[110.42908,-6.990683]}},{"type":"Feature","properties":{"nama":"RA At Thohiriyah","jenjang":"TK","n200":1,"n500":3,"dmin":196.0},"geometry":{"type":"Point","coordinates":[110.485726,-7.014649]}},{"type":"Feature","properties":{"nama":"PAUD Bintang Harapan","jenjang":"TK","n200":1,"n500":4,"dmin":198.0},"geometry":{"type":"Point","coordinates":[110.441784,-7.066595]}},{"type":"Feature","properties":{"nama":"SD Negeri Gebangsari 1","jenjang":"SD","n200":1,"n500":4,"dmin":39.0},"geometry":{"type":"Point","coordinates":[110.469321,-6.96462]}},{"type":"Feature","properties":{"nama":"SMK ST. Fransiskus","jenjang":"SMA","n200":1,"n500":7,"dmin":177.0},"geometry":{"type":"Point","coordinates":[110.472476,-7.000992]}},{"type":"Feature","properties":{"nama":"TK Margosari","jenjang":"TK","n200":1,"n500":4,"dmin":82.0},"geometry":{"type":"Point","coordinates":[110.382189,-6.998179]}},{"type":"Feature","properties":{"nama":"SD Negeri Padangsari 01","jenjang":"SD","n200":1,"n500":2,"dmin":99.0},"geometry":{"type":"Point","coordinates":[110.431255,-7.072934]}},{"type":"Feature","properties":{"nama":"SMP Filial Negeri 20","jenjang":"SMP","n200":1,"n500":2,"dmin":171.0},"geometry":{"type":"Point","coordinates":[110.496022,-6.970231]}},{"type":"Feature","properties":{"nama":"TK Islam Hj. Sri Anah 2","jenjang":"TK","n200":1,"n500":6,"dmin":153.0},"geometry":{"type":"Point","coordinates":[110.47896,-7.042412]}},{"type":"Feature","properties":{"nama":"RA-TK An-Naafi","jenjang":"TK","n200":1,"n500":1,"dmin":159.0},"geometry":{"type":"Point","coordinates":[110.306973,-7.057356]}},{"type":"Feature","properties":{"nama":"SD Qu Hanifah","jenjang":"SD","n200":1,"n500":4,"dmin":131.0},"geometry":{"type":"Point","coordinates":[110.470363,-7.015988]}},{"type":"Feature","properties":{"nama":"TK Beringin Lestari","jenjang":"TK","n200":1,"n500":3,"dmin":117.0},"geometry":{"type":"Point","coordinates":[110.324375,-6.994548]}},{"type":"Feature","properties":{"nama":"SD Negeri Kemijen 03","jenjang":"SD","n200":1,"n500":6,"dmin":177.0},"geometry":{"type":"Point","coordinates":[110.440847,-6.956874]}},{"type":"Feature","properties":{"nama":"SMK DIAN KARTIKA","jenjang":"PT","n200":1,"n500":4,"dmin":59.0},"geometry":{"type":"Point","coordinates":[110.3771,-6.992]}},{"type":"Feature","properties":{"nama":"SMA DIAN KARTIKA","jenjang":"PT","n200":1,"n500":4,"dmin":63.0},"geometry":{"type":"Point","coordinates":[110.377,-6.992]}},{"type":"Feature","properties":{"nama":"SMK NUSAPUTERA 2","jenjang":"PT","n200":1,"n500":8,"dmin":171.0},"geometry":{"type":"Point","coordinates":[110.4303,-6.9961]}},{"type":"Feature","properties":{"nama":"SMA ISLAM SULTAN AGUNG 3","jenjang":"PT","n200":1,"n500":1,"dmin":117.0},"geometry":{"type":"Point","coordinates":[110.456122,-6.956247]}},{"type":"Feature","properties":{"nama":"SMA PGRI 1","jenjang":"PT","n200":1,"n500":3,"dmin":184.0},"geometry":{"type":"Point","coordinates":[110.462181,-7.007182]}},{"type":"Feature","properties":{"nama":"TK MARDI PUTRA","jenjang":"TK","n200":1,"n500":9,"dmin":77.0},"geometry":{"type":"Point","coordinates":[110.4232,-7.0013]}},{"type":"Feature","properties":{"nama":"KB CERIA","jenjang":"TK","n200":1,"n500":4,"dmin":185.0},"geometry":{"type":"Point","coordinates":[110.299473,-6.975332]}},{"type":"Feature","properties":{"nama":"POS PAUD CAHAYA KAMILA","jenjang":"TK","n200":1,"n500":4,"dmin":164.0},"geometry":{"type":"Point","coordinates":[110.4874,-7.0196]}},{"type":"Feature","properties":{"nama":"Akademi Kebidanan Soko Tunggal","jenjang":"PT","n200":1,"n500":10,"dmin":158.0},"geometry":{"type":"Point","coordinates":[110.435037,-6.969472]}},{"type":"Feature","properties":{"nama":"TK Kanisius","jenjang":"TK","n200":1,"n500":9,"dmin":83.0},"geometry":{"type":"Point","coordinates":[110.400036,-6.982236]}},{"type":"Feature","properties":{"nama":"PAUD dan TK Islam Al - Fattah","jenjang":"TK","n200":1,"n500":4,"dmin":129.0},"geometry":{"type":"Point","coordinates":[110.444909,-6.957443]}},{"type":"Feature","properties":{"nama":"TK Dhinda","jenjang":"TK","n200":1,"n500":7,"dmin":144.0},"geometry":{"type":"Point","coordinates":[110.393384,-6.989509]}},{"type":"Feature","properties":{"nama":"MI Nurul Ulum","jenjang":"SD","n200":1,"n500":9,"dmin":129.0},"geometry":{"type":"Point","coordinates":[110.431853,-6.966107]}},{"type":"Feature","properties":{"nama":"TK Trisula Perwari","jenjang":"TK","n200":1,"n500":8,"dmin":164.0},"geometry":{"type":"Point","coordinates":[110.423593,-7.018603]}},{"type":"Feature","properties":{"nama":"TK Siwipeni 6","jenjang":"TK","n200":1,"n500":5,"dmin":54.0},"geometry":{"type":"Point","coordinates":[110.404682,-6.987405]}},{"type":"Feature","properties":{"nama":"PAUD Bhakti","jenjang":"TK","n200":1,"n500":5,"dmin":153.0},"geometry":{"type":"Point","coordinates":[110.407541,-7.102748]}},{"type":"Feature","properties":{"nama":"PAUD - TK Islam Nurul Wathon","jenjang":"TK","n200":1,"n500":5,"dmin":52.0},"geometry":{"type":"Point","coordinates":[110.388974,-7.017243]}},{"type":"Feature","properties":{"nama":"SMK Nusa Putera 02","jenjang":"SMA","n200":1,"n500":10,"dmin":147.0},"geometry":{"type":"Point","coordinates":[110.450624,-6.988406]}},{"type":"Feature","properties":{"nama":"SMK Kimia Industri Theresiana","jenjang":"SMA","n200":1,"n500":13,"dmin":93.0},"geometry":{"type":"Point","coordinates":[110.423944,-6.999988]}},{"type":"Feature","properties":{"nama":"RA Miftakhul Hidayah","jenjang":"TK","n200":1,"n500":1,"dmin":173.0},"geometry":{"type":"Point","coordinates":[110.360241,-7.054138]}},{"type":"Feature","properties":{"nama":"MA Nurussalam","jenjang":"SMA","n200":1,"n500":3,"dmin":122.0},"geometry":{"type":"Point","coordinates":[110.316785,-6.975957]}},{"type":"Feature","properties":{"nama":"TK Bhakti Pertiwi","jenjang":"TK","n200":1,"n500":4,"dmin":75.0},"geometry":{"type":"Point","coordinates":[110.466349,-7.009054]}},{"type":"Feature","properties":{"nama":"TK Kanisius Beringin","jenjang":"TK","n200":1,"n500":2,"dmin":104.0},"geometry":{"type":"Point","coordinates":[110.327522,-6.984729]}},{"type":"Feature","properties":{"nama":"SDI Darulfalah","jenjang":"SD","n200":1,"n500":3,"dmin":160.0},"geometry":{"type":"Point","coordinates":[110.481022,-6.955684]}},{"type":"Feature","properties":{"nama":"SD Negeri Manyaran 02","jenjang":"SD","n200":1,"n500":5,"dmin":61.0},"geometry":{"type":"Point","coordinates":[110.382589,-6.998391]}},{"type":"Feature","properties":{"nama":"PAUD Al - Fattah","jenjang":"TK","n200":1,"n500":3,"dmin":192.0},"geometry":{"type":"Point","coordinates":[110.359268,-6.990196]}},{"type":"Feature","properties":{"nama":"TK Widuri","jenjang":"TK","n200":1,"n500":11,"dmin":46.0},"geometry":{"type":"Point","coordinates":[110.420345,-7.073433]}},{"type":"Feature","properties":{"nama":"MI, MTS, MA Infarul Ghoy","jenjang":"SMA","n200":1,"n500":3,"dmin":184.0},"geometry":{"type":"Point","coordinates":[110.486632,-7.017939]}},{"type":"Feature","properties":{"nama":"SD Negeri Tambakaji 01","jenjang":"SD","n200":1,"n500":5,"dmin":51.0},"geometry":{"type":"Point","coordinates":[110.333095,-6.979522]}},{"type":"Feature","properties":{"nama":"TK Tarbiyatut Athfal","jenjang":"TK","n200":1,"n500":1,"dmin":186.0},"geometry":{"type":"Point","coordinates":[110.336501,-7.053051]}},{"type":"Feature","properties":{"nama":"SD Negeri Pedurungan kidul 01","jenjang":"SD","n200":1,"n500":2,"dmin":49.0},"geometry":{"type":"Point","coordinates":[110.475759,-7.012449]}},{"type":"Feature","properties":{"nama":"SMK Islamic Centre Baiturrahman","jenjang":"SMA","n200":1,"n500":9,"dmin":96.0},"geometry":{"type":"Point","coordinates":[110.377049,-7.009972]}},{"type":"Feature","properties":{"nama":"TK IT Al Mawaddah Seruni","jenjang":"TK","n200":1,"n500":6,"dmin":134.0},"geometry":{"type":"Point","coordinates":[110.456312,-6.979295]}},{"type":"Feature","properties":{"nama":"SMK PENERBANGAN KARTIKA AQASA BHAKTI","jenjang":"PT","n200":1,"n500":7,"dmin":161.0},"geometry":{"type":"Point","coordinates":[110.3694,-6.9852]}},{"type":"Feature","properties":{"nama":"SMK HUSADA NUSANTARA","jenjang":"PT","n200":1,"n500":4,"dmin":117.0},"geometry":{"type":"Point","coordinates":[110.4692,-7.0393]}},{"type":"Feature","properties":{"nama":"SMA MARDISISWA","jenjang":"PT","n200":1,"n500":11,"dmin":168.0},"geometry":{"type":"Point","coordinates":[110.4158,-7.0661]}},{"type":"Feature","properties":{"nama":"TK SEMESTA","jenjang":"TK","n200":1,"n500":2,"dmin":190.0},"geometry":{"type":"Point","coordinates":[110.4369,-7.0316]}},{"type":"Feature","properties":{"nama":"TK PGRI 45","jenjang":"TK","n200":1,"n500":4,"dmin":200.0},"geometry":{"type":"Point","coordinates":[110.422897,-7.016394]}},{"type":"Feature","properties":{"nama":"RA/BA/TA AL AMIN 03","jenjang":"TK","n200":1,"n500":4,"dmin":195.0},"geometry":{"type":"Point","coordinates":[110.41205,-7.095955]}},{"type":"Feature","properties":{"nama":"KB LATIFAH 5","jenjang":"TK","n200":1,"n500":2,"dmin":72.0},"geometry":{"type":"Point","coordinates":[110.313797,-7.088725]}},{"type":"Feature","properties":{"nama":"TK DHARMA WANITA 2 MANYARAN","jenjang":"TK","n200":1,"n500":3,"dmin":0.0},"geometry":{"type":"Point","coordinates":[110.385991,-7.003682]}},{"type":"Feature","properties":{"nama":"POS PAUD Wijaya Kusuma 3","jenjang":"TK","n200":1,"n500":13,"dmin":111.0},"geometry":{"type":"Point","coordinates":[110.428443,-6.989705]}},{"type":"Feature","properties":{"nama":"Institut Teknologi Statistika dan Bisnis Muhammadiyah Semarang","jenjang":"PT","n200":1,"n500":2,"dmin":167.0},"geometry":{"type":"Point","coordinates":[110.357068,-6.988582]}},{"type":"Feature","properties":{"nama":"Universitas Pandanaran","jenjang":"PT","n200":1,"n500":7,"dmin":158.0},"geometry":{"type":"Point","coordinates":[110.434727,-7.059967]}},{"type":"Feature","properties":{"nama":"TK PKBM Budi Luhur","jenjang":"TK","n200":1,"n500":3,"dmin":66.0},"geometry":{"type":"Point","coordinates":[110.416334,-7.011208]}},{"type":"Feature","properties":{"nama":"TK PGRI 25","jenjang":"TK","n200":1,"n500":7,"dmin":195.0},"geometry":{"type":"Point","coordinates":[110.411819,-7.028183]}},{"type":"Feature","properties":{"nama":"TK Hj. Isriati Baiturrahman 1","jenjang":"TK","n200":1,"n500":8,"dmin":68.0},"geometry":{"type":"Point","coordinates":[110.42164,-6.989101]}},{"type":"Feature","properties":{"nama":"Pos PAUD Menur","jenjang":"TK","n200":1,"n500":6,"dmin":114.0},"geometry":{"type":"Point","coordinates":[110.428058,-7.065114]}},{"type":"Feature","properties":{"nama":"TK Al Falah","jenjang":"TK","n200":1,"n500":4,"dmin":155.0},"geometry":{"type":"Point","coordinates":[110.389496,-6.977199]}},{"type":"Feature","properties":{"nama":"TK Tarbiyatul Athfal 14","jenjang":"TK","n200":1,"n500":4,"dmin":108.0},"geometry":{"type":"Point","coordinates":[110.439223,-6.960205]}},{"type":"Feature","properties":{"nama":"TK Bunga Cahaya","jenjang":"TK","n200":1,"n500":3,"dmin":129.0},"geometry":{"type":"Point","coordinates":[110.381241,-7.004541]}},{"type":"Feature","properties":{"nama":"SD Islam Al Hikmah","jenjang":"SD","n200":1,"n500":2,"dmin":132.0},"geometry":{"type":"Point","coordinates":[110.396243,-6.973858]}},{"type":"Feature","properties":{"nama":"TK Kartika III-12","jenjang":"TK","n200":1,"n500":4,"dmin":113.0},"geometry":{"type":"Point","coordinates":[110.44205,-7.01249]}},{"type":"Feature","properties":{"nama":"PAUD Srikandi IV - TK PL Don Bosko","jenjang":"TK","n200":1,"n500":3,"dmin":99.0},"geometry":{"type":"Point","coordinates":[110.419243,-7.020662]}},{"type":"Feature","properties":{"nama":"SD Negeri Lempongsari","jenjang":"SD","n200":1,"n500":5,"dmin":134.0},"geometry":{"type":"Point","coordinates":[110.413337,-6.996368]}},{"type":"Feature","properties":{"nama":"TK TUNAS ISLAM","jenjang":"TK","n200":1,"n500":5,"dmin":185.0},"geometry":{"type":"Point","coordinates":[110.4626,-6.9777]}},{"type":"Feature","properties":{"nama":"TK SIWI PENI 23","jenjang":"TK","n200":1,"n500":8,"dmin":179.0},"geometry":{"type":"Point","coordinates":[110.4312,-6.9982]}},{"type":"Feature","properties":{"nama":"KB GAUSSIAN KAMIL SCHOOL","jenjang":"TK","n200":1,"n500":3,"dmin":186.0},"geometry":{"type":"Point","coordinates":[110.389235,-7.078859]}},{"type":"Feature","properties":{"nama":"POS PAUD TUNAS CERIA","jenjang":"TK","n200":1,"n500":5,"dmin":137.0},"geometry":{"type":"Point","coordinates":[110.43936,-6.977746]}},{"type":"Feature","properties":{"nama":"KB DARUL QURAN","jenjang":"TK","n200":1,"n500":2,"dmin":151.0},"geometry":{"type":"Point","coordinates":[110.452372,-6.970144]}},{"type":"Feature","properties":{"nama":"Universitas PGRI Semarang","jenjang":"PT","n200":1,"n500":8,"dmin":73.0},"geometry":{"type":"Point","coordinates":[110.435368,-6.989302]}},{"type":"Feature","properties":{"nama":"SLB C PELITA ILMU","jenjang":"SLB","n200":1,"n500":4,"dmin":193.0},"geometry":{"type":"Point","coordinates":[110.3966,-6.9722]}},{"type":"Feature","properties":{"nama":"SMA WIDYA WIYATA","jenjang":"PT","n200":1,"n500":5,"dmin":156.0},"geometry":{"type":"Point","coordinates":[110.387184,-7.000408]}},{"type":"Feature","properties":{"nama":"TK Advent","jenjang":"TK","n200":1,"n500":9,"dmin":137.0},"geometry":{"type":"Point","coordinates":[110.432357,-6.979722]}},{"type":"Feature","properties":{"nama":"TK Aisyiyah Bustanul Athfal 11","jenjang":"TK","n200":1,"n500":13,"dmin":98.0},"geometry":{"type":"Point","coordinates":[110.41795,-6.978961]}},{"type":"Feature","properties":{"nama":"TK Petra","jenjang":"TK","n200":1,"n500":2,"dmin":60.0},"geometry":{"type":"Point","coordinates":[110.484631,-7.009451]}},{"type":"Feature","properties":{"nama":"Pos PAUD Mutiara Bunda","jenjang":"TK","n200":1,"n500":4,"dmin":146.0},"geometry":{"type":"Point","coordinates":[110.377203,-6.998726]}},{"type":"Feature","properties":{"nama":"PAUD Tunas Wacana","jenjang":"TK","n200":1,"n500":4,"dmin":75.0},"geometry":{"type":"Point","coordinates":[110.466105,-6.962072]}},{"type":"Feature","properties":{"nama":"RA - PAUD Al - Hidayah","jenjang":"TK","n200":1,"n500":1,"dmin":55.0},"geometry":{"type":"Point","coordinates":[110.347917,-7.070502]}},{"type":"Feature","properties":{"nama":"SMA Negeri 3 Semarang","jenjang":"SMA","n200":1,"n500":7,"dmin":133.0},"geometry":{"type":"Point","coordinates":[110.411783,-6.980552]}},{"type":"Feature","properties":{"nama":"SMA Negeri 1 Semarang","jenjang":"SMA","n200":1,"n500":4,"dmin":124.0},"geometry":{"type":"Point","coordinates":[110.418635,-6.992198]}},{"type":"Feature","properties":{"nama":"KB-TK Cahaya Negeri","jenjang":"TK","n200":1,"n500":6,"dmin":183.0},"geometry":{"type":"Point","coordinates":[110.443671,-7.002212]}},{"type":"Feature","properties":{"nama":"SD - SMP Al-Kautsar","jenjang":"SMP","n200":1,"n500":3,"dmin":88.0},"geometry":{"type":"Point","coordinates":[110.402975,-6.967845]}},{"type":"Feature","properties":{"nama":"TK Tarbiyatul Athfal 16","jenjang":"TK","n200":1,"n500":9,"dmin":79.0},"geometry":{"type":"Point","coordinates":[110.433055,-6.984534]}},{"type":"Feature","properties":{"nama":"PAUD, TK Brilliant","jenjang":"TK","n200":1,"n500":1,"dmin":180.0},"geometry":{"type":"Point","coordinates":[110.370565,-7.014118]}},{"type":"Feature","properties":{"nama":"SD Negeri Kembangsari 01","jenjang":"SD","n200":1,"n500":13,"dmin":186.0},"geometry":{"type":"Point","coordinates":[110.419579,-6.979824]}},{"type":"Feature","properties":{"nama":"SD Bina Amal","jenjang":"SD","n200":1,"n500":5,"dmin":158.0},"geometry":{"type":"Point","coordinates":[110.414416,-6.99423]}},{"type":"Feature","properties":{"nama":"TK Citrapata","jenjang":"TK","n200":1,"n500":11,"dmin":163.0},"geometry":{"type":"Point","coordinates":[110.425054,-7.072981]}},{"type":"Feature","properties":{"nama":"SMP Kanisius St. Yoris","jenjang":"SMP","n200":1,"n500":9,"dmin":168.0},"geometry":{"type":"Point","coordinates":[110.430308,-6.996169]}},{"type":"Feature","properties":{"nama":"SMP Kanisius Semarang","jenjang":"SMP","n200":1,"n500":3,"dmin":25.0},"geometry":{"type":"Point","coordinates":[110.434814,-6.965441]}},{"type":"Feature","properties":{"nama":"TK Budi Lestari 2","jenjang":"TK","n200":1,"n500":8,"dmin":109.0},"geometry":{"type":"Point","coordinates":[110.47237,-7.037078]}},{"type":"Feature","properties":{"nama":"PAUD Pelangi","jenjang":"TK","n200":1,"n500":1,"dmin":24.0},"geometry":{"type":"Point","coordinates":[110.380551,-7.076566]}},{"type":"Feature","properties":{"nama":"Pos PAUD Melati II","jenjang":"TK","n200":1,"n500":6,"dmin":193.0},"geometry":{"type":"Point","coordinates":[110.383225,-6.991389]}},{"type":"Feature","properties":{"nama":"SD Negeri Bangetayu Kulon","jenjang":"SD","n200":1,"n500":6,"dmin":143.0},"geometry":{"type":"Point","coordinates":[110.477698,-6.982361]}},{"type":"Feature","properties":{"nama":"KB Latifah XI Muslimat NU","jenjang":"TK","n200":1,"n500":4,"dmin":187.0},"geometry":{"type":"Point","coordinates":[110.376803,-6.993113]}},{"type":"Feature","properties":{"nama":"SD Negeri Palebon 01","jenjang":"SD","n200":1,"n500":5,"dmin":180.0},"geometry":{"type":"Point","coordinates":[110.465159,-7.005369]}},{"type":"Feature","properties":{"nama":"PAUD Aisyiyah","jenjang":"TK","n200":1,"n500":3,"dmin":81.0},"geometry":{"type":"Point","coordinates":[110.477478,-6.964886]}},{"type":"Feature","properties":{"nama":"SMA Gita Bahari","jenjang":"SMA","n200":1,"n500":6,"dmin":178.0},"geometry":{"type":"Point","coordinates":[110.461799,-6.996064]}},{"type":"Feature","properties":{"nama":"PAUD - TK Shofa Marwah","jenjang":"TK","n200":1,"n500":1,"dmin":114.0},"geometry":{"type":"Point","coordinates":[110.472651,-7.065759]}},{"type":"Feature","properties":{"nama":"SD Negeri Mangkang Kulon 02","jenjang":"SD","n200":1,"n500":4,"dmin":145.0},"geometry":{"type":"Point","coordinates":[110.298054,-6.972319]}},{"type":"Feature","properties":{"nama":"SD Negeri Tandang 01","jenjang":"SD","n200":1,"n500":5,"dmin":101.0},"geometry":{"type":"Point","coordinates":[110.448737,-7.013323]}},{"type":"Feature","properties":{"nama":"TK Tarbiyatul Athfal 49","jenjang":"TK","n200":1,"n500":2,"dmin":184.0},"geometry":{"type":"Point","coordinates":[110.303068,-7.039306]}},{"type":"Feature","properties":{"nama":"TK Mutiara Bangsa","jenjang":"TK","n200":1,"n500":2,"dmin":176.0},"geometry":{"type":"Point","coordinates":[110.486856,-7.014864]}},{"type":"Feature","properties":{"nama":"MTs-SMA Qosim Al Hadi","jenjang":"SMA","n200":1,"n500":2,"dmin":164.0},"geometry":{"type":"Point","coordinates":[110.300883,-7.040762]}},{"type":"Feature","properties":{"nama":"TK Islam Siti Fatimah","jenjang":"TK","n200":1,"n500":3,"dmin":162.0},"geometry":{"type":"Point","coordinates":[110.47876,-7.019834]}},{"type":"Feature","properties":{"nama":"TK Do'a Ibu","jenjang":"TK","n200":1,"n500":5,"dmin":107.0},"geometry":{"type":"Point","coordinates":[110.470309,-7.018819]}},{"type":"Feature","properties":{"nama":"KB - PAUD Putu Kalinyamat","jenjang":"TK","n200":1,"n500":6,"dmin":91.0},"geometry":{"type":"Point","coordinates":[110.441995,-6.956285]}},{"type":"Feature","properties":{"nama":"SMK IBU KARTINI","jenjang":"PT","n200":1,"n500":4,"dmin":86.0},"geometry":{"type":"Point","coordinates":[110.4098,-6.9816]}},{"type":"Feature","properties":{"nama":"SMA KRISTEN YSKI","jenjang":"PT","n200":1,"n500":7,"dmin":19.0},"geometry":{"type":"Point","coordinates":[110.4358,-6.9899]}},{"type":"Feature","properties":{"nama":"IKIP PGRI Semarang","jenjang":"PT","n200":1,"n500":8,"dmin":73.0},"geometry":{"type":"Point","coordinates":[110.435368,-6.989302]}},{"type":"Feature","properties":{"nama":"SMK NEGERI 09","jenjang":"PT","n200":1,"n500":8,"dmin":182.0},"geometry":{"type":"Point","coordinates":[110.4287,-7.0082]}},{"type":"Feature","properties":{"nama":"TK TUNAS MUDA","jenjang":"TK","n200":1,"n500":6,"dmin":154.0},"geometry":{"type":"Point","coordinates":[110.390389,-6.991164]}},{"type":"Feature","properties":{"nama":"TK Bina Putra","jenjang":"TK","n200":1,"n500":5,"dmin":126.0},"geometry":{"type":"Point","coordinates":[110.389916,-6.979006]}},{"type":"Feature","properties":{"nama":"TK Al-Kautsar","jenjang":"TK","n200":1,"n500":3,"dmin":94.0},"geometry":{"type":"Point","coordinates":[110.403023,-6.967803]}},{"type":"Feature","properties":{"nama":"PAUD RW VII","jenjang":"TK","n200":1,"n500":2,"dmin":152.0},"geometry":{"type":"Point","coordinates":[110.415859,-7.019238]}},{"type":"Feature","properties":{"nama":"TK Al Hidayah","jenjang":"TK","n200":1,"n500":7,"dmin":185.0},"geometry":{"type":"Point","coordinates":[110.440302,-7.001346]}},{"type":"Feature","properties":{"nama":"TK Pertiwi 08","jenjang":"TK","n200":1,"n500":1,"dmin":44.0},"geometry":{"type":"Point","coordinates":[110.305312,-7.057325]}},{"type":"Feature","properties":{"nama":"SMA Negeri 2 Semarang","jenjang":"SMA","n200":1,"n500":4,"dmin":189.0},"geometry":{"type":"Point","coordinates":[110.460673,-7.009022]}},{"type":"Feature","properties":{"nama":"KB TK Nurul Hidayah","jenjang":"TK","n200":1,"n500":8,"dmin":75.0},"geometry":{"type":"Point","coordinates":[110.441875,-7.008307]}},{"type":"Feature","properties":{"nama":"TK Muslimat NU","jenjang":"TK","n200":1,"n500":9,"dmin":194.0},"geometry":{"type":"Point","coordinates":[110.422351,-6.974357]}},{"type":"Feature","properties":{"nama":"TK An Nikmah","jenjang":"TK","n200":1,"n500":9,"dmin":188.0},"geometry":{"type":"Point","coordinates":[110.462206,-6.981163]}},{"type":"Feature","properties":{"nama":"TK Berlian Bangsa","jenjang":"TK","n200":1,"n500":3,"dmin":194.0},"geometry":{"type":"Point","coordinates":[110.325131,-7.00746]}},{"type":"Feature","properties":{"nama":"TK Trisula IV","jenjang":"TK","n200":1,"n500":5,"dmin":98.0},"geometry":{"type":"Point","coordinates":[110.436404,-6.982022]}},{"type":"Feature","properties":{"nama":"SMK Yayasan Pendidikan Pembangunan Semarang","jenjang":"SMA","n200":1,"n500":2,"dmin":108.0},"geometry":{"type":"Point","coordinates":[110.402065,-6.969333]}},{"type":"Feature","properties":{"nama":"SD Negeri Purwoyoso 01","jenjang":"SD","n200":1,"n500":3,"dmin":195.0},"geometry":{"type":"Point","coordinates":[110.360176,-6.987866]}},{"type":"Feature","properties":{"nama":"SD Negeri Candi 01","jenjang":"SD","n200":1,"n500":4,"dmin":102.0},"geometry":{"type":"Point","coordinates":[110.431926,-7.008127]}},{"type":"Feature","properties":{"nama":"TK PGRI 64","jenjang":"TK","n200":1,"n500":7,"dmin":47.0},"geometry":{"type":"Point","coordinates":[110.442028,-6.957067]}},{"type":"Feature","properties":{"nama":"SD Negeri Tanjung Mas","jenjang":"SMA","n200":1,"n500":3,"dmin":191.0},"geometry":{"type":"Point","coordinates":[110.427797,-6.962615]}},{"type":"Feature","properties":{"nama":"TK Mandiri","jenjang":"TK","n200":1,"n500":5,"dmin":153.0},"geometry":{"type":"Point","coordinates":[110.475642,-6.99712]}},{"type":"Feature","properties":{"nama":"PAUD Anggrek","jenjang":"TK","n200":1,"n500":4,"dmin":131.0},"geometry":{"type":"Point","coordinates":[110.416258,-7.073875]}},{"type":"Feature","properties":{"nama":"PG-TK Ahbabul Ulum","jenjang":"TK","n200":1,"n500":6,"dmin":125.0},"geometry":{"type":"Point","coordinates":[110.465366,-6.970274]}},{"type":"Feature","properties":{"nama":"TK Permata Hati","jenjang":"TK","n200":1,"n500":2,"dmin":185.0},"geometry":{"type":"Point","coordinates":[110.457679,-7.06578]}},{"type":"Feature","properties":{"nama":"TK Pertiwi 22","jenjang":"TK","n200":1,"n500":3,"dmin":162.0},"geometry":{"type":"Point","coordinates":[110.33803,-7.040786]}},{"type":"Feature","properties":{"nama":"MTs - MA Taqwal Ilah","jenjang":"SMA","n200":1,"n500":2,"dmin":45.0},"geometry":{"type":"Point","coordinates":[110.4711,-7.055573]}},{"type":"Feature","properties":{"nama":"MI Uswatun Hasanah","jenjang":"SD","n200":1,"n500":2,"dmin":137.0},"geometry":{"type":"Point","coordinates":[110.305675,-6.97202]}},{"type":"Feature","properties":{"nama":"SD Negeri Plalangan 04","jenjang":"SD","n200":1,"n500":3,"dmin":115.0},"geometry":{"type":"Point","coordinates":[110.365788,-7.086039]}},{"type":"Feature","properties":{"nama":"SMK Ma'arif NU 1 Semarang","jenjang":"SMA","n200":1,"n500":1,"dmin":190.0},"geometry":{"type":"Point","coordinates":[110.307281,-7.057477]}},{"type":"Feature","properties":{"nama":"KB, TK Nusantara","jenjang":"TK","n200":1,"n500":5,"dmin":158.0},"geometry":{"type":"Point","coordinates":[110.344807,-6.996477]}},{"type":"Feature","properties":{"nama":"TK dan PAUD Harapan Bunda","jenjang":"TK","n200":1,"n500":3,"dmin":62.0},"geometry":{"type":"Point","coordinates":[110.484056,-7.015955]}},{"type":"Feature","properties":{"nama":"PAUD Pelita Hati","jenjang":"TK","n200":1,"n500":1,"dmin":174.0},"geometry":{"type":"Point","coordinates":[110.495069,-7.027861]}},{"type":"Feature","properties":{"nama":"KB - TK Islam Terpadu Baitussalam","jenjang":"TK","n200":1,"n500":5,"dmin":119.0},"geometry":{"type":"Point","coordinates":[110.465724,-7.021289]}},{"type":"Feature","properties":{"nama":"SD Negeri Sambirejo 01","jenjang":"SD","n200":1,"n500":3,"dmin":147.0},"geometry":{"type":"Point","coordinates":[110.442141,-6.986536]}},{"type":"Feature","properties":{"nama":"SD Islam Terpadu Insan Mulia","jenjang":"SD","n200":1,"n500":5,"dmin":158.0},"geometry":{"type":"Point","coordinates":[110.327797,-6.991371]}},{"type":"Feature","properties":{"nama":"MA NURUSSALAM","jenjang":"PT","n200":1,"n500":4,"dmin":140.0},"geometry":{"type":"Point","coordinates":[110.3166,-6.9759]}},{"type":"Feature","properties":{"nama":"SMAS MASEHI 1 PSAK","jenjang":"PT","n200":1,"n500":3,"dmin":101.0},"geometry":{"type":"Point","coordinates":[110.406033,-6.964237]}},{"type":"Feature","properties":{"nama":"SMAS WALISONGO","jenjang":"PT","n200":1,"n500":13,"dmin":68.0},"geometry":{"type":"Point","coordinates":[110.429051,-6.990315]}},{"type":"Feature","properties":{"nama":"MAN 2 KOTA SEMARANG","jenjang":"PT","n200":1,"n500":2,"dmin":179.0},"geometry":{"type":"Point","coordinates":[110.4744,-6.9814]}},{"type":"Feature","properties":{"nama":"SMK KRISTEN GERGAJI","jenjang":"PT","n200":1,"n500":4,"dmin":189.0},"geometry":{"type":"Point","coordinates":[110.4136,-6.9941]}},{"type":"Feature","properties":{"nama":"SMK KIMIA INDUSTRI THERESIANA","jenjang":"PT","n200":1,"n500":3,"dmin":148.0},"geometry":{"type":"Point","coordinates":[110.4224,-7.0088]}},{"type":"Feature","properties":{"nama":"TK AL ISHLAH","jenjang":"TK","n200":1,"n500":4,"dmin":156.0},"geometry":{"type":"Point","coordinates":[110.4634,-7.056]}},{"type":"Feature","properties":{"nama":"TK BAITURRAHIM","jenjang":"TK","n200":1,"n500":2,"dmin":110.0},"geometry":{"type":"Point","coordinates":[110.445814,-7.012736]}},{"type":"Feature","properties":{"nama":"TK PGRI","jenjang":"TK","n200":1,"n500":5,"dmin":160.0},"geometry":{"type":"Point","coordinates":[110.4269,-7.01842]}},{"type":"Feature","properties":{"nama":"POS PAUD PERMATA HATI","jenjang":"TK","n200":1,"n500":2,"dmin":174.0},"geometry":{"type":"Point","coordinates":[110.4958,-6.9774]}},{"type":"Feature","properties":{"nama":"KB ISLAM PERMATA","jenjang":"TK","n200":1,"n500":2,"dmin":147.0},"geometry":{"type":"Point","coordinates":[110.4123,-7.0143]}},{"type":"Feature","properties":{"nama":"TK PERTIWI 13","jenjang":"TK","n200":1,"n500":5,"dmin":121.0},"geometry":{"type":"Point","coordinates":[110.464388,-7.009054]}},{"type":"Feature","properties":{"nama":"RA AL FITHRAH SEMARANG","jenjang":"TK","n200":1,"n500":4,"dmin":33.0},"geometry":{"type":"Point","coordinates":[110.470832,-7.057768]}},{"type":"Feature","properties":{"nama":"POS PAUD MANGGA","jenjang":"TK","n200":1,"n500":1,"dmin":100.0},"geometry":{"type":"Point","coordinates":[110.494523,-6.965885]}},{"type":"Feature","properties":{"nama":"KB BAITUL MUHTADIN","jenjang":"TK","n200":1,"n500":5,"dmin":198.0},"geometry":{"type":"Point","coordinates":[110.455092,-6.99508]}},{"type":"Feature","properties":{"nama":"PAUD Bintang Kasih","jenjang":"TK","n200":1,"n500":4,"dmin":76.0},"geometry":{"type":"Point","coordinates":[110.472316,-6.992079]}},{"type":"Feature","properties":{"nama":"TK Islam Tunas Harapan","jenjang":"TK","n200":1,"n500":6,"dmin":141.0},"geometry":{"type":"Point","coordinates":[110.472201,-7.035392]}},{"type":"Feature","properties":{"nama":"SMP Texmaco Semarang","jenjang":"SMP","n200":1,"n500":3,"dmin":196.0},"geometry":{"type":"Point","coordinates":[110.316937,-7.002499]}},{"type":"Feature","properties":{"nama":"TK Mutiara Hati","jenjang":"TK","n200":1,"n500":4,"dmin":35.0},"geometry":{"type":"Point","coordinates":[110.384269,-7.011771]}},{"type":"Feature","properties":{"nama":"TK Islam Syahidin","jenjang":"TK","n200":1,"n500":8,"dmin":125.0},"geometry":{"type":"Point","coordinates":[110.398538,-6.979264]}},{"type":"Feature","properties":{"nama":"RA Al-Iman","jenjang":"TK","n200":1,"n500":8,"dmin":185.0},"geometry":{"type":"Point","coordinates":[110.43718,-7.008215]}},{"type":"Feature","properties":{"nama":"SD Islam Sultan Agung 2","jenjang":"SD","n200":1,"n500":8,"dmin":153.0},"geometry":{"type":"Point","coordinates":[110.418376,-6.967112]}},{"type":"Feature","properties":{"nama":"TK ABA 44","jenjang":"TK","n200":1,"n500":8,"dmin":76.0},"geometry":{"type":"Point","coordinates":[110.425854,-7.07292]}},{"type":"Feature","properties":{"nama":"SD Negeri Kuningan 02","jenjang":"SD","n200":1,"n500":5,"dmin":107.0},"geometry":{"type":"Point","coordinates":[110.41572,-6.964365]}},{"type":"Feature","properties":{"nama":"TK An - Nur","jenjang":"TK","n200":1,"n500":1,"dmin":183.0},"geometry":{"type":"Point","coordinates":[110.380234,-7.030061]}},{"type":"Feature","properties":{"nama":"KB-TK Terpadu Kartika VIII-47","jenjang":"TK","n200":1,"n500":1,"dmin":61.0},"geometry":{"type":"Point","coordinates":[110.372319,-6.988233]}},{"type":"Feature","properties":{"nama":"SD Islamadina","jenjang":"SD","n200":1,"n500":6,"dmin":188.0},"geometry":{"type":"Point","coordinates":[110.469251,-7.037461]}},{"type":"Feature","properties":{"nama":"MI Mirfaul Ulum","jenjang":"SD","n200":1,"n500":4,"dmin":100.0},"geometry":{"type":"Point","coordinates":[110.469191,-6.963845]}},{"type":"Feature","properties":{"nama":"SMA Islam Sultan Agung 3","jenjang":"SMA","n200":1,"n500":1,"dmin":131.0},"geometry":{"type":"Point","coordinates":[110.456221,-6.956052]}},{"type":"Feature","properties":{"nama":"SD Negeri Trimulyo 2","jenjang":"SD","n200":1,"n500":2,"dmin":102.0},"geometry":{"type":"Point","coordinates":[110.478345,-6.951319]}},{"type":"Feature","properties":{"nama":"PAUD Cendekia Asri","jenjang":"TK","n200":1,"n500":2,"dmin":188.0},"geometry":{"type":"Point","coordinates":[110.462467,-7.041966]}},{"type":"Feature","properties":{"nama":"SD Negeri Mangunsari 01","jenjang":"SD","n200":1,"n500":3,"dmin":89.0},"geometry":{"type":"Point","coordinates":[110.386955,-7.082669]}},{"type":"Feature","properties":{"nama":"SMP Muhammadiyah 02","jenjang":"SMP","n200":1,"n500":3,"dmin":170.0},"geometry":{"type":"Point","coordinates":[110.310197,-7.064732]}},{"type":"Feature","properties":{"nama":"KB/TK An-Nur","jenjang":"TK","n200":1,"n500":3,"dmin":114.0},"geometry":{"type":"Point","coordinates":[110.310202,-7.063015]}},{"type":"Feature","properties":{"nama":"SMP Nurul Ulum","jenjang":"SMP","n200":1,"n500":1,"dmin":191.0},"geometry":{"type":"Point","coordinates":[110.494552,-6.964523]}},{"type":"Feature","properties":{"nama":"SMP Al-Islam","jenjang":"SMP","n200":1,"n500":4,"dmin":187.0},"geometry":{"type":"Point","coordinates":[110.476498,-6.98389]}},{"type":"Feature","properties":{"nama":"KB Aisyiyah","jenjang":"TK","n200":1,"n500":5,"dmin":194.0},"geometry":{"type":"Point","coordinates":[110.317204,-7.055459]}},{"type":"Feature","properties":{"nama":"SD Negeri Penggaron Kidul","jenjang":"SD","n200":1,"n500":2,"dmin":180.0},"geometry":{"type":"Point","coordinates":[110.494139,-7.01126]}},{"type":"Feature","properties":{"nama":"SD Negeri Sambiroto 01","jenjang":"SD","n200":1,"n500":6,"dmin":122.0},"geometry":{"type":"Point","coordinates":[110.459875,-7.02625]}},{"type":"Feature","properties":{"nama":"SMK Nurul Barqi","jenjang":"SMA","n200":1,"n500":1,"dmin":133.0},"geometry":{"type":"Point","coordinates":[110.357636,-7.068206]}},{"type":"Feature","properties":{"nama":"Sekolah Alam Islam Aisyah","jenjang":"TK","n200":1,"n500":3,"dmin":169.0},"geometry":{"type":"Point","coordinates":[110.359179,-7.075645]}},{"type":"Feature","properties":{"nama":"SD Negeri Sendangguwo 01","jenjang":"SD","n200":1,"n500":4,"dmin":146.0},"geometry":{"type":"Point","coordinates":[110.44981,-7.011486]}},{"type":"Feature","properties":{"nama":"Taman Kanak - Kanak Wismasari Putra","jenjang":"TK","n200":1,"n500":5,"dmin":160.0},"geometry":{"type":"Point","coordinates":[110.349738,-6.999785]}},{"type":"Feature","properties":{"nama":"SMP Maria Goretti Semarang","jenjang":"SMP","n200":1,"n500":3,"dmin":171.0},"geometry":{"type":"Point","coordinates":[110.410907,-6.981433]}},{"type":"Feature","properties":{"nama":"SMK WALISONGO","jenjang":"PT","n200":1,"n500":13,"dmin":73.0},"geometry":{"type":"Point","coordinates":[110.428862,-6.990173]}},{"type":"Feature","properties":{"nama":"SMA ADVENT","jenjang":"PT","n200":1,"n500":9,"dmin":113.0},"geometry":{"type":"Point","coordinates":[110.432181,-6.979604]}},{"type":"Feature","properties":{"nama":"SMK TLOGOSARI","jenjang":"PT","n200":1,"n500":7,"dmin":198.0},"geometry":{"type":"Point","coordinates":[110.459,-6.9917]}},{"type":"Feature","properties":{"nama":"SMA NEGERI 01","jenjang":"PT","n200":1,"n500":5,"dmin":125.0},"geometry":{"type":"Point","coordinates":[110.4186,-6.9922]}},{"type":"Feature","properties":{"nama":"SMA MUHAMMADIYAH 2","jenjang":"PT","n200":1,"n500":3,"dmin":156.0},"geometry":{"type":"Point","coordinates":[110.310496,-7.064759]}},{"type":"Feature","properties":{"nama":"TK PGRI 99","jenjang":"TK","n200":1,"n500":2,"dmin":132.0},"geometry":{"type":"Point","coordinates":[110.328977,-7.011134]}},{"type":"Feature","properties":{"nama":"TK MIFTAKHUL JANNAH","jenjang":"TK","n200":1,"n500":5,"dmin":190.0},"geometry":{"type":"Point","coordinates":[110.442001,-6.990109]}},{"type":"Feature","properties":{"nama":"POS PAUD HARAPAN BANGSA 1","jenjang":"TK","n200":1,"n500":6,"dmin":50.0},"geometry":{"type":"Point","coordinates":[110.378885,-6.998414]}},{"type":"Feature","properties":{"nama":"Universitas Katolik Soegijapranata","jenjang":"PT","n200":1,"n500":1,"dmin":82.0},"geometry":{"type":"Point","coordinates":[110.405256,-7.026094]}},{"type":"Feature","properties":{"nama":"PAUD Kusuma","jenjang":"TK","n200":1,"n500":11,"dmin":148.0},"geometry":{"type":"Point","coordinates":[110.416221,-6.981466]}},{"type":"Feature","properties":{"nama":"PAUD, RA, Infarul Ghoy","jenjang":"TK","n200":1,"n500":3,"dmin":180.0},"geometry":{"type":"Point","coordinates":[110.486729,-7.017877]}},{"type":"Feature","properties":{"nama":"SMK Perintis 29 Semarang","jenjang":"SMA","n200":1,"n500":7,"dmin":125.0},"geometry":{"type":"Point","coordinates":[110.414051,-7.028421]}},{"type":"Feature","properties":{"nama":"SD Muhammadiyah 04","jenjang":"SD","n200":1,"n500":6,"dmin":144.0},"geometry":{"type":"Point","coordinates":[110.436529,-6.982482]}},{"type":"Feature","properties":{"nama":"TK PGRI 44","jenjang":"TK","n200":1,"n500":5,"dmin":80.0},"geometry":{"type":"Point","coordinates":[110.448817,-7.013144]}},{"type":"Feature","properties":{"nama":"TK Islam Al Fajar","jenjang":"TK","n200":1,"n500":3,"dmin":133.0},"geometry":{"type":"Point","coordinates":[110.441325,-7.014055]}},{"type":"Feature","properties":{"nama":"SD Islam NU Pungkuran, MTs NU Pungkuran, SMP Hasanuddin 3","jenjang":"SMP","n200":1,"n500":17,"dmin":96.0},"geometry":{"type":"Point","coordinates":[110.423813,-6.97494]}},{"type":"Feature","properties":{"nama":"TK YWKA II Semarang","jenjang":"TK","n200":1,"n500":5,"dmin":144.0},"geometry":{"type":"Point","coordinates":[110.430083,-6.963688]}},{"type":"Feature","properties":{"nama":"TK Masehi PSAK Mlaten","jenjang":"TK","n200":1,"n500":5,"dmin":37.0},"geometry":{"type":"Point","coordinates":[110.433703,-6.972952]}},{"type":"Feature","properties":{"nama":"SD Islam Bintang Juara","jenjang":"SD","n200":1,"n500":3,"dmin":173.0},"geometry":{"type":"Point","coordinates":[110.388592,-7.021395]}},{"type":"Feature","properties":{"nama":"PAUD Taman Ceria","jenjang":"TK","n200":1,"n500":5,"dmin":128.0},"geometry":{"type":"Point","coordinates":[110.372491,-7.010959]}},{"type":"Feature","properties":{"nama":"SD Negeri Petompon 02","jenjang":"SD","n200":1,"n500":5,"dmin":170.0},"geometry":{"type":"Point","coordinates":[110.400995,-7.003223]}},{"type":"Feature","properties":{"nama":"SD Swasta Bina Putra","jenjang":"SD","n200":1,"n500":5,"dmin":123.0},"geometry":{"type":"Point","coordinates":[110.389893,-6.979089]}},{"type":"Feature","properties":{"nama":"SMK IPT Karangpanas","jenjang":"SMA","n200":1,"n500":5,"dmin":178.0},"geometry":{"type":"Point","coordinates":[110.4235,-7.022848]}},{"type":"Feature","properties":{"nama":"PAUD Melati","jenjang":"TK","n200":1,"n500":11,"dmin":142.0},"geometry":{"type":"Point","coordinates":[110.39392,-7.012566]}},{"type":"Feature","properties":{"nama":"TK Al - Ishlah","jenjang":"TK","n200":1,"n500":4,"dmin":173.0},"geometry":{"type":"Point","coordinates":[110.461905,-7.054585]}},{"type":"Feature","properties":{"nama":"TK Khalifah 25","jenjang":"TK","n200":1,"n500":4,"dmin":124.0},"geometry":{"type":"Point","coordinates":[110.470442,-7.016043]}},{"type":"Feature","properties":{"nama":"Yayasan Ummul Quro'","jenjang":"TK","n200":1,"n500":2,"dmin":135.0},"geometry":{"type":"Point","coordinates":[110.390709,-7.057562]}},{"type":"Feature","properties":{"nama":"TK PGRI 65","jenjang":"TK","n200":1,"n500":4,"dmin":49.0},"geometry":{"type":"Point","coordinates":[110.469401,-6.964955]}},{"type":"Feature","properties":{"nama":"SD Negeri Gebangsari 3","jenjang":"SD","n200":1,"n500":4,"dmin":199.0},"geometry":{"type":"Point","coordinates":[110.46756,-6.969382]}},{"type":"Feature","properties":{"nama":"TK Mutiara An Naafi'u","jenjang":"TK","n200":1,"n500":5,"dmin":152.0},"geometry":{"type":"Point","coordinates":[110.465505,-7.003318]}},{"type":"Feature","properties":{"nama":"MI Taufiqiyah","jenjang":"SD","n200":1,"n500":2,"dmin":86.0},"geometry":{"type":"Point","coordinates":[110.469322,-7.022755]}},{"type":"Feature","properties":{"nama":"SD Negeri Tambakaji 02","jenjang":"SD","n200":1,"n500":4,"dmin":194.0},"geometry":{"type":"Point","coordinates":[110.334339,-6.983003]}},{"type":"Feature","properties":{"nama":"SD Negeri Manyaran 03","jenjang":"SD","n200":1,"n500":3,"dmin":190.0},"geometry":{"type":"Point","coordinates":[110.385871,-7.00816]}},{"type":"Feature","properties":{"nama":"KB Baitul Iman","jenjang":"TK","n200":1,"n500":1,"dmin":70.0},"geometry":{"type":"Point","coordinates":[110.387099,-7.008377]}},{"type":"Feature","properties":{"nama":"TK Pertiwi 43","jenjang":"TK","n200":1,"n500":3,"dmin":44.0},"geometry":{"type":"Point","coordinates":[110.478331,-6.965223]}},{"type":"Feature","properties":{"nama":"SDIT Miftahussalam","jenjang":"SD","n200":1,"n500":3,"dmin":76.0},"geometry":{"type":"Point","coordinates":[110.310441,-7.063353]}},{"type":"Feature","properties":{"nama":"SMK Tlogosari Semarang","jenjang":"SMA","n200":1,"n500":6,"dmin":181.0},"geometry":{"type":"Point","coordinates":[110.459348,-6.991676]}},{"type":"Feature","properties":{"nama":"SMK Hisbabuna","jenjang":"SMA","n200":1,"n500":1,"dmin":198.0},"geometry":{"type":"Point","coordinates":[110.495417,-6.966041]}},{"type":"Feature","properties":{"nama":"PAUD Mutiara Bunda","jenjang":"TK","n200":1,"n500":2,"dmin":30.0},"geometry":{"type":"Point","coordinates":[110.492686,-7.011774]}},{"type":"Feature","properties":{"nama":"SD Negeri Pedalangan 01","jenjang":"SD","n200":1,"n500":6,"dmin":146.0},"geometry":{"type":"Point","coordinates":[110.428346,-7.065176]}},{"type":"Feature","properties":{"nama":"SD Negeri Kramas","jenjang":"SD","n200":1,"n500":4,"dmin":178.0},"geometry":{"type":"Point","coordinates":[110.436266,-7.068096]}},{"type":"Feature","properties":{"nama":"TK Pertiwi 04","jenjang":"TK","n200":1,"n500":6,"dmin":21.0},"geometry":{"type":"Point","coordinates":[110.345094,-6.997834]}},{"type":"Feature","properties":{"nama":"SMP Negeri 41 Semarang","jenjang":"SMP","n200":1,"n500":2,"dmin":182.0},"geometry":{"type":"Point","coordinates":[110.35818,-7.072372]}},{"type":"Feature","properties":{"nama":"SMP Walisongo 2 Semarang","jenjang":"SMP","n200":1,"n500":2,"dmin":179.0},"geometry":{"type":"Point","coordinates":[110.452815,-6.970025]}},{"type":"Feature","properties":{"nama":"TK Tarbiyatul Athfal 43","jenjang":"TK","n200":1,"n500":6,"dmin":95.0},"geometry":{"type":"Point","coordinates":[110.314859,-7.052075]}},{"type":"Feature","properties":{"nama":"SD Negeri Kalipancur 01","jenjang":"SD","n200":1,"n500":5,"dmin":178.0},"geometry":{"type":"Point","coordinates":[110.375106,-7.016476]}},{"type":"Feature","properties":{"nama":"PAUD Rose","jenjang":"TK","n200":1,"n500":3,"dmin":108.0},"geometry":{"type":"Point","coordinates":[110.325046,-6.995504]}},{"type":"Feature","properties":{"nama":"TK Little Star School","jenjang":"TK","n200":1,"n500":4,"dmin":180.0},"geometry":{"type":"Point","coordinates":[110.464081,-6.966121]}},{"type":"Feature","properties":{"nama":"TK Sang Fajar","jenjang":"TK","n200":1,"n500":3,"dmin":150.0},"geometry":{"type":"Point","coordinates":[110.453326,-6.973174]}},{"type":"Feature","properties":{"nama":"SD Negeri Tambakrejo 02","jenjang":"SD","n200":1,"n500":7,"dmin":55.0},"geometry":{"type":"Point","coordinates":[110.441957,-6.956865]}},{"type":"Feature","properties":{"nama":"MA NU AL HIKMAH","jenjang":"PT","n200":1,"n500":2,"dmin":198.0},"geometry":{"type":"Point","coordinates":[110.333,-7.0928]}},{"type":"Feature","properties":{"nama":"MA DARUL ULUM","jenjang":"PT","n200":1,"n500":5,"dmin":156.0},"geometry":{"type":"Point","coordinates":[110.3162,-7.0045]}},{"type":"Feature","properties":{"nama":"SMK NEGERI 05","jenjang":"PT","n200":1,"n500":8,"dmin":126.0},"geometry":{"type":"Point","coordinates":[110.4339,-6.9869]}},{"type":"Feature","properties":{"nama":"SMA INSTITUT INDONESIA","jenjang":"PT","n200":1,"n500":5,"dmin":37.0},"geometry":{"type":"Point","coordinates":[110.436859,-6.992273]}},{"type":"Feature","properties":{"nama":"SMK MAARIF NU 1","jenjang":"PT","n200":1,"n500":1,"dmin":195.0},"geometry":{"type":"Point","coordinates":[110.3073,-7.0573]}},{"type":"Feature","properties":{"nama":"TK KARTIKA III-I","jenjang":"TK","n200":1,"n500":6,"dmin":190.0},"geometry":{"type":"Point","coordinates":[110.4175,-7.0064]}},{"type":"Feature","properties":{"nama":"POS PAUD TUNAS BANGSA VII","jenjang":"TK","n200":1,"n500":3,"dmin":147.0},"geometry":{"type":"Point","coordinates":[110.446823,-7.010953]}},{"type":"Feature","properties":{"nama":"Sekolah Tinggi Ilmu Kesehatan Elisabeth Semarang","jenjang":"PT","n200":1,"n500":5,"dmin":139.0},"geometry":{"type":"Point","coordinates":[110.419348,-7.007953]}},{"type":"Feature","properties":{"nama":"Sekolah Tinggi Ilmu Kesehatan Panti Wilasa","jenjang":"PT","n200":1,"n500":8,"dmin":67.0},"geometry":{"type":"Point","coordinates":[110.434418,-6.973023]}},{"type":"Feature","properties":{"nama":"PAUD biMBA - AIUEO","jenjang":"TK","n200":1,"n500":11,"dmin":172.0},"geometry":{"type":"Point","coordinates":[110.394048,-7.012153]}},{"type":"Feature","properties":{"nama":"TK Aisyiyah Bustanul Athfal 27","jenjang":"TK","n200":1,"n500":7,"dmin":61.0},"geometry":{"type":"Point","coordinates":[110.402413,-6.999178]}},{"type":"Feature","properties":{"nama":"TK Budi Rini","jenjang":"TK","n200":1,"n500":4,"dmin":199.0},"geometry":{"type":"Point","coordinates":[110.392439,-6.973673]}},{"type":"Feature","properties":{"nama":"Pos PAUD Cerdas Ceria","jenjang":"TK","n200":1,"n500":7,"dmin":193.0},"geometry":{"type":"Point","coordinates":[110.396274,-6.995487]}},{"type":"Feature","properties":{"nama":"TK IT Al Barokah","jenjang":"TK","n200":1,"n500":7,"dmin":180.0},"geometry":{"type":"Point","coordinates":[110.42598,-7.006092]}},{"type":"Feature","properties":{"nama":"TK Bakti 1","jenjang":"TK","n200":1,"n500":8,"dmin":189.0},"geometry":{"type":"Point","coordinates":[110.41494,-6.969948]}},{"type":"Feature","properties":{"nama":"SD Islam Sultan Agung 2","jenjang":"SD","n200":1,"n500":6,"dmin":154.0},"geometry":{"type":"Point","coordinates":[110.418176,-6.966675]}},{"type":"Feature","properties":{"nama":"POS PAUD Tunas Mekar","jenjang":"TK","n200":1,"n500":3,"dmin":177.0},"geometry":{"type":"Point","coordinates":[110.421224,-6.965103]}},{"type":"Feature","properties":{"nama":"PAUD Mekar Lestari Asih","jenjang":"TK","n200":1,"n500":2,"dmin":162.0},"geometry":{"type":"Point","coordinates":[110.460629,-6.97241]}},{"type":"Feature","properties":{"nama":"PAUD Mutiara Bangsa","jenjang":"TK","n200":1,"n500":2,"dmin":129.0},"geometry":{"type":"Point","coordinates":[110.487482,-6.972019]}},{"type":"Feature","properties":{"nama":"TK Tarbiyatul Athfal 48","jenjang":"TK","n200":1,"n500":2,"dmin":136.0},"geometry":{"type":"Point","coordinates":[110.396403,-6.974402]}},{"type":"Feature","properties":{"nama":"SD Negeri Rejosari 01","jenjang":"SD","n200":1,"n500":5,"dmin":58.0},"geometry":{"type":"Point","coordinates":[110.436299,-6.981532]}},{"type":"Feature","properties":{"nama":"TK Tunas Rimba I Mangkang","jenjang":"TK","n200":1,"n500":4,"dmin":49.0},"geometry":{"type":"Point","coordinates":[110.29769,-6.973664]}},{"type":"Feature","properties":{"nama":"SMK LPI Semarang","jenjang":"SMA","n200":1,"n500":6,"dmin":132.0},"geometry":{"type":"Point","coordinates":[110.390733,-7.009866]}},{"type":"Feature","properties":{"nama":"TK Pertiwi 9 Genuksari","jenjang":"TK","n200":1,"n500":5,"dmin":121.0},"geometry":{"type":"Point","coordinates":[110.480052,-6.953416]}},{"type":"Feature","properties":{"nama":"PAUD Mutiara Hati","jenjang":"TK","n200":1,"n500":10,"dmin":192.0},"geometry":{"type":"Point","coordinates":[110.439526,-7.057784]}},{"type":"Feature","properties":{"nama":"TK Anggrek Bulan","jenjang":"TK","n200":1,"n500":4,"dmin":96.0},"geometry":{"type":"Point","coordinates":[110.430027,-7.073487]}},{"type":"Feature","properties":{"nama":"TK IT MUTIARA HATI","jenjang":"TK","n200":1,"n500":1,"dmin":146.0},"geometry":{"type":"Point","coordinates":[110.394828,-7.064703]}},{"type":"Feature","properties":{"nama":"Yayasan An-Nisa","jenjang":"TK","n200":1,"n500":6,"dmin":177.0},"geometry":{"type":"Point","coordinates":[110.312836,-7.068442]}},{"type":"Feature","properties":{"nama":"SD Negeri Kembangarum 01","jenjang":"SD","n200":1,"n500":4,"dmin":181.0},"geometry":{"type":"Point","coordinates":[110.379561,-7.00444]}},{"type":"Feature","properties":{"nama":"TK Melati Putih","jenjang":"TK","n200":1,"n500":11,"dmin":180.0},"geometry":{"type":"Point","coordinates":[110.41932,-7.072303]}},{"type":"Feature","properties":{"nama":"SD Negeri Tandang 02","jenjang":"SD","n200":1,"n500":2,"dmin":160.0},"geometry":{"type":"Point","coordinates":[110.445796,-7.01339]}},{"type":"Feature","properties":{"nama":"SMP Negeri 34 Semarang","jenjang":"SMP","n200":1,"n500":2,"dmin":120.0},"geometry":{"type":"Point","coordinates":[110.480492,-6.999113]}},{"type":"Feature","properties":{"nama":"SMK Sepuluh Nopember Semarang","jenjang":"SMA","n200":1,"n500":2,"dmin":172.0},"geometry":{"type":"Point","coordinates":[110.46846,-7.030164]}},{"type":"Feature","properties":{"nama":"TK PGRI 115","jenjang":"TK","n200":1,"n500":2,"dmin":135.0},"geometry":{"type":"Point","coordinates":[110.354453,-6.983078]}},{"type":"Feature","properties":{"nama":"SMK Palapa","jenjang":"SMA","n200":1,"n500":3,"dmin":135.0},"geometry":{"type":"Point","coordinates":[110.337288,-7.040788]}},{"type":"Feature","properties":{"nama":"SD Negeri Kedungpane 02","jenjang":"SD","n200":1,"n500":3,"dmin":135.0},"geometry":{"type":"Point","coordinates":[110.338153,-7.041221]}},{"type":"Feature","properties":{"nama":"TK Khodijah","jenjang":"TK","n200":1,"n500":2,"dmin":87.0},"geometry":{"type":"Point","coordinates":[110.495296,-7.026539]}},{"type":"Feature","properties":{"nama":"PAUD Little Apple","jenjang":"TK","n200":1,"n500":1,"dmin":169.0},"geometry":{"type":"Point","coordinates":[110.495319,-7.027686]}},{"type":"Feature","properties":{"nama":"SD Negeri Plamongansari 2","jenjang":"SD","n200":1,"n500":3,"dmin":150.0},"geometry":{"type":"Point","coordinates":[110.486052,-7.024083]}},{"type":"Feature","properties":{"nama":"PAUD Al-Masyitoh","jenjang":"TK","n200":1,"n500":4,"dmin":166.0},"geometry":{"type":"Point","coordinates":[110.485875,-7.023499]}},{"type":"Feature","properties":{"nama":"TK PGRI 80","jenjang":"TK","n200":1,"n500":3,"dmin":176.0},"geometry":{"type":"Point","coordinates":[110.441886,-6.986621]}},{"type":"Feature","properties":{"nama":"SMK ASSHODIQIYAH","jenjang":"PT","n200":1,"n500":18,"dmin":53.0},"geometry":{"type":"Point","coordinates":[110.431,-6.9788]}},{"type":"Feature","properties":{"nama":"SMK HISBA BUANA","jenjang":"PT","n200":1,"n500":1,"dmin":197.0},"geometry":{"type":"Point","coordinates":[110.4954,-6.9661]}},{"type":"Feature","properties":{"nama":"Yayasan Wiyata Perdana","jenjang":"TK","n200":1,"n500":3,"dmin":185.0},"geometry":{"type":"Point","coordinates":[110.392076,-7.05996]}},{"type":"Feature","properties":{"nama":"TK PGRI 63","jenjang":"TK","n200":1,"n500":4,"dmin":81.0},"geometry":{"type":"Point","coordinates":[110.445244,-6.957878]}},{"type":"Feature","properties":{"nama":"PAUD Bina Belia","jenjang":"TK","n200":1,"n500":1,"dmin":175.0},"geometry":{"type":"Point","coordinates":[110.427361,-7.015737]}},{"type":"Feature","properties":{"nama":"TK Aisyiyah Bustanul Athfal 31","jenjang":"TK","n200":1,"n500":2,"dmin":136.0},"geometry":{"type":"Point","coordinates":[110.305825,-6.973189]}},{"type":"Feature","properties":{"nama":"SD Negeri Genuksari 2","jenjang":"SD","n200":1,"n500":3,"dmin":59.0},"geometry":{"type":"Point","coordinates":[110.478074,-6.965356]}},{"type":"Feature","properties":{"nama":"TK Maranatha 01","jenjang":"TK","n200":1,"n500":5,"dmin":172.0},"geometry":{"type":"Point","coordinates":[110.384459,-6.992862]}},{"type":"Feature","properties":{"nama":"KB - TK Tholafa Islamic School","jenjang":"TK","n200":1,"n500":9,"dmin":78.0},"geometry":{"type":"Point","coordinates":[110.368613,-6.985476]}},{"type":"Feature","properties":{"nama":"POS PAUD KENANGA","jenjang":"TK","n200":1,"n500":2,"dmin":141.0},"geometry":{"type":"Point","coordinates":[110.424466,-7.090913]}},{"type":"Feature","properties":{"nama":"MI Nashrul Fajar","jenjang":"SD","n200":1,"n500":2,"dmin":82.0},"geometry":{"type":"Point","coordinates":[110.471917,-7.055281]}},{"type":"Feature","properties":{"nama":"Universitas Muhammadiyah Semarang","jenjang":"PT","n200":1,"n500":7,"dmin":193.0},"geometry":{"type":"Point","coordinates":[110.461875,-7.021761]}},{"type":"Feature","properties":{"nama":"Universitas Dian Nuswantoro","jenjang":"PT","n200":1,"n500":3,"dmin":63.0},"geometry":{"type":"Point","coordinates":[110.409201,-6.982632]}},{"type":"Feature","properties":{"nama":"TK PGRI 96","jenjang":"TK","n200":1,"n500":3,"dmin":198.0},"geometry":{"type":"Point","coordinates":[110.427768,-6.962552]}},{"type":"Feature","properties":{"nama":"TK PGRI 12","jenjang":"TK","n200":1,"n500":9,"dmin":125.0},"geometry":{"type":"Point","coordinates":[110.38925,-6.985289]}},{"type":"Feature","properties":{"nama":"PG Tunas Harum bangsa","jenjang":"TK","n200":1,"n500":10,"dmin":163.0},"geometry":{"type":"Point","coordinates":[110.429281,-6.988386]}},{"type":"Feature","properties":{"nama":"Yayasan Widya Mitra - SD, SMP, SMA Tunas Harum Bangsa","jenjang":"SMA","n200":1,"n500":11,"dmin":172.0},"geometry":{"type":"Point","coordinates":[110.429107,-6.988336]}},{"type":"Feature","properties":{"nama":"PAUD Pelangi Bunda Sehat","jenjang":"TK","n200":1,"n500":2,"dmin":187.0},"geometry":{"type":"Point","coordinates":[110.471297,-7.021262]}},{"type":"Feature","properties":{"nama":"TK Al Mujahidin","jenjang":"TK","n200":1,"n500":5,"dmin":128.0},"geometry":{"type":"Point","coordinates":[110.41176,-7.06574]}},{"type":"Feature","properties":{"nama":"SD Negeri Gisikdrono 02","jenjang":"SD","n200":1,"n500":5,"dmin":180.0},"geometry":{"type":"Point","coordinates":[110.388675,-6.992318]}},{"type":"Feature","properties":{"nama":"TK Pertiwi 10","jenjang":"TK","n200":1,"n500":2,"dmin":181.0},"geometry":{"type":"Point","coordinates":[110.478466,-6.950609]}},{"type":"Feature","properties":{"nama":"RA/BA/TA FALAHIYYAH","jenjang":"TK","n200":1,"n500":1,"dmin":74.0},"geometry":{"type":"Point","coordinates":[110.4763,-7.059]}},{"type":"Feature","properties":{"nama":"TK TUNAS MULIA BANGSA","jenjang":"TK","n200":1,"n500":4,"dmin":99.0},"geometry":{"type":"Point","coordinates":[110.3317,-7.0265]}},{"type":"Feature","properties":{"nama":"KB IT AS SALAAM","jenjang":"TK","n200":1,"n500":5,"dmin":95.0},"geometry":{"type":"Point","coordinates":[110.318,-7.0504]}},{"type":"Feature","properties":{"nama":"RA/BA/TA IMAMA","jenjang":"TK","n200":1,"n500":3,"dmin":186.0},"geometry":{"type":"Point","coordinates":[110.3394,-7.015]}},{"type":"Feature","properties":{"nama":"PAUD Islam Permata","jenjang":"TK","n200":1,"n500":2,"dmin":84.0},"geometry":{"type":"Point","coordinates":[110.407889,-7.014091]}},{"type":"Feature","properties":{"nama":"SD Islam Al Khotimah","jenjang":"SD","n200":1,"n500":4,"dmin":118.0},"geometry":{"type":"Point","coordinates":[110.41093,-6.985751]}},{"type":"Feature","properties":{"nama":"Yayasan Pendidikan Al Ma'arif","jenjang":"SMA","n200":1,"n500":4,"dmin":138.0},"geometry":{"type":"Point","coordinates":[110.395411,-7.048153]}},{"type":"Feature","properties":{"nama":"POS PAUD MEKAR CERIA","jenjang":"TK","n200":1,"n500":7,"dmin":117.0},"geometry":{"type":"Point","coordinates":[110.442852,-7.058281]}},{"type":"Feature","properties":{"nama":"SMK Negeri Jawa Tengah","jenjang":"SMA","n200":1,"n500":8,"dmin":86.0},"geometry":{"type":"Point","coordinates":[110.4095,-6.975463]}},{"type":"Feature","properties":{"nama":"PAUD Anggrek RW III","jenjang":"TK","n200":1,"n500":7,"dmin":162.0},"geometry":{"type":"Point","coordinates":[110.459851,-7.032122]}},{"type":"Feature","properties":{"nama":"Universitas Aki","jenjang":"PT","n200":1,"n500":5,"dmin":135.0},"geometry":{"type":"Point","coordinates":[110.421083,-6.970398]}},{"type":"Feature","properties":{"nama":"SD Negeri Pudak Payung 02","jenjang":"SD","n200":1,"n500":3,"dmin":187.0},"geometry":{"type":"Point","coordinates":[110.408268,-7.09418]}},{"type":"Feature","properties":{"nama":"TK Yayasan Ulul Albab","jenjang":"TK","n200":1,"n500":4,"dmin":71.0},"geometry":{"type":"Point","coordinates":[110.465865,-7.004668]}},{"type":"Feature","properties":{"nama":"PAUD Paidia","jenjang":"TK","n200":1,"n500":9,"dmin":194.0},"geometry":{"type":"Point","coordinates":[110.433896,-6.989641]}},{"type":"Feature","properties":{"nama":"TK YWKA II","jenjang":"TK","n200":1,"n500":5,"dmin":101.0},"geometry":{"type":"Point","coordinates":[110.412967,-6.973718]}},{"type":"Feature","properties":{"nama":"SD Negeri Wonodri","jenjang":"SD","n200":1,"n500":9,"dmin":109.0},"geometry":{"type":"Point","coordinates":[110.430933,-6.997242]}},{"type":"Feature","properties":{"nama":"TK ABA 39","jenjang":"TK","n200":1,"n500":3,"dmin":97.0},"geometry":{"type":"Point","coordinates":[110.430841,-7.072865]}},{"type":"Feature","properties":{"nama":"SMP PGRI 5 Semarang","jenjang":"SMP","n200":1,"n500":3,"dmin":95.0},"geometry":{"type":"Point","coordinates":[110.313189,-7.056612]}},{"type":"Feature","properties":{"nama":"SMP Islam Terpadu Insan Cendekia","jenjang":"SMP","n200":1,"n500":5,"dmin":39.0},"geometry":{"type":"Point","coordinates":[110.388762,-7.017204]}},{"type":"Feature","properties":{"nama":"MTs Negeri 1 Semarang","jenjang":"SMP","n200":1,"n500":4,"dmin":90.0},"geometry":{"type":"Point","coordinates":[110.468257,-7.033562]}},{"type":"Feature","properties":{"nama":"SMP-SMA Mardisiswa & SMK Jayawisata","jenjang":"SMA","n200":1,"n500":11,"dmin":155.0},"geometry":{"type":"Point","coordinates":[110.415891,-7.065932]}},{"type":"Feature","properties":{"nama":"PAUD Al Fida","jenjang":"TK","n200":1,"n500":4,"dmin":93.0},"geometry":{"type":"Point","coordinates":[110.335621,-6.983534]}},{"type":"Feature","properties":{"nama":"SD Negeri Plamongansari 1","jenjang":"SD","n200":1,"n500":2,"dmin":175.0},"geometry":{"type":"Point","coordinates":[110.49034,-7.018619]}},{"type":"Feature","properties":{"nama":"SD Negeri Jatibarang 03","jenjang":"SD","n200":1,"n500":3,"dmin":192.0},"geometry":{"type":"Point","coordinates":[110.335238,-7.063765]}},{"type":"Feature","properties":{"nama":"SD Islam Taqwiyatul Wathon","jenjang":"SD","n200":1,"n500":2,"dmin":198.0},"geometry":{"type":"Point","coordinates":[110.43794,-6.948259]}},{"type":"Feature","properties":{"nama":"TK-RA Ijlal Muzaki","jenjang":"TK","n200":1,"n500":3,"dmin":29.0},"geometry":{"type":"Point","coordinates":[110.305852,-7.097552]}},{"type":"Feature","properties":{"nama":"KB, RA Darul Ulum","jenjang":"TK","n200":1,"n500":5,"dmin":181.0},"geometry":{"type":"Point","coordinates":[110.320689,-7.005783]}},{"type":"Feature","properties":{"nama":"KB, TK Bunga Harapan","jenjang":"TK","n200":1,"n500":3,"dmin":113.0},"geometry":{"type":"Point","coordinates":[110.325902,-7.008672]}},{"type":"Feature","properties":{"nama":"MA Darul Ulum","jenjang":"SMA","n200":1,"n500":5,"dmin":161.0},"geometry":{"type":"Point","coordinates":[110.316192,-7.004614]}},{"type":"Feature","properties":{"nama":"TK Supriyadi","jenjang":"TK","n200":1,"n500":7,"dmin":192.0},"geometry":{"type":"Point","coordinates":[110.453783,-7.002384]}},{"type":"Feature","properties":{"nama":"MTs Nurussibyan","jenjang":"SMP","n200":1,"n500":4,"dmin":141.0},"geometry":{"type":"Point","coordinates":[110.316582,-6.975859]}},{"type":"Feature","properties":{"nama":"Paud Tunas Harapan","jenjang":"TK","n200":1,"n500":5,"dmin":47.0},"geometry":{"type":"Point","coordinates":[110.426326,-6.971488]}},{"type":"Feature","properties":{"nama":"TK Fajar Rachma","jenjang":"TK","n200":1,"n500":11,"dmin":104.0},"geometry":{"type":"Point","coordinates":[110.444907,-6.993041]}},{"type":"Feature","properties":{"nama":"RA Taufiqiyah","jenjang":"TK","n200":1,"n500":2,"dmin":68.0},"geometry":{"type":"Point","coordinates":[110.469485,-7.022602]}},{"type":"Feature","properties":{"nama":"SD Kristen Terang Bangsa 02","jenjang":"SD","n200":1,"n500":3,"dmin":187.0},"geometry":{"type":"Point","coordinates":[110.374483,-7.024031]}},{"type":"Feature","properties":{"nama":"SMK TJENDEKIA PURUHITA","jenjang":"PT","n200":1,"n500":8,"dmin":182.0},"geometry":{"type":"Point","coordinates":[110.435,-6.9919]}},{"type":"Feature","properties":{"nama":"TK Nurul Ikhsan","jenjang":"TK","n200":1,"n500":6,"dmin":177.0},"geometry":{"type":"Point","coordinates":[110.40876,-7.075819]}},{"type":"Feature","properties":{"nama":"SMK PIKA","jenjang":"PT","n200":1,"n500":10,"dmin":166.0},"geometry":{"type":"Point","coordinates":[110.4168,-6.9738]}},{"type":"Feature","properties":{"nama":"SMA AT THOHIRIYYAH","jenjang":"PT","n200":1,"n500":3,"dmin":196.0},"geometry":{"type":"Point","coordinates":[110.4859,-7.0146]}},{"type":"Feature","properties":{"nama":"SMK TEUKU UMAR","jenjang":"PT","n200":1,"n500":3,"dmin":128.0},"geometry":{"type":"Point","coordinates":[110.4066,-7.0266]}},{"type":"Feature","properties":{"nama":"PAUD Harapan Bangsa","jenjang":"TK","n200":1,"n500":6,"dmin":112.0},"geometry":{"type":"Point","coordinates":[110.391901,-6.971687]}},{"type":"Feature","properties":{"nama":"SD Negeri Lamper Kidul 01","jenjang":"SD","n200":1,"n500":8,"dmin":169.0},"geometry":{"type":"Point","coordinates":[110.439848,-7.007636]}},{"type":"Feature","properties":{"nama":"SMK Negeri 3 Semarang","jenjang":"SMA","n200":1,"n500":9,"dmin":146.0},"geometry":{"type":"Point","coordinates":[110.42878,-6.995137]}},{"type":"Feature","properties":{"nama":"SD Negeri Gajahmungkur 04","jenjang":"SD","n200":1,"n500":2,"dmin":181.0},"geometry":{"type":"Point","coordinates":[110.415846,-7.018855]}},{"type":"Feature","properties":{"nama":"KB KRISTEN KEHIDUPAN BAGI BANGSA","jenjang":"TK","n200":1,"n500":1,"dmin":182.0},"geometry":{"type":"Point","coordinates":[110.4142,-6.9558]}},{"type":"Feature","properties":{"nama":"TK Islam Hasanudin","jenjang":"TK","n200":1,"n500":4,"dmin":198.0},"geometry":{"type":"Point","coordinates":[110.40446,-6.967061]}},{"type":"Feature","properties":{"nama":"PAUD Permata Bangsa","jenjang":"TK","n200":1,"n500":4,"dmin":121.0},"geometry":{"type":"Point","coordinates":[110.445333,-6.972374]}},{"type":"Feature","properties":{"nama":"SMK NEGERI 03","jenjang":"PT","n200":1,"n500":7,"dmin":186.0},"geometry":{"type":"Point","coordinates":[110.4258,-7.0063]}},{"type":"Feature","properties":{"nama":"SMK Analisis Kesehatan Theresiana","jenjang":"SMA","n200":1,"n500":13,"dmin":111.0},"geometry":{"type":"Point","coordinates":[110.42843,-6.989781]}},{"type":"Feature","properties":{"nama":"TK Aisyiyah Bustanul Athfal 42","jenjang":"TK","n200":1,"n500":4,"dmin":78.0},"geometry":{"type":"Point","coordinates":[110.471601,-7.01498]}},{"type":"Feature","properties":{"nama":"SD Negeri Sendangmulyo 03","jenjang":"SD","n200":1,"n500":1,"dmin":133.0},"geometry":{"type":"Point","coordinates":[110.469318,-7.028262]}},{"type":"Feature","properties":{"nama":"POS PAUD Cahaya","jenjang":"TK","n200":1,"n500":1,"dmin":109.0},"geometry":{"type":"Point","coordinates":[110.38165,-7.029386]}},{"type":"Feature","properties":{"nama":"SMK NURUL BARQI","jenjang":"PT","n200":1,"n500":1,"dmin":152.0},"geometry":{"type":"Point","coordinates":[110.3579,-7.0687]}},{"type":"Feature","properties":{"nama":"TK Al - Hidayah IX","jenjang":"TK","n200":1,"n500":5,"dmin":191.0},"geometry":{"type":"Point","coordinates":[110.351267,-6.997062]}},{"type":"Feature","properties":{"nama":"PAUD, TK Ceria","jenjang":"TK","n200":1,"n500":5,"dmin":194.0},"geometry":{"type":"Point","coordinates":[110.33645,-7.001493]}},{"type":"Feature","properties":{"nama":"SD Negeri Salaman Mloyo","jenjang":"SD","n200":1,"n500":8,"dmin":99.0},"geometry":{"type":"Point","coordinates":[110.391938,-6.984115]}},{"type":"Feature","properties":{"nama":"PAUD Tunas Bangsa V","jenjang":"TK","n200":1,"n500":4,"dmin":188.0},"geometry":{"type":"Point","coordinates":[110.450072,-7.011211]}},{"type":"Feature","properties":{"nama":"MI Darul Ulum","jenjang":"SD","n200":1,"n500":5,"dmin":130.0},"geometry":{"type":"Point","coordinates":[110.472235,-7.014757]}},{"type":"Feature","properties":{"nama":"KB SEMARANG MULTINATIONAL SCHOOL","jenjang":"TK","n200":1,"n500":7,"dmin":182.0},"geometry":{"type":"Point","coordinates":[110.4276,-7.0224]}},{"type":"Feature","properties":{"nama":"SD Negeri Pleburan 04","jenjang":"SD","n200":1,"n500":6,"dmin":178.0},"geometry":{"type":"Point","coordinates":[110.42318,-6.996881]}},{"type":"Feature","properties":{"nama":"TK NEGERI GUNUNGPATI","jenjang":"TK","n200":1,"n500":4,"dmin":163.0},"geometry":{"type":"Point","coordinates":[110.3621,-7.0817]}},{"type":"Feature","properties":{"nama":"SD Negeri Karangroto 3","jenjang":"SD","n200":1,"n500":3,"dmin":86.0},"geometry":{"type":"Point","coordinates":[110.494634,-6.973771]}},{"type":"Feature","properties":{"nama":"RA Annuriyah","jenjang":"TK","n200":1,"n500":1,"dmin":138.0},"geometry":{"type":"Point","coordinates":[110.371607,-7.027356]}},{"type":"Feature","properties":{"nama":"TPA AL AZAM","jenjang":"TK","n200":1,"n500":5,"dmin":83.0},"geometry":{"type":"Point","coordinates":[110.475629,-7.042595]}},{"type":"Feature","properties":{"nama":"SD Kanisius Kobong","jenjang":"SD","n200":1,"n500":2,"dmin":101.0},"geometry":{"type":"Point","coordinates":[110.435663,-6.964838]}},{"type":"Feature","properties":{"nama":"SMP Negeri 5 Semarang","jenjang":"SMP","n200":1,"n500":3,"dmin":135.0},"geometry":{"type":"Point","coordinates":[110.417135,-7.011022]}},{"type":"Feature","properties":{"nama":"SD Islam Tulus Harapan","jenjang":"SD","n200":1,"n500":6,"dmin":172.0},"geometry":{"type":"Point","coordinates":[110.472492,-7.035587]}},{"type":"Feature","properties":{"nama":"SMP Teuku Umar Semarang","jenjang":"SMP","n200":1,"n500":5,"dmin":93.0},"geometry":{"type":"Point","coordinates":[110.417334,-7.029782]}},{"type":"Feature","properties":{"nama":"TK PGRI 114 GONDORIYO","jenjang":"TK","n200":1,"n500":2,"dmin":137.0},"geometry":{"type":"Point","coordinates":[110.329047,-7.011059]}},{"type":"Feature","properties":{"nama":"SD Yayasan Ulul Albab","jenjang":"SD","n200":1,"n500":4,"dmin":60.0},"geometry":{"type":"Point","coordinates":[110.465982,-7.004669]}},{"type":"Feature","properties":{"nama":"TK Aisyah","jenjang":"TK","n200":1,"n500":7,"dmin":159.0},"geometry":{"type":"Point","coordinates":[110.43635,-6.982579]}},{"type":"Feature","properties":{"nama":"TK Raudhotul Jannah","jenjang":"TK","n200":1,"n500":5,"dmin":186.0},"geometry":{"type":"Point","coordinates":[110.462626,-6.979052]}},{"type":"Feature","properties":{"nama":"Pos PAUD Mutiara Bunda","jenjang":"TK","n200":1,"n500":5,"dmin":68.0},"geometry":{"type":"Point","coordinates":[110.413357,-7.091865]}},{"type":"Feature","properties":{"nama":"SD Negeri Ngemplak Simongan 02","jenjang":"SD","n200":1,"n500":12,"dmin":93.0},"geometry":{"type":"Point","coordinates":[110.400373,-6.996515]}},{"type":"Feature","properties":{"nama":"TK TUNAS HARAPAN","jenjang":"TK","n200":1,"n500":4,"dmin":134.0},"geometry":{"type":"Point","coordinates":[110.439266,-6.976343]}},{"type":"Feature","properties":{"nama":"SD Negeri Banyumanik 01","jenjang":"SD","n200":1,"n500":3,"dmin":170.0},"geometry":{"type":"Point","coordinates":[110.40862,-7.077531]}},{"type":"Feature","properties":{"nama":"TK PERTIWI 09","jenjang":"TK","n200":1,"n500":5,"dmin":167.0},"geometry":{"type":"Point","coordinates":[110.478793,-6.954001]}},{"type":"Feature","properties":{"nama":"TK Pertiwi 18","jenjang":"TK","n200":1,"n500":2,"dmin":179.0},"geometry":{"type":"Point","coordinates":[110.494024,-7.010916]}},{"type":"Feature","properties":{"nama":"TK AL AZZAM","jenjang":"TK","n200":1,"n500":6,"dmin":138.0},"geometry":{"type":"Point","coordinates":[110.385657,-6.997768]}},{"type":"Feature","properties":{"nama":"POS PAUD SEKAR MELATI","jenjang":"TK","n200":1,"n500":6,"dmin":125.0},"geometry":{"type":"Point","coordinates":[110.435533,-6.992205]}},{"type":"Feature","properties":{"nama":"Pos PAUD Lestari 1","jenjang":"TK","n200":1,"n500":2,"dmin":177.0},"geometry":{"type":"Point","coordinates":[110.367276,-7.087837]}},{"type":"Feature","properties":{"nama":"SMK ISLAMIC CENTRE BAITURRAHMAN","jenjang":"PT","n200":1,"n500":5,"dmin":146.0},"geometry":{"type":"Point","coordinates":[110.3717,-7.0122]}},{"type":"Feature","properties":{"nama":"SLB Negeri Semarang","jenjang":"SLB","n200":1,"n500":3,"dmin":186.0},"geometry":{"type":"Point","coordinates":[110.439915,-7.072674]}},{"type":"Feature","properties":{"nama":"SD Negeri Gisikdrono 01","jenjang":"SD","n200":1,"n500":9,"dmin":112.0},"geometry":{"type":"Point","coordinates":[110.389332,-6.98537]}},{"type":"Feature","properties":{"nama":"SMK DIPONEGORO","jenjang":"PT","n200":1,"n500":4,"dmin":107.0},"geometry":{"type":"Point","coordinates":[110.4629,-7.0539]}},{"type":"Feature","properties":{"nama":"SD Negeri Tugurejo 01","jenjang":"SD","n200":1,"n500":2,"dmin":147.0},"geometry":{"type":"Point","coordinates":[110.354626,-6.982787]}},{"type":"Feature","properties":{"nama":"TK Nurul Falah","jenjang":"TK","n200":1,"n500":3,"dmin":95.0},"geometry":{"type":"Point","coordinates":[110.495929,-6.973436]}},{"type":"Feature","properties":{"nama":"SMK Negeri 5 Semarang","jenjang":"SMA","n200":1,"n500":8,"dmin":129.0},"geometry":{"type":"Point","coordinates":[110.433937,-6.987038]}},{"type":"Feature","properties":{"nama":"TK Islam Taqwiyatul Waton","jenjang":"TK","n200":1,"n500":2,"dmin":173.0},"geometry":{"type":"Point","coordinates":[110.438089,-6.94843]}},{"type":"Feature","properties":{"nama":"SMK 17 AGUSTUS 1945","jenjang":"PT","n200":1,"n500":11,"dmin":94.0},"geometry":{"type":"Point","coordinates":[110.428992,-6.990567]}},{"type":"Feature","properties":{"nama":"KB Sakinah","jenjang":"TK","n200":1,"n500":1,"dmin":183.0},"geometry":{"type":"Point","coordinates":[110.369989,-7.025025]}},{"type":"Feature","properties":{"nama":"RA Karakter","jenjang":"TK","n200":1,"n500":4,"dmin":149.0},"geometry":{"type":"Point","coordinates":[110.45973,-6.976554]}},{"type":"Feature","properties":{"nama":"Akademi Keperawatan St Elizabeth Semarang","jenjang":"PT","n200":1,"n500":6,"dmin":107.0},"geometry":{"type":"Point","coordinates":[110.411067,-6.980823]}},{"type":"Feature","properties":{"nama":"Pos PAUD Melati I","jenjang":"TK","n200":1,"n500":9,"dmin":193.0},"geometry":{"type":"Point","coordinates":[110.383881,-6.989313]}},{"type":"Feature","properties":{"nama":"KB - TK Islam Nudia","jenjang":"TK","n200":1,"n500":7,"dmin":150.0},"geometry":{"type":"Point","coordinates":[110.392187,-6.979625]}},{"type":"Feature","properties":{"nama":"SMA DON BOSKO","jenjang":"PT","n200":1,"n500":2,"dmin":133.0},"geometry":{"type":"Point","coordinates":[110.4191,-7.0221]}},{"type":"Feature","properties":{"nama":"KB, TK Tunas Bangsa","jenjang":"TK","n200":1,"n500":1,"dmin":151.0},"geometry":{"type":"Point","coordinates":[110.355752,-6.992176]}},{"type":"Feature","properties":{"nama":"SD Negeri Srondol Wetan 03","jenjang":"SD","n200":1,"n500":11,"dmin":115.0},"geometry":{"type":"Point","coordinates":[110.420484,-7.072176]}},{"type":"Feature","properties":{"nama":"KB-TK Pondasi Anugerah","jenjang":"TK","n200":1,"n500":3,"dmin":102.0},"geometry":{"type":"Point","coordinates":[110.357273,-6.984528]}},{"type":"Feature","properties":{"nama":"SMK IGNATIUS","jenjang":"PT","n200":1,"n500":5,"dmin":118.0},"geometry":{"type":"Point","coordinates":[110.4277,-7.0099]}},{"type":"Feature","properties":{"nama":"Universitas Widya Husada Semarang","jenjang":"PT","n200":1,"n500":11,"dmin":174.0},"geometry":{"type":"Point","coordinates":[110.366241,-6.985028]}},{"type":"Feature","properties":{"nama":"SD Negeri Meteseh","jenjang":"SD","n200":1,"n500":6,"dmin":84.0},"geometry":{"type":"Point","coordinates":[110.462864,-7.058561]}},{"type":"Feature","properties":{"nama":"PAUD Al Furqon","jenjang":"TK","n200":1,"n500":2,"dmin":174.0},"geometry":{"type":"Point","coordinates":[110.422082,-7.087382]}},{"type":"Feature","properties":{"nama":"Pos PAUD - Rumpin","jenjang":"TK","n200":1,"n500":9,"dmin":147.0},"geometry":{"type":"Point","coordinates":[110.439316,-7.007618]}},{"type":"Feature","properties":{"nama":"PAUD Tunas Bangsa","jenjang":"TK","n200":1,"n500":3,"dmin":85.0},"geometry":{"type":"Point","coordinates":[110.367,-6.999399]}},{"type":"Feature","properties":{"nama":"SD Islam Syahidin","jenjang":"SD","n200":1,"n500":6,"dmin":109.0},"geometry":{"type":"Point","coordinates":[110.39819,-6.979245]}},{"type":"Feature","properties":{"nama":"SD Negeri Pedurungan Tengah 02","jenjang":"SD","n200":1,"n500":2,"dmin":185.0},"geometry":{"type":"Point","coordinates":[110.472457,-7.009915]}},{"type":"Feature","properties":{"nama":"TK Karang Turi","jenjang":"TK","n200":1,"n500":8,"dmin":190.0},"geometry":{"type":"Point","coordinates":[110.431919,-6.988418]}},{"type":"Feature","properties":{"nama":"KB, TK Ceria Anakku","jenjang":"TK","n200":1,"n500":4,"dmin":114.0},"geometry":{"type":"Point","coordinates":[110.48237,-6.972332]}},{"type":"Feature","properties":{"nama":"Akademi Kebidanan Widya Husada","jenjang":"PT","n200":1,"n500":11,"dmin":174.0},"geometry":{"type":"Point","coordinates":[110.366241,-6.985028]}},{"type":"Feature","properties":{"nama":"SD Islam Al-Fajar","jenjang":"SD","n200":1,"n500":3,"dmin":138.0},"geometry":{"type":"Point","coordinates":[110.441263,-7.014116]}},{"type":"Feature","properties":{"nama":"TK SEMARANG MULTINATIONAL SCHOOL","jenjang":"TK","n200":1,"n500":7,"dmin":182.0},"geometry":{"type":"Point","coordinates":[110.4276,-7.0224]}},{"type":"Feature","properties":{"nama":"SMA MARIA REGINA","jenjang":"PT","n200":1,"n500":2,"dmin":191.0},"geometry":{"type":"Point","coordinates":[110.407693,-7.015491]}},{"type":"Feature","properties":{"nama":"Sekolah Tinggi Ilmu Kesehatan Widya Husada Semarang","jenjang":"PT","n200":1,"n500":11,"dmin":174.0},"geometry":{"type":"Point","coordinates":[110.366241,-6.985028]}},{"type":"Feature","properties":{"nama":"RA Al Ikhlas","jenjang":"TK","n200":1,"n500":6,"dmin":191.0},"geometry":{"type":"Point","coordinates":[110.381893,-6.99639]}},{"type":"Feature","properties":{"nama":"TK Trisula Perwari VI","jenjang":"TK","n200":1,"n500":5,"dmin":127.0},"geometry":{"type":"Point","coordinates":[110.428656,-7.019845]}},{"type":"Feature","properties":{"nama":"Akademi Fisioterapi Widya Husada","jenjang":"PT","n200":1,"n500":11,"dmin":174.0},"geometry":{"type":"Point","coordinates":[110.366241,-6.985028]}},{"type":"Feature","properties":{"nama":"TK Al Hidayah","jenjang":"TK","n200":1,"n500":4,"dmin":199.0},"geometry":{"type":"Point","coordinates":[110.464832,-7.005187]}},{"type":"Feature","properties":{"nama":"MA TAQWAL ILAH","jenjang":"PT","n200":1,"n500":2,"dmin":38.0},"geometry":{"type":"Point","coordinates":[110.4711,-7.0557]}},{"type":"Feature","properties":{"nama":"TPA PENA PRIMA","jenjang":"TK","n200":1,"n500":8,"dmin":78.0},"geometry":{"type":"Point","coordinates":[110.435343,-6.989261]}},{"type":"Feature","properties":{"nama":"MA Negeri 2 Semarang","jenjang":"SMA","n200":1,"n500":2,"dmin":166.0},"geometry":{"type":"Point","coordinates":[110.474462,-6.981517]}},{"type":"Feature","properties":{"nama":"SMK PELAYARAN WIRA SAMUDERA","jenjang":"PT","n200":1,"n500":2,"dmin":98.0},"geometry":{"type":"Point","coordinates":[110.402,-6.9692]}},{"type":"Feature","properties":{"nama":"SMP Masehi 2 PSAK","jenjang":"SMP","n200":1,"n500":10,"dmin":102.0},"geometry":{"type":"Point","coordinates":[110.407928,-6.977627]}},{"type":"Feature","properties":{"nama":"TK Madinatul Ilmi Al Amien","jenjang":"TK","n200":1,"n500":6,"dmin":146.0},"geometry":{"type":"Point","coordinates":[110.46246,-6.98994]}},{"type":"Feature","properties":{"nama":"SD Negeri Pekunden","jenjang":"SD","n200":1,"n500":14,"dmin":143.0},"geometry":{"type":"Point","coordinates":[110.418737,-6.986762]}},{"type":"Feature","properties":{"nama":"PAUD Permata Hati","jenjang":"TK","n200":1,"n500":3,"dmin":182.0},"geometry":{"type":"Point","coordinates":[110.445769,-7.061784]}},{"type":"Feature","properties":{"nama":"SMP, SMA, SMK Dian Kartika","jenjang":"SMA","n200":1,"n500":4,"dmin":62.0},"geometry":{"type":"Point","coordinates":[110.377007,-6.991995]}},{"type":"Feature","properties":{"nama":"Pos PAUD Puspa Indah","jenjang":"TK","n200":1,"n500":2,"dmin":39.0},"geometry":{"type":"Point","coordinates":[110.431127,-7.073505]}},{"type":"Feature","properties":{"nama":"KB Miftahul Jannah","jenjang":"TK","n200":1,"n500":2,"dmin":87.0},"geometry":{"type":"Point","coordinates":[110.357239,-6.98412]}},{"type":"Feature","properties":{"nama":"SMK GRAFIKA BHAKTI NUSANTARA","jenjang":"PT","n200":1,"n500":5,"dmin":3.0},"geometry":{"type":"Point","coordinates":[110.409203,-6.982093]}},{"type":"Feature","properties":{"nama":"SMA Al-Islam","jenjang":"SMA","n200":1,"n500":4,"dmin":161.0},"geometry":{"type":"Point","coordinates":[110.476205,-6.98377]}},{"type":"Feature","properties":{"nama":"KB Hidayatul Muta'alimin","jenjang":"TK","n200":1,"n500":4,"dmin":89.0},"geometry":{"type":"Point","coordinates":[110.301982,-6.972744]}},{"type":"Feature","properties":{"nama":"SMK PURNAMA 2","jenjang":"PT","n200":1,"n500":2,"dmin":186.0},"geometry":{"type":"Point","coordinates":[110.4626,-7.0403]}},{"type":"Feature","properties":{"nama":"TK Maranatha 02","jenjang":"TK","n200":1,"n500":9,"dmin":195.0},"geometry":{"type":"Point","coordinates":[110.398393,-7.005788]}},{"type":"Feature","properties":{"nama":"SMK LPI","jenjang":"PT","n200":1,"n500":6,"dmin":135.0},"geometry":{"type":"Point","coordinates":[110.3908,-7.0098]}},{"type":"Feature","properties":{"nama":"SMA NEGERI 09","jenjang":"PT","n200":1,"n500":5,"dmin":105.0},"geometry":{"type":"Point","coordinates":[110.4108,-7.1044]}},{"type":"Feature","properties":{"nama":"Akademi Statistika Muhammadiyah Semarang","jenjang":"PT","n200":1,"n500":7,"dmin":193.0},"geometry":{"type":"Point","coordinates":[110.461875,-7.021761]}},{"type":"Feature","properties":{"nama":"PAUD Mentari Aissyah","jenjang":"TK","n200":1,"n500":10,"dmin":149.0},"geometry":{"type":"Point","coordinates":[110.447004,-6.98861]}},{"type":"Feature","properties":{"nama":"TK Kartika III-3","jenjang":"TK","n200":1,"n500":3,"dmin":118.0},"geometry":{"type":"Point","coordinates":[110.409586,-7.105441]}},{"type":"Feature","properties":{"nama":"TK Widya","jenjang":"TK","n200":1,"n500":5,"dmin":176.0},"geometry":{"type":"Point","coordinates":[110.464103,-7.000849]}},{"type":"Feature","properties":{"nama":"TK HUSNA JAYA","jenjang":"TK","n200":1,"n500":3,"dmin":32.0},"geometry":{"type":"Point","coordinates":[110.3374,-7.0108]}},{"type":"Feature","properties":{"nama":"SMK SULTAN TRENGGONO","jenjang":"PT","n200":0,"n500":0,"dmin":566.0},"geometry":{"type":"Point","coordinates":[110.3628,-7.0507]}},{"type":"Feature","properties":{"nama":"MA AL ASROR","jenjang":"PT","n200":0,"n500":2,"dmin":415.0},"geometry":{"type":"Point","coordinates":[110.3998,-7.0638]}},{"type":"Feature","properties":{"nama":"SMA UNGGULAN NURUL ISLAMI","jenjang":"PT","n200":0,"n500":1,"dmin":487.0},"geometry":{"type":"Point","coordinates":[110.301207,-7.056959]}},{"type":"Feature","properties":{"nama":"TK IT BINA AMAL 02","jenjang":"TK","n200":0,"n500":5,"dmin":245.0},"geometry":{"type":"Point","coordinates":[110.3924,-7.0008]}},{"type":"Feature","properties":{"nama":"TK TARBIYATUL ATHFAL 29","jenjang":"TK","n200":0,"n500":3,"dmin":454.0},"geometry":{"type":"Point","coordinates":[110.441378,-6.966751]}},{"type":"Feature","properties":{"nama":"TK BINA BANGSA","jenjang":"TK","n200":0,"n500":1,"dmin":486.0},"geometry":{"type":"Point","coordinates":[110.4304,-7.0327]}},{"type":"Feature","properties":{"nama":"RA/BA/TA AL ISLAM SUMUREJO","jenjang":"TK","n200":0,"n500":0,"dmin":1595.0},"geometry":{"type":"Point","coordinates":[110.385617,-6.95006]}},{"type":"Feature","properties":{"nama":"POS PAUD KUNCUP MELATI","jenjang":"TK","n200":0,"n500":4,"dmin":309.0},"geometry":{"type":"Point","coordinates":[110.359222,-6.984501]}},{"type":"Feature","properties":{"nama":"POS PAUD MANDIRI","jenjang":"TK","n200":0,"n500":3,"dmin":355.0},"geometry":{"type":"Point","coordinates":[110.374918,-6.99368]}},{"type":"Feature","properties":{"nama":"POS PAUD GITA PERTIWI JAYA","jenjang":"TK","n200":0,"n500":7,"dmin":264.0},"geometry":{"type":"Point","coordinates":[110.4443,-6.9628]}},{"type":"Feature","properties":{"nama":"POS PAUD NUSA INDAH","jenjang":"TK","n200":0,"n500":0,"dmin":637.0},"geometry":{"type":"Point","coordinates":[110.48079,-7.062095]}},{"type":"Feature","properties":{"nama":"KB AISYIYAH 22","jenjang":"TK","n200":0,"n500":2,"dmin":332.0},"geometry":{"type":"Point","coordinates":[110.4669,-7.0636]}},{"type":"Feature","properties":{"nama":"Assyarofiyah","jenjang":"TK","n200":0,"n500":0,"dmin":1266.0},"geometry":{"type":"Point","coordinates":[110.354905,-7.016512]}},{"type":"Feature","properties":{"nama":"TK SPRING SHINE","jenjang":"TK","n200":0,"n500":4,"dmin":289.0},"geometry":{"type":"Point","coordinates":[110.41908,-7.013664]}},{"type":"Feature","properties":{"nama":"Sekolah Tinggi Ilmu Ekonomi Anindyaguna","jenjang":"PT","n200":0,"n500":2,"dmin":448.0},"geometry":{"type":"Point","coordinates":[110.479812,-7.016406]}},{"type":"Feature","properties":{"nama":"Akademi Manajemen Indonesia Semarang","jenjang":"PT","n200":0,"n500":2,"dmin":330.0},"geometry":{"type":"Point","coordinates":[110.404232,-7.004237]}},{"type":"Feature","properties":{"nama":"Akademi Teknologi Semarang","jenjang":"PT","n200":0,"n500":0,"dmin":596.0},"geometry":{"type":"Point","coordinates":[110.401114,-7.019466]}},{"type":"Feature","properties":{"nama":"SMK NURUL ISLAMI","jenjang":"PT","n200":0,"n500":0,"dmin":664.0},"geometry":{"type":"Point","coordinates":[110.3061,-7.0431]}},{"type":"Feature","properties":{"nama":"PAUD Syakira","jenjang":"TK","n200":0,"n500":3,"dmin":328.0},"geometry":{"type":"Point","coordinates":[110.39375,-7.000305]}},{"type":"Feature","properties":{"nama":"PAUD Anak Bangsa XIII","jenjang":"TK","n200":0,"n500":0,"dmin":745.0},"geometry":{"type":"Point","coordinates":[110.448373,-7.019805]}},{"type":"Feature","properties":{"nama":"PAUD Baitul Mutaqqin","jenjang":"TK","n200":0,"n500":3,"dmin":202.0},"geometry":{"type":"Point","coordinates":[110.447682,-7.013784]}},{"type":"Feature","properties":{"nama":"Pos PAUD Amanah","jenjang":"TK","n200":0,"n500":4,"dmin":247.0},"geometry":{"type":"Point","coordinates":[110.372088,-7.015684]}},{"type":"Feature","properties":{"nama":"Pos PAUD Lestari 4","jenjang":"TK","n200":0,"n500":0,"dmin":1423.0},"geometry":{"type":"Point","coordinates":[110.370151,-7.101909]}},{"type":"Feature","properties":{"nama":"SMK Pelayaran AKPELNI Semarang","jenjang":"SMA","n200":0,"n500":5,"dmin":346.0},"geometry":{"type":"Point","coordinates":[110.405523,-6.981999]}},{"type":"Feature","properties":{"nama":"SMP Negeri 2 Semarang","jenjang":"SMP","n200":0,"n500":7,"dmin":253.0},"geometry":{"type":"Point","coordinates":[110.434359,-6.994771]}},{"type":"Feature","properties":{"nama":"SMP-SMA Agus Salim","jenjang":"SMA","n200":0,"n500":4,"dmin":444.0},"geometry":{"type":"Point","coordinates":[110.45208,-7.000859]}},{"type":"Feature","properties":{"nama":"TK Kemala Bhayangkari 30","jenjang":"TK","n200":0,"n500":3,"dmin":208.0},"geometry":{"type":"Point","coordinates":[110.446878,-6.999653]}},{"type":"Feature","properties":{"nama":"RA Nurul Hidayah","jenjang":"TK","n200":0,"n500":1,"dmin":499.0},"geometry":{"type":"Point","coordinates":[110.454556,-6.967471]}},{"type":"Feature","properties":{"nama":"SD Negeri Tawangmas 01","jenjang":"SD","n200":0,"n500":4,"dmin":204.0},"geometry":{"type":"Point","coordinates":[110.392612,-6.974037]}},{"type":"Feature","properties":{"nama":"SD Gisikdrono 03","jenjang":"SD","n200":0,"n500":6,"dmin":217.0},"geometry":{"type":"Point","coordinates":[110.38434,-6.996612]}},{"type":"Feature","properties":{"nama":"SD Darussalam","jenjang":"SD","n200":0,"n500":1,"dmin":291.0},"geometry":{"type":"Point","coordinates":[110.374899,-7.001195]}},{"type":"Feature","properties":{"nama":"TK Islam Qurrota A' yun","jenjang":"TK","n200":0,"n500":2,"dmin":442.0},"geometry":{"type":"Point","coordinates":[110.444484,-7.015577]}},{"type":"Feature","properties":{"nama":"TK Pertiwi 24","jenjang":"TK","n200":0,"n500":0,"dmin":1150.0},"geometry":{"type":"Point","coordinates":[110.369477,-7.070765]}},{"type":"Feature","properties":{"nama":"KB Aisyiyah 26 dan TK Aisyiyah Bustanul Athfal 38","jenjang":"TK","n200":0,"n500":2,"dmin":311.0},"geometry":{"type":"Point","coordinates":[110.387917,-7.02244]}},{"type":"Feature","properties":{"nama":"RA Permata Belia","jenjang":"TK","n200":0,"n500":4,"dmin":201.0},"geometry":{"type":"Point","coordinates":[110.375541,-7.017075]}},{"type":"Feature","properties":{"nama":"MI Permata Belia","jenjang":"SD","n200":0,"n500":4,"dmin":239.0},"geometry":{"type":"Point","coordinates":[110.376806,-7.016135]}},{"type":"Feature","properties":{"nama":"TK Pertiwi 44","jenjang":"TK","n200":0,"n500":0,"dmin":501.0},"geometry":{"type":"Point","coordinates":[110.379905,-7.026278]}},{"type":"Feature","properties":{"nama":"KB - TK Khodijah 04","jenjang":"TK","n200":0,"n500":0,"dmin":614.0},"geometry":{"type":"Point","coordinates":[110.461964,-7.072818]}},{"type":"Feature","properties":{"nama":"TK 2 Pertiwi","jenjang":"TK","n200":0,"n500":3,"dmin":398.0},"geometry":{"type":"Point","coordinates":[110.449684,-6.998166]}},{"type":"Feature","properties":{"nama":"TK PGRI 27","jenjang":"TK","n200":0,"n500":3,"dmin":315.0},"geometry":{"type":"Point","coordinates":[110.417212,-7.024986]}},{"type":"Feature","properties":{"nama":"SMP Purnama 2","jenjang":"SMP","n200":0,"n500":3,"dmin":325.0},"geometry":{"type":"Point","coordinates":[110.449678,-6.994695]}},{"type":"Feature","properties":{"nama":"SD Pancasila","jenjang":"SD","n200":0,"n500":5,"dmin":224.0},"geometry":{"type":"Point","coordinates":[110.358594,-6.986608]}},{"type":"Feature","properties":{"nama":"PAUD PALGUNO","jenjang":"TK","n200":0,"n500":7,"dmin":302.0},"geometry":{"type":"Point","coordinates":[110.44006,-6.973849]}},{"type":"Feature","properties":{"nama":"SD Islam Daarun Najah","jenjang":"SD","n200":0,"n500":3,"dmin":445.0},"geometry":{"type":"Point","coordinates":[110.441471,-6.966857]}},{"type":"Feature","properties":{"nama":"TPA, TK, KB Insan Cendekia","jenjang":"TK","n200":0,"n500":1,"dmin":329.0},"geometry":{"type":"Point","coordinates":[110.49091,-6.984016]}},{"type":"Feature","properties":{"nama":"Pos PAUD Nusa Indah","jenjang":"TK","n200":0,"n500":2,"dmin":300.0},"geometry":{"type":"Point","coordinates":[110.436375,-6.999478]}},{"type":"Feature","properties":{"nama":"SD Muhammadiyah 05","jenjang":"SD","n200":0,"n500":1,"dmin":494.0},"geometry":{"type":"Point","coordinates":[110.419147,-6.959207]}},{"type":"Feature","properties":{"nama":"SD Negeri Ngijo 01","jenjang":"SD","n200":0,"n500":0,"dmin":573.0},"geometry":{"type":"Point","coordinates":[110.383006,-7.069748]}},{"type":"Feature","properties":{"nama":"SDIT Al Kamilah","jenjang":"SD","n200":0,"n500":1,"dmin":231.0},"geometry":{"type":"Point","coordinates":[110.424717,-7.091882]}},{"type":"Feature","properties":{"nama":"SD Negeri Tambangan 01","jenjang":"SD","n200":0,"n500":4,"dmin":215.0},"geometry":{"type":"Point","coordinates":[110.309843,-7.082671]}},{"type":"Feature","properties":{"nama":"SMK Palebon dan SMP Empu Tantular","jenjang":"SMA","n200":0,"n500":6,"dmin":258.0},"geometry":{"type":"Point","coordinates":[110.46665,-7.007013]}},{"type":"Feature","properties":{"nama":"SMP Islam Terpadu PAPB","jenjang":"SMP","n200":0,"n500":3,"dmin":379.0},"geometry":{"type":"Point","coordinates":[110.462061,-7.002368]}},{"type":"Feature","properties":{"nama":"TK Islam Terpadu PAPB","jenjang":"TK","n200":0,"n500":3,"dmin":359.0},"geometry":{"type":"Point","coordinates":[110.462186,-7.002659]}},{"type":"Feature","properties":{"nama":"SD Budi Luhur","jenjang":"SD","n200":0,"n500":4,"dmin":238.0},"geometry":{"type":"Point","coordinates":[110.45168,-7.00471]}},{"type":"Feature","properties":{"nama":"MI-Madin Ianatusshibyan","jenjang":"SD","n200":0,"n500":3,"dmin":477.0},"geometry":{"type":"Point","coordinates":[110.29871,-6.969365]}},{"type":"Feature","properties":{"nama":"MI Addiniyah Salafiyah","jenjang":"SD","n200":0,"n500":1,"dmin":462.0},"geometry":{"type":"Point","coordinates":[110.331599,-6.975485]}},{"type":"Feature","properties":{"nama":"TK Tarbiyatul Athfal","jenjang":"TK","n200":0,"n500":0,"dmin":1348.0},"geometry":{"type":"Point","coordinates":[110.307847,-7.025684]}},{"type":"Feature","properties":{"nama":"TK PGRI 59","jenjang":"TK","n200":0,"n500":2,"dmin":210.0},"geometry":{"type":"Point","coordinates":[110.385715,-7.008364]}},{"type":"Feature","properties":{"nama":"SMK Robbirodliya","jenjang":"SMA","n200":0,"n500":5,"dmin":207.0},"geometry":{"type":"Point","coordinates":[110.479667,-6.959255]}},{"type":"Feature","properties":{"nama":"MI Muta'allimin","jenjang":"SD","n200":0,"n500":3,"dmin":321.0},"geometry":{"type":"Point","coordinates":[110.465262,-7.054267]}},{"type":"Feature","properties":{"nama":"TK Harapan Bangsa 2","jenjang":"TK","n200":0,"n500":1,"dmin":261.0},"geometry":{"type":"Point","coordinates":[110.491708,-6.964609]}},{"type":"Feature","properties":{"nama":"SD Negeri Tandang 04","jenjang":"SD","n200":0,"n500":1,"dmin":306.0},"geometry":{"type":"Point","coordinates":[110.454703,-7.019849]}},{"type":"Feature","properties":{"nama":"SD Negeri Sadeng 01","jenjang":"SD","n200":0,"n500":0,"dmin":1716.0},"geometry":{"type":"Point","coordinates":[110.36333,-7.040228]}},{"type":"Feature","properties":{"nama":"SD Negeri Mangkang Wetan 03","jenjang":"SD","n200":0,"n500":0,"dmin":514.0},"geometry":{"type":"Point","coordinates":[110.308662,-6.970375]}},{"type":"Feature","properties":{"nama":"RA An Nur","jenjang":"TK","n200":0,"n500":3,"dmin":210.0},"geometry":{"type":"Point","coordinates":[110.488151,-7.016207]}},{"type":"Feature","properties":{"nama":"SD Negeri Tambakaji 05","jenjang":"SD","n200":0,"n500":2,"dmin":263.0},"geometry":{"type":"Point","coordinates":[110.350927,-6.983505]}},{"type":"Feature","properties":{"nama":"SD Negeri Tinjomoyo 01","jenjang":"SD","n200":0,"n500":4,"dmin":231.0},"geometry":{"type":"Point","coordinates":[110.416235,-7.031903]}},{"type":"Feature","properties":{"nama":"SD Negeri Wonolopo 03","jenjang":"SD","n200":0,"n500":3,"dmin":250.0},"geometry":{"type":"Point","coordinates":[110.311317,-7.048714]}},{"type":"Feature","properties":{"nama":"SD Negeri Ngesrep 03","jenjang":"SD","n200":0,"n500":0,"dmin":597.0},"geometry":{"type":"Point","coordinates":[110.429744,-7.034956]}},{"type":"Feature","properties":{"nama":"RA, TK Islam Miftahul Akhlaqiyah","jenjang":"TK","n200":0,"n500":3,"dmin":233.0},"geometry":{"type":"Point","coordinates":[110.33333,-6.995773]}},{"type":"Feature","properties":{"nama":"SD Negeri Jatibarang 01","jenjang":"SD","n200":0,"n500":2,"dmin":410.0},"geometry":{"type":"Point","coordinates":[110.331818,-7.053142]}},{"type":"Feature","properties":{"nama":"SD Juara Semarang","jenjang":"SD","n200":0,"n500":1,"dmin":402.0},"geometry":{"type":"Point","coordinates":[110.48385,-7.024655]}},{"type":"Feature","properties":{"nama":"SMP Pangudi Luhur Bonifasio","jenjang":"SMP","n200":0,"n500":2,"dmin":454.0},"geometry":{"type":"Point","coordinates":[110.457524,-6.970594]}},{"type":"Feature","properties":{"nama":"SD Negeri Srondol Wetan 05","jenjang":"SD","n200":0,"n500":12,"dmin":235.0},"geometry":{"type":"Point","coordinates":[110.4218,-7.067763]}},{"type":"Feature","properties":{"nama":"SD Pangudi Luhur Tarsisius","jenjang":"SD","n200":0,"n500":1,"dmin":433.0},"geometry":{"type":"Point","coordinates":[110.457031,-6.969938]}},{"type":"Feature","properties":{"nama":"SD Negeri Gondoriyo","jenjang":"SD","n200":0,"n500":0,"dmin":1802.0},"geometry":{"type":"Point","coordinates":[110.306946,-6.991867]}},{"type":"Feature","properties":{"nama":"Yayasan Pendidikan Islam Al - Hikmah","jenjang":"TK","n200":0,"n500":2,"dmin":450.0},"geometry":{"type":"Point","coordinates":[110.450685,-7.0088]}},{"type":"Feature","properties":{"nama":"TK PGRI 09/93","jenjang":"TK","n200":0,"n500":0,"dmin":767.0},"geometry":{"type":"Point","coordinates":[110.321675,-6.982628]}},{"type":"Feature","properties":{"nama":"SD Negeri Wonosari 01","jenjang":"SD","n200":0,"n500":2,"dmin":293.0},"geometry":{"type":"Point","coordinates":[110.307064,-6.973903]}},{"type":"Feature","properties":{"nama":"KB/TK Widyatama","jenjang":"TK","n200":0,"n500":3,"dmin":240.0},"geometry":{"type":"Point","coordinates":[110.474976,-7.045128]}},{"type":"Feature","properties":{"nama":"KB-TK Islam Al-Muhajirin","jenjang":"TK","n200":0,"n500":5,"dmin":320.0},"geometry":{"type":"Point","coordinates":[110.305693,-7.072681]}},{"type":"Feature","properties":{"nama":"PAUD Pratama Kasih Sayang","jenjang":"TK","n200":0,"n500":3,"dmin":338.0},"geometry":{"type":"Point","coordinates":[110.444635,-6.969632]}},{"type":"Feature","properties":{"nama":"SMK PURNAMA 1","jenjang":"PT","n200":0,"n500":0,"dmin":665.0},"geometry":{"type":"Point","coordinates":[110.3794,-6.9798]}},{"type":"Feature","properties":{"nama":"SMA NUSA BHAKTI","jenjang":"PT","n200":0,"n500":2,"dmin":390.0},"geometry":{"type":"Point","coordinates":[110.372277,-6.992538]}},{"type":"Feature","properties":{"nama":"SMA NEGERI 14","jenjang":"PT","n200":0,"n500":0,"dmin":681.0},"geometry":{"type":"Point","coordinates":[110.4011,-6.9592]}},{"type":"Feature","properties":{"nama":"SMAIT HARAPAN BUNDA","jenjang":"PT","n200":0,"n500":1,"dmin":207.0},"geometry":{"type":"Point","coordinates":[110.48646,-7.008358]}},{"type":"Feature","properties":{"nama":"SMA MULTAZAM IBS","jenjang":"PT","n200":0,"n500":1,"dmin":490.0},"geometry":{"type":"Point","coordinates":[110.416144,-7.095875]}},{"type":"Feature","properties":{"nama":"MAS AL-HIDAYAH","jenjang":"PT","n200":0,"n500":0,"dmin":845.0},"geometry":{"type":"Point","coordinates":[110.37421,-7.03316]}},{"type":"Feature","properties":{"nama":"TK KENCANA SARI","jenjang":"TK","n200":0,"n500":3,"dmin":275.0},"geometry":{"type":"Point","coordinates":[110.4385,-6.9829]}},{"type":"Feature","properties":{"nama":"TK SUBULUSSALAM","jenjang":"TK","n200":0,"n500":0,"dmin":539.0},"geometry":{"type":"Point","coordinates":[110.4984,-6.9679]}},{"type":"Feature","properties":{"nama":"RA/BA/TA TANWIRUL QULUB 01","jenjang":"TK","n200":0,"n500":0,"dmin":665.0},"geometry":{"type":"Point","coordinates":[110.4939,-6.9847]}},{"type":"Feature","properties":{"nama":"RA/BA/TA MIFTAHUL ULUM","jenjang":"TK","n200":0,"n500":0,"dmin":512.0},"geometry":{"type":"Point","coordinates":[110.4793,-6.9857]}},{"type":"Feature","properties":{"nama":"TK PGRI 117","jenjang":"TK","n200":0,"n500":0,"dmin":845.0},"geometry":{"type":"Point","coordinates":[110.483381,-7.059226]}},{"type":"Feature","properties":{"nama":"RA/BA/TA HJ. ZAIDAR UMAR","jenjang":"TK","n200":0,"n500":2,"dmin":440.0},"geometry":{"type":"Point","coordinates":[110.4122,-6.999]}},{"type":"Feature","properties":{"nama":"POS PAUD PERMATA BANGSA","jenjang":"TK","n200":0,"n500":1,"dmin":385.0},"geometry":{"type":"Point","coordinates":[110.5009,-6.9772]}},{"type":"Feature","properties":{"nama":"POS PAUD ANGGREK","jenjang":"TK","n200":0,"n500":0,"dmin":872.0},"geometry":{"type":"Point","coordinates":[110.5016,-6.9575]}},{"type":"Feature","properties":{"nama":"POS PAUD BUAH HATI BUNDA","jenjang":"TK","n200":0,"n500":3,"dmin":352.0},"geometry":{"type":"Point","coordinates":[110.4802,-7.01]}},{"type":"Feature","properties":{"nama":"KB NURUL FATIMAH","jenjang":"TK","n200":0,"n500":3,"dmin":407.0},"geometry":{"type":"Point","coordinates":[110.4751,-7.0557]}},{"type":"Feature","properties":{"nama":"TK SHAFA MARWA","jenjang":"TK","n200":0,"n500":2,"dmin":216.0},"geometry":{"type":"Point","coordinates":[110.473712,-6.98213]}},{"type":"Feature","properties":{"nama":"TK KUSUMA BANGSA","jenjang":"TK","n200":0,"n500":2,"dmin":474.0},"geometry":{"type":"Point","coordinates":[110.464251,-7.065822]}},{"type":"Feature","properties":{"nama":"RA QURROTA A`YUN","jenjang":"TK","n200":0,"n500":2,"dmin":237.0},"geometry":{"type":"Point","coordinates":[110.434739,-7.01241]}},{"type":"Feature","properties":{"nama":"POS PAUD PERMATA BUNDA","jenjang":"TK","n200":0,"n500":3,"dmin":254.0},"geometry":{"type":"Point","coordinates":[110.408283,-7.09154]}},{"type":"Feature","properties":{"nama":"TK Kartika III 10","jenjang":"TK","n200":0,"n500":7,"dmin":248.0},"geometry":{"type":"Point","coordinates":[110.406319,-6.989194]}},{"type":"Feature","properties":{"nama":"TK Aisyiyah Bustanul Athfal 08","jenjang":"TK","n200":0,"n500":0,"dmin":507.0},"geometry":{"type":"Point","coordinates":[110.419227,-6.959285]}},{"type":"Feature","properties":{"nama":"PAUD Kartini dan TK PGRI 66 Pandean Lamper","jenjang":"TK","n200":0,"n500":9,"dmin":218.0},"geometry":{"type":"Point","coordinates":[110.445475,-6.992067]}},{"type":"Feature","properties":{"nama":"KB-TK Pangudi Luhur Bernadus","jenjang":"TK","n200":0,"n500":4,"dmin":223.0},"geometry":{"type":"Point","coordinates":[110.410012,-6.986187]}},{"type":"Feature","properties":{"nama":"SMP Ma'had Islam","jenjang":"SMA","n200":0,"n500":10,"dmin":235.0},"geometry":{"type":"Point","coordinates":[110.439713,-6.973025]}},{"type":"Feature","properties":{"nama":"TK Sedya Rini","jenjang":"TK","n200":0,"n500":6,"dmin":236.0},"geometry":{"type":"Point","coordinates":[110.436653,-6.966337]}},{"type":"Feature","properties":{"nama":"SMA Sedes Sapientiae","jenjang":"SMA","n200":0,"n500":5,"dmin":236.0},"geometry":{"type":"Point","coordinates":[110.432918,-6.99896]}},{"type":"Feature","properties":{"nama":"SMP, SMA Nasional Karangturi","jenjang":"SMA","n200":0,"n500":2,"dmin":373.0},"geometry":{"type":"Point","coordinates":[110.437107,-6.962736]}},{"type":"Feature","properties":{"nama":"TK Taman Balita","jenjang":"TK","n200":0,"n500":0,"dmin":632.0},"geometry":{"type":"Point","coordinates":[110.390673,-7.067989]}},{"type":"Feature","properties":{"nama":"PAUD Ceria","jenjang":"TK","n200":0,"n500":0,"dmin":778.0},"geometry":{"type":"Point","coordinates":[110.394737,-7.078935]}},{"type":"Feature","properties":{"nama":"SMK Sunan Gunung Jati Ba'alawy","jenjang":"TK","n200":0,"n500":0,"dmin":1076.0},"geometry":{"type":"Point","coordinates":[110.359027,-7.10034]}},{"type":"Feature","properties":{"nama":"KB Al - Islam Sumurejo","jenjang":"TK","n200":0,"n500":0,"dmin":697.0},"geometry":{"type":"Point","coordinates":[110.385253,-7.107154]}},{"type":"Feature","properties":{"nama":"SD, SMP Barunawati","jenjang":"SMP","n200":0,"n500":0,"dmin":680.0},"geometry":{"type":"Point","coordinates":[110.421923,-6.956378]}},{"type":"Feature","properties":{"nama":"KB Aisiyah 04 dan TK Aba 52","jenjang":"TK","n200":0,"n500":0,"dmin":508.0},"geometry":{"type":"Point","coordinates":[110.371312,-7.087147]}},{"type":"Feature","properties":{"nama":"SD Islam Rohmaniyyah","jenjang":"SD","n200":0,"n500":0,"dmin":658.0},"geometry":{"type":"Point","coordinates":[110.50341,-6.97223]}},{"type":"Feature","properties":{"nama":"PAUD Kuncup Melati","jenjang":"TK","n200":0,"n500":3,"dmin":272.0},"geometry":{"type":"Point","coordinates":[110.479554,-6.970603]}},{"type":"Feature","properties":{"nama":"PAUD Melati","jenjang":"TK","n200":0,"n500":5,"dmin":235.0},"geometry":{"type":"Point","coordinates":[110.481342,-6.958222]}},{"type":"Feature","properties":{"nama":"SD Islam Primadana","jenjang":"SD","n200":0,"n500":4,"dmin":309.0},"geometry":{"type":"Point","coordinates":[110.458915,-7.000175]}},{"type":"Feature","properties":{"nama":"SD Negeri Cangkiran 02","jenjang":"SD","n200":0,"n500":0,"dmin":654.0},"geometry":{"type":"Point","coordinates":[110.313338,-7.095493]}},{"type":"Feature","properties":{"nama":"TK Pertiwi 45","jenjang":"TK","n200":0,"n500":0,"dmin":904.0},"geometry":{"type":"Point","coordinates":[110.382813,-7.059867]}},{"type":"Feature","properties":{"nama":"KB TK Islam Widya Bhakti Rini","jenjang":"TK","n200":0,"n500":6,"dmin":256.0},"geometry":{"type":"Point","coordinates":[110.41466,-7.073675]}},{"type":"Feature","properties":{"nama":"SD Negeri Rowosari 02","jenjang":"SD","n200":0,"n500":0,"dmin":877.0},"geometry":{"type":"Point","coordinates":[110.483667,-7.059386]}},{"type":"Feature","properties":{"nama":"Madrasah Diniyah Al Junnah","jenjang":"TK","n200":0,"n500":2,"dmin":449.0},"geometry":{"type":"Point","coordinates":[110.342372,-7.033899]}},{"type":"Feature","properties":{"nama":"TK Pertiwi 40","jenjang":"TK","n200":0,"n500":0,"dmin":1682.0},"geometry":{"type":"Point","coordinates":[110.313279,-6.957519]}},{"type":"Feature","properties":{"nama":"RA / TK Muta'allimin","jenjang":"TK","n200":0,"n500":3,"dmin":327.0},"geometry":{"type":"Point","coordinates":[110.465164,-7.054183]}},{"type":"Feature","properties":{"nama":"SDIT Bina Amal 2","jenjang":"SD","n200":0,"n500":4,"dmin":350.0},"geometry":{"type":"Point","coordinates":[110.393519,-7.000042]}},{"type":"Feature","properties":{"nama":"SMP Negeri 28 Semarang","jenjang":"SMP","n200":0,"n500":0,"dmin":678.0},"geometry":{"type":"Point","coordinates":[110.297974,-6.966678]}},{"type":"Feature","properties":{"nama":"Madrasah Diniyah Imama","jenjang":"TK","n200":0,"n500":1,"dmin":488.0},"geometry":{"type":"Point","coordinates":[110.340957,-7.022133]}},{"type":"Feature","properties":{"nama":"RA Miftahul Athfal","jenjang":"TK","n200":0,"n500":0,"dmin":1459.0},"geometry":{"type":"Point","coordinates":[110.302978,-6.95976]}},{"type":"Feature","properties":{"nama":"SMP Al-Huda","jenjang":"SMP","n200":0,"n500":1,"dmin":442.0},"geometry":{"type":"Point","coordinates":[110.489736,-6.987492]}},{"type":"Feature","properties":{"nama":"TK Muslimat NU Tarbiyatul Athfal 32","jenjang":"TK","n200":0,"n500":0,"dmin":1915.0},"geometry":{"type":"Point","coordinates":[110.315323,-6.9555]}},{"type":"Feature","properties":{"nama":"SD Negeri Ngadirgo 02","jenjang":"SD","n200":0,"n500":0,"dmin":916.0},"geometry":{"type":"Point","coordinates":[110.311812,-7.025646]}},{"type":"Feature","properties":{"nama":"MA dan MTs Syaroful Millah","jenjang":"SMA","n200":0,"n500":3,"dmin":274.0},"geometry":{"type":"Point","coordinates":[110.48803,-7.014612]}},{"type":"Feature","properties":{"nama":"TK Among Tresno","jenjang":"TK","n200":0,"n500":2,"dmin":308.0},"geometry":{"type":"Point","coordinates":[110.333026,-7.055793]}},{"type":"Feature","properties":{"nama":"PAUD - KB Tunas Harapan Pertiwi dan TK Pertiwi 37","jenjang":"TK","n200":0,"n500":5,"dmin":275.0},"geometry":{"type":"Point","coordinates":[110.359786,-7.087067]}},{"type":"Feature","properties":{"nama":"PAUD Indriya Asri","jenjang":"TK","n200":0,"n500":5,"dmin":237.0},"geometry":{"type":"Point","coordinates":[110.343791,-6.996292]}},{"type":"Feature","properties":{"nama":"TK PGRI 92","jenjang":"TK","n200":0,"n500":3,"dmin":324.0},"geometry":{"type":"Point","coordinates":[110.345522,-6.9852]}},{"type":"Feature","properties":{"nama":"SMP - SMA Semesta Bilingual Boarding","jenjang":"SMA","n200":0,"n500":1,"dmin":496.0},"geometry":{"type":"Point","coordinates":[110.361967,-7.05983]}},{"type":"Feature","properties":{"nama":"TK Pangudi Luhur Tarsisius","jenjang":"TK","n200":0,"n500":1,"dmin":411.0},"geometry":{"type":"Point","coordinates":[110.457082,-6.970502]}},{"type":"Feature","properties":{"nama":"TK Bhakti Pertiwi II","jenjang":"TK","n200":0,"n500":2,"dmin":260.0},"geometry":{"type":"Point","coordinates":[110.466249,-7.018216]}},{"type":"Feature","properties":{"nama":"MTs Fatahillah","jenjang":"SMP","n200":0,"n500":2,"dmin":276.0},"geometry":{"type":"Point","coordinates":[110.331954,-6.996177]}},{"type":"Feature","properties":{"nama":"MI Falahiyyah","jenjang":"SD","n200":0,"n500":0,"dmin":2690.0},"geometry":{"type":"Point","coordinates":[110.499221,-7.065692]}},{"type":"Feature","properties":{"nama":"SD Islam Siti Sulaechah 01","jenjang":"SD","n200":0,"n500":3,"dmin":390.0},"geometry":{"type":"Point","coordinates":[110.381625,-7.017655]}},{"type":"Feature","properties":{"nama":"PAUD An - Nisa'","jenjang":"TK","n200":0,"n500":1,"dmin":213.0},"geometry":{"type":"Point","coordinates":[110.469984,-7.029319]}},{"type":"Feature","properties":{"nama":"SD Wesley","jenjang":"SD","n200":0,"n500":0,"dmin":512.0},"geometry":{"type":"Point","coordinates":[110.406853,-6.954091]}},{"type":"Feature","properties":{"nama":"PG-TK Bakti Ananda","jenjang":"TK","n200":0,"n500":6,"dmin":296.0},"geometry":{"type":"Point","coordinates":[110.306482,-7.069395]}},{"type":"Feature","properties":{"nama":"KB-TK Tunas Dahlia","jenjang":"TK","n200":0,"n500":0,"dmin":967.0},"geometry":{"type":"Point","coordinates":[110.314695,-7.030854]}},{"type":"Feature","properties":{"nama":"SMA KRISTEN TRI TUNGGAL","jenjang":"PT","n200":0,"n500":1,"dmin":346.0},"geometry":{"type":"Point","coordinates":[110.3964,-6.9648]}},{"type":"Feature","properties":{"nama":"MA SYAROFUL MILLAH","jenjang":"PT","n200":0,"n500":3,"dmin":281.0},"geometry":{"type":"Point","coordinates":[110.488,-7.0145]}},{"type":"Feature","properties":{"nama":"SMK NEGERI 04","jenjang":"PT","n200":0,"n500":7,"dmin":241.0},"geometry":{"type":"Point","coordinates":[110.4197,-6.9907]}},{"type":"Feature","properties":{"nama":"SMA ISLAM AL AZHAR 16","jenjang":"PT","n200":0,"n500":1,"dmin":439.0},"geometry":{"type":"Point","coordinates":[110.3377,-7.031]}},{"type":"Feature","properties":{"nama":"Qosim Al Hadi","jenjang":"PT","n200":0,"n500":2,"dmin":264.0},"geometry":{"type":"Point","coordinates":[110.3009,-7.0417]}},{"type":"Feature","properties":{"nama":"TK TARBIYATUL ATHFAL 07","jenjang":"TK","n200":0,"n500":0,"dmin":554.0},"geometry":{"type":"Point","coordinates":[110.3862,-6.9609]}},{"type":"Feature","properties":{"nama":"TK TRISULA V","jenjang":"TK","n200":0,"n500":6,"dmin":223.0},"geometry":{"type":"Point","coordinates":[110.407967,-6.980368]}},{"type":"Feature","properties":{"nama":"TK ISLAM AL FATAH","jenjang":"TK","n200":0,"n500":1,"dmin":477.0},"geometry":{"type":"Point","coordinates":[110.4492,-6.9573]}},{"type":"Feature","properties":{"nama":"TK BINA HARAPAN BANGSA","jenjang":"TK","n200":0,"n500":7,"dmin":276.0},"geometry":{"type":"Point","coordinates":[110.4442,-6.9629]}},{"type":"Feature","properties":{"nama":"RA/BA/TA Citra Bangsa","jenjang":"TK","n200":0,"n500":0,"dmin":526.0},"geometry":{"type":"Point","coordinates":[110.4701,-6.9777]}},{"type":"Feature","properties":{"nama":"TPA MUTIARA HIKMAH","jenjang":"TK","n200":0,"n500":5,"dmin":231.0},"geometry":{"type":"Point","coordinates":[110.464751,-7.05905]}},{"type":"Feature","properties":{"nama":"TK TUNAS MULIA","jenjang":"TK","n200":0,"n500":2,"dmin":305.0},"geometry":{"type":"Point","coordinates":[110.4138,-7.0125]}},{"type":"Feature","properties":{"nama":"KB BINA MUTIARA HATI","jenjang":"TK","n200":0,"n500":0,"dmin":809.0},"geometry":{"type":"Point","coordinates":[110.358,-6.977]}},{"type":"Feature","properties":{"nama":"POS PAUD HARAPAN BANGSA","jenjang":"TK","n200":0,"n500":1,"dmin":488.0},"geometry":{"type":"Point","coordinates":[110.4716,-7.0694]}},{"type":"Feature","properties":{"nama":"POS PAUD HARAPAN BANGSA","jenjang":"TK","n200":0,"n500":4,"dmin":212.0},"geometry":{"type":"Point","coordinates":[110.4288,-7.0112]}},{"type":"Feature","properties":{"nama":"POS PAUD TUNAS CEMPAKA","jenjang":"TK","n200":0,"n500":1,"dmin":466.0},"geometry":{"type":"Point","coordinates":[110.449759,-6.96741]}},{"type":"Feature","properties":{"nama":"POS PAUD TUNAS NUSANTARA","jenjang":"TK","n200":0,"n500":4,"dmin":381.0},"geometry":{"type":"Point","coordinates":[110.387895,-6.981494]}},{"type":"Feature","properties":{"nama":"Akademi Enterpreneurship Terang Bangsa","jenjang":"PT","n200":0,"n500":0,"dmin":1016.0},"geometry":{"type":"Point","coordinates":[110.392709,-6.954718]}},{"type":"Feature","properties":{"nama":"Universitas Diponegoro","jenjang":"PT","n200":0,"n500":0,"dmin":512.0},"geometry":{"type":"Point","coordinates":[110.440892,-7.051963]}},{"type":"Feature","properties":{"nama":"PAUD Cabe Rawit","jenjang":"TK","n200":0,"n500":4,"dmin":379.0},"geometry":{"type":"Point","coordinates":[110.452977,-6.995669]}},{"type":"Feature","properties":{"nama":"TK Kuncup Melati","jenjang":"TK","n200":0,"n500":14,"dmin":214.0},"geometry":{"type":"Point","coordinates":[110.427299,-6.973841]}},{"type":"Feature","properties":{"nama":"PAUD Labschool UNNES","jenjang":"TK","n200":0,"n500":7,"dmin":217.0},"geometry":{"type":"Point","coordinates":[110.388397,-7.013057]}},{"type":"Feature","properties":{"nama":"Paud Bringin Asri","jenjang":"TK","n200":0,"n500":0,"dmin":1222.0},"geometry":{"type":"Point","coordinates":[110.381005,-7.063614]}},{"type":"Feature","properties":{"nama":"Pos PAUD Kartini Sukses","jenjang":"TK","n200":0,"n500":0,"dmin":537.0},"geometry":{"type":"Point","coordinates":[110.353601,-7.002303]}},{"type":"Feature","properties":{"nama":"TK Islam Rohmaniyyah","jenjang":"TK","n200":0,"n500":0,"dmin":664.0},"geometry":{"type":"Point","coordinates":[110.50326,-6.972195]}},{"type":"Feature","properties":{"nama":"Pos PAUD Kenanga","jenjang":"TK","n200":0,"n500":1,"dmin":441.0},"geometry":{"type":"Point","coordinates":[110.427644,-7.087206]}},{"type":"Feature","properties":{"nama":"PAUD Al Muttaqin","jenjang":"TK","n200":0,"n500":1,"dmin":298.0},"geometry":{"type":"Point","coordinates":[110.327503,-7.003867]}},{"type":"Feature","properties":{"nama":"Pos PAUD Permata Bunda","jenjang":"TK","n200":0,"n500":1,"dmin":414.0},"geometry":{"type":"Point","coordinates":[110.307526,-6.975166]}},{"type":"Feature","properties":{"nama":"SD Negeri Kuningan 01","jenjang":"SD","n200":0,"n500":3,"dmin":346.0},"geometry":{"type":"Point","coordinates":[110.418034,-6.962384]}},{"type":"Feature","properties":{"nama":"SD Negeri Karangrejo 02","jenjang":"SD","n200":0,"n500":2,"dmin":331.0},"geometry":{"type":"Point","coordinates":[110.417132,-7.024858]}},{"type":"Feature","properties":{"nama":"TK Santa Ursula","jenjang":"TK","n200":0,"n500":3,"dmin":302.0},"geometry":{"type":"Point","coordinates":[110.382582,-7.018535]}},{"type":"Feature","properties":{"nama":"TK Kemala Bhayangkara 05","jenjang":"TK","n200":0,"n500":8,"dmin":205.0},"geometry":{"type":"Point","coordinates":[110.405825,-6.994912]}},{"type":"Feature","properties":{"nama":"TK Nurul Hidayah","jenjang":"TK","n200":0,"n500":7,"dmin":272.0},"geometry":{"type":"Point","coordinates":[110.383741,-6.993421]}},{"type":"Feature","properties":{"nama":"PAUD Bintang Kecil","jenjang":"TK","n200":0,"n500":1,"dmin":426.0},"geometry":{"type":"Point","coordinates":[110.37089,-7.00525]}},{"type":"Feature","properties":{"nama":"TK Islam Terpadu Bintang Kecil","jenjang":"TK","n200":0,"n500":12,"dmin":224.0},"geometry":{"type":"Point","coordinates":[110.404526,-6.976706]}},{"type":"Feature","properties":{"nama":"Pos PAUD Mekar Sari","jenjang":"TK","n200":0,"n500":5,"dmin":217.0},"geometry":{"type":"Point","coordinates":[110.444094,-7.008856]}},{"type":"Feature","properties":{"nama":"PAUD Al- Hidayah","jenjang":"TK","n200":0,"n500":0,"dmin":645.0},"geometry":{"type":"Point","coordinates":[110.433771,-6.956163]}},{"type":"Feature","properties":{"nama":"MA Al Khoiriyah","jenjang":"SMA","n200":0,"n500":2,"dmin":296.0},"geometry":{"type":"Point","coordinates":[110.406193,-6.984651]}},{"type":"Feature","properties":{"nama":"MI & RA Bhakti Kebonharjo","jenjang":"TK","n200":0,"n500":3,"dmin":362.0},"geometry":{"type":"Point","coordinates":[110.42849,-6.961034]}},{"type":"Feature","properties":{"nama":"SDIT Bina Insani","jenjang":"SD","n200":0,"n500":0,"dmin":592.0},"geometry":{"type":"Point","coordinates":[110.423067,-7.056352]}},{"type":"Feature","properties":{"nama":"TK Santo Vinsensius","jenjang":"TK","n200":0,"n500":7,"dmin":277.0},"geometry":{"type":"Point","coordinates":[110.411395,-7.102436]}},{"type":"Feature","properties":{"nama":"PAUD Nurul Quran","jenjang":"TK","n200":0,"n500":3,"dmin":291.0},"geometry":{"type":"Point","coordinates":[110.416015,-7.077577]}},{"type":"Feature","properties":{"nama":"PAUD Walisongo","jenjang":"TK","n200":0,"n500":1,"dmin":233.0},"geometry":{"type":"Point","coordinates":[110.489706,-6.994684]}},{"type":"Feature","properties":{"nama":"MI Nurul Huda","jenjang":"SD","n200":0,"n500":2,"dmin":444.0},"geometry":{"type":"Point","coordinates":[110.461048,-7.044984]}},{"type":"Feature","properties":{"nama":"PAUD Tunas Bangsa","jenjang":"TK","n200":0,"n500":3,"dmin":435.0},"geometry":{"type":"Point","coordinates":[110.291678,-6.97303]}},{"type":"Feature","properties":{"nama":"SD Negeri Ngaliyan 04","jenjang":"SD","n200":0,"n500":0,"dmin":1505.0},"geometry":{"type":"Point","coordinates":[110.352175,-7.014513]}},{"type":"Feature","properties":{"nama":"KB, TK Ar-Rahmah","jenjang":"TK","n200":0,"n500":0,"dmin":2544.0},"geometry":{"type":"Point","coordinates":[110.293785,-7.011367]}},{"type":"Feature","properties":{"nama":"PAUD Cempaka","jenjang":"TK","n200":0,"n500":7,"dmin":306.0},"geometry":{"type":"Point","coordinates":[110.420711,-7.002851]}},{"type":"Feature","properties":{"nama":"Playgroup Aisyiyah","jenjang":"TK","n200":0,"n500":7,"dmin":282.0},"geometry":{"type":"Point","coordinates":[110.42081,-7.002123]}},{"type":"Feature","properties":{"nama":"SD Negeri Tegalsari 03","jenjang":"SD","n200":0,"n500":5,"dmin":304.0},"geometry":{"type":"Point","coordinates":[110.422653,-7.003275]}},{"type":"Feature","properties":{"nama":"RA Tanwirul Qulub","jenjang":"TK","n200":0,"n500":1,"dmin":351.0},"geometry":{"type":"Point","coordinates":[110.491938,-6.98997]}},{"type":"Feature","properties":{"nama":"PAUD Jati Asih","jenjang":"TK","n200":0,"n500":0,"dmin":601.0},"geometry":{"type":"Point","coordinates":[110.293993,-6.977683]}},{"type":"Feature","properties":{"nama":"SD Negeri Panggung Lor","jenjang":"SD","n200":0,"n500":0,"dmin":653.0},"geometry":{"type":"Point","coordinates":[110.401583,-6.959017]}},{"type":"Feature","properties":{"nama":"SMP Negeri 01 Semarang","jenjang":"SMP","n200":0,"n500":4,"dmin":281.0},"geometry":{"type":"Point","coordinates":[110.388609,-6.980932]}},{"type":"Feature","properties":{"nama":"SD-SMP Kristen 1 YSKI","jenjang":"SMP","n200":0,"n500":5,"dmin":296.0},"geometry":{"type":"Point","coordinates":[110.43436,-6.997193]}},{"type":"Feature","properties":{"nama":"SD Negeri Candi 02","jenjang":"SD","n200":0,"n500":2,"dmin":255.0},"geometry":{"type":"Point","coordinates":[110.42768,-7.014973]}},{"type":"Feature","properties":{"nama":"PAUD Stroberi","jenjang":"TK","n200":0,"n500":2,"dmin":225.0},"geometry":{"type":"Point","coordinates":[110.486373,-6.982643]}},{"type":"Feature","properties":{"nama":"SD Negeri Bandarharjo 01","jenjang":"SD","n200":0,"n500":2,"dmin":340.0},"geometry":{"type":"Point","coordinates":[110.42091,-6.962291]}},{"type":"Feature","properties":{"nama":"PAUD Harapan Bangsa","jenjang":"TK","n200":0,"n500":0,"dmin":1582.0},"geometry":{"type":"Point","coordinates":[110.449361,-7.084496]}},{"type":"Feature","properties":{"nama":"TK Pertiwi 31","jenjang":"TK","n200":0,"n500":0,"dmin":1364.0},"geometry":{"type":"Point","coordinates":[110.36977,-7.098391]}},{"type":"Feature","properties":{"nama":"TK Pertiwi 06 & PAUD Nurul Iman","jenjang":"TK","n200":0,"n500":0,"dmin":820.0},"geometry":{"type":"Point","coordinates":[110.384972,-7.104519]}},{"type":"Feature","properties":{"nama":"RA Nurus Syuja","jenjang":"TK","n200":0,"n500":2,"dmin":268.0},"geometry":{"type":"Point","coordinates":[110.446289,-7.003845]}},{"type":"Feature","properties":{"nama":"SD Kusuma Bakti","jenjang":"SD","n200":0,"n500":0,"dmin":587.0},"geometry":{"type":"Point","coordinates":[110.429286,-6.959115]}},{"type":"Feature","properties":{"nama":"TK Al Hikmah","jenjang":"TK","n200":0,"n500":3,"dmin":330.0},"geometry":{"type":"Point","coordinates":[110.376707,-6.983339]}},{"type":"Feature","properties":{"nama":"PAUD Taman Kanak-Kanak Amanah Al Kafalah","jenjang":"TK","n200":0,"n500":4,"dmin":218.0},"geometry":{"type":"Point","coordinates":[110.467664,-7.01375]}},{"type":"Feature","properties":{"nama":"TK Marsudisiwi 02","jenjang":"TK","n200":0,"n500":5,"dmin":251.0},"geometry":{"type":"Point","coordinates":[110.412359,-7.100043]}},{"type":"Feature","properties":{"nama":"Pos PAUD Tunas Harapan","jenjang":"TK","n200":0,"n500":3,"dmin":203.0},"geometry":{"type":"Point","coordinates":[110.478504,-7.023096]}},{"type":"Feature","properties":{"nama":"PAUD Zahra Alesha","jenjang":"TK","n200":0,"n500":6,"dmin":237.0},"geometry":{"type":"Point","coordinates":[110.470115,-7.00567]}},{"type":"Feature","properties":{"nama":"MA Husnul Khatimah","jenjang":"SMA","n200":0,"n500":0,"dmin":760.0},"geometry":{"type":"Point","coordinates":[110.482263,-7.061474]}},{"type":"Feature","properties":{"nama":"KB-TK Alam Terpadu Sang Pemimpi","jenjang":"TK","n200":0,"n500":1,"dmin":333.0},"geometry":{"type":"Point","coordinates":[110.319041,-7.099159]}},{"type":"Feature","properties":{"nama":"MI Al - Islam Mangunsari 01","jenjang":"SD","n200":0,"n500":0,"dmin":999.0},"geometry":{"type":"Point","coordinates":[110.375608,-7.088298]}},{"type":"Feature","properties":{"nama":"SD Kanisius","jenjang":"SD","n200":0,"n500":5,"dmin":204.0},"geometry":{"type":"Point","coordinates":[110.45433,-6.97978]}},{"type":"Feature","properties":{"nama":"PAUD Cahaya Mandiri","jenjang":"TK","n200":0,"n500":1,"dmin":493.0},"geometry":{"type":"Point","coordinates":[110.490119,-6.954962]}},{"type":"Feature","properties":{"nama":"RA Perwanida 02","jenjang":"TK","n200":0,"n500":6,"dmin":234.0},"geometry":{"type":"Point","coordinates":[110.421485,-7.076582]}},{"type":"Feature","properties":{"nama":"TK Setya Bakti","jenjang":"TK","n200":0,"n500":0,"dmin":720.0},"geometry":{"type":"Point","coordinates":[110.446606,-7.018735]}},{"type":"Feature","properties":{"nama":"SD Negeri Pakintelan 02","jenjang":"SD","n200":0,"n500":0,"dmin":723.0},"geometry":{"type":"Point","coordinates":[110.395672,-7.09555]}},{"type":"Feature","properties":{"nama":"MTS-MA Al Hidayah","jenjang":"SMA","n200":0,"n500":0,"dmin":806.0},"geometry":{"type":"Point","coordinates":[110.373258,-7.033131]}},{"type":"Feature","properties":{"nama":"SD-SMP Islam Terpadu Hidayatullah","jenjang":"SMP","n200":0,"n500":0,"dmin":946.0},"geometry":{"type":"Point","coordinates":[110.343937,-7.056925]}},{"type":"Feature","properties":{"nama":"TK Islam Terpadu Baithulsallam","jenjang":"TK","n200":0,"n500":1,"dmin":255.0},"geometry":{"type":"Point","coordinates":[110.307576,-7.056501]}},{"type":"Feature","properties":{"nama":"TK Negeri Bagetayu Wetan","jenjang":"TK","n200":0,"n500":3,"dmin":258.0},"geometry":{"type":"Point","coordinates":[110.48579,-6.983024]}},{"type":"Feature","properties":{"nama":"MI Tanwirul Qulub","jenjang":"SD","n200":0,"n500":1,"dmin":328.0},"geometry":{"type":"Point","coordinates":[110.492023,-6.990225]}},{"type":"Feature","properties":{"nama":"SD Negeri Purwoyoso 04","jenjang":"SD","n200":0,"n500":4,"dmin":272.0},"geometry":{"type":"Point","coordinates":[110.364149,-6.994828]}},{"type":"Feature","properties":{"nama":"PG, TK Modern Tadika Puri","jenjang":"TK","n200":0,"n500":3,"dmin":379.0},"geometry":{"type":"Point","coordinates":[110.350607,-6.992862]}},{"type":"Feature","properties":{"nama":"SD Negeri Sendangmulyo 04","jenjang":"SD","n200":0,"n500":4,"dmin":220.0},"geometry":{"type":"Point","coordinates":[110.480536,-7.042845]}},{"type":"Feature","properties":{"nama":"SMP Islam Terpadu Bina Insani","jenjang":"SMP","n200":0,"n500":0,"dmin":768.0},"geometry":{"type":"Point","coordinates":[110.354078,-7.085282]}},{"type":"Feature","properties":{"nama":"SMK Veteran Semarang","jenjang":"SMA","n200":0,"n500":2,"dmin":384.0},"geometry":{"type":"Point","coordinates":[110.458292,-7.019676]}},{"type":"Feature","properties":{"nama":"Pos PAUD Al Karomah","jenjang":"TK","n200":0,"n500":0,"dmin":1260.0},"geometry":{"type":"Point","coordinates":[110.307439,-6.998951]}},{"type":"Feature","properties":{"nama":"SD Negeri Wates 01","jenjang":"SD","n200":0,"n500":4,"dmin":271.0},"geometry":{"type":"Point","coordinates":[110.335485,-7.017333]}},{"type":"Feature","properties":{"nama":"MI Miftahul Ulum 02","jenjang":"SD","n200":0,"n500":0,"dmin":828.0},"geometry":{"type":"Point","coordinates":[110.482528,-7.06248]}},{"type":"Feature","properties":{"nama":"MI Islamyiah","jenjang":"SD","n200":0,"n500":0,"dmin":2549.0},"geometry":{"type":"Point","coordinates":[110.293355,-7.007602]}},{"type":"Feature","properties":{"nama":"SMP Negeri 17 Semarang","jenjang":"SMP","n200":0,"n500":1,"dmin":407.0},"geometry":{"type":"Point","coordinates":[110.434381,-7.028195]}},{"type":"Feature","properties":{"nama":"PAUD Ananda","jenjang":"TK","n200":0,"n500":3,"dmin":394.0},"geometry":{"type":"Point","coordinates":[110.474109,-7.04723]}},{"type":"Feature","properties":{"nama":"KB, TK Taman Ilmu","jenjang":"TK","n200":0,"n500":1,"dmin":477.0},"geometry":{"type":"Point","coordinates":[110.326326,-7.002064]}},{"type":"Feature","properties":{"nama":"Yayasan Pendidikan Budi Mulya ( TK SD Bhinneka)","jenjang":"TK","n200":0,"n500":4,"dmin":306.0},"geometry":{"type":"Point","coordinates":[110.412003,-6.959745]}},{"type":"Feature","properties":{"nama":"KB, TK Al Hikmah","jenjang":"TK","n200":0,"n500":3,"dmin":277.0},"geometry":{"type":"Point","coordinates":[110.410398,-6.956963]}},{"type":"Feature","properties":{"nama":"RA Sedayu Indah","jenjang":"TK","n200":0,"n500":8,"dmin":250.0},"geometry":{"type":"Point","coordinates":[110.483098,-6.979674]}},{"type":"Feature","properties":{"nama":"TK Tunas Kekancan Mukti","jenjang":"TK","n200":0,"n500":1,"dmin":301.0},"geometry":{"type":"Point","coordinates":[110.475791,-7.003881]}},{"type":"Feature","properties":{"nama":"TK Fatimah Az Zahra","jenjang":"TK","n200":0,"n500":1,"dmin":304.0},"geometry":{"type":"Point","coordinates":[110.480412,-6.990875]}},{"type":"Feature","properties":{"nama":"SDIT Al Mawaddah","jenjang":"SD","n200":0,"n500":4,"dmin":234.0},"geometry":{"type":"Point","coordinates":[110.457899,-6.976425]}},{"type":"Feature","properties":{"nama":"TK Miftahul Huda","jenjang":"TK","n200":0,"n500":6,"dmin":265.0},"geometry":{"type":"Point","coordinates":[110.462018,-6.987783]}},{"type":"Feature","properties":{"nama":"SDLB- C1 WIDYA BHAKTI","jenjang":"SLB","n200":0,"n500":3,"dmin":335.0},"geometry":{"type":"Point","coordinates":[110.4679,-7.0187]}},{"type":"Feature","properties":{"nama":"SMA KRISTEN TERANG BANGSA","jenjang":"PT","n200":0,"n500":0,"dmin":1013.0},"geometry":{"type":"Point","coordinates":[110.3925,-6.9547]}},{"type":"Feature","properties":{"nama":"SMA KRISTA MITRA","jenjang":"PT","n200":0,"n500":1,"dmin":214.0},"geometry":{"type":"Point","coordinates":[110.3885,-6.9635]}},{"type":"Feature","properties":{"nama":"SMK NEGERI 06","jenjang":"PT","n200":0,"n500":11,"dmin":262.0},"geometry":{"type":"Point","coordinates":[110.4334,-6.9891]}},{"type":"Feature","properties":{"nama":"MA AL BURHAN","jenjang":"PT","n200":0,"n500":0,"dmin":611.0},"geometry":{"type":"Point","coordinates":[110.4133,-7.0524]}},{"type":"Feature","properties":{"nama":"RA/BA/TA NURUL HUDA","jenjang":"TK","n200":0,"n500":3,"dmin":338.0},"geometry":{"type":"Point","coordinates":[110.4587,-7.0436]}},{"type":"Feature","properties":{"nama":"RA/BA/TA AL AMIN","jenjang":"TK","n200":0,"n500":0,"dmin":830.0},"geometry":{"type":"Point","coordinates":[110.410757,-7.049214]}},{"type":"Feature","properties":{"nama":"RA AL HIKMAH","jenjang":"TK","n200":0,"n500":2,"dmin":464.0},"geometry":{"type":"Point","coordinates":[110.3354,-7.0899]}},{"type":"Feature","properties":{"nama":"TK PERTIWI JAMBUDESA","jenjang":"TK","n200":0,"n500":2,"dmin":413.0},"geometry":{"type":"Point","coordinates":[110.4111,-7.0175]}},{"type":"Feature","properties":{"nama":"KB MIFTAKHUL JANNAH","jenjang":"TK","n200":0,"n500":3,"dmin":284.0},"geometry":{"type":"Point","coordinates":[110.4516,-7.0066]}},{"type":"Feature","properties":{"nama":"POS PAUD MAWAR PUTIH","jenjang":"TK","n200":0,"n500":1,"dmin":281.0},"geometry":{"type":"Point","coordinates":[110.405861,-7.008573]}},{"type":"Feature","properties":{"nama":"TKIT BUNAYYA","jenjang":"TK","n200":0,"n500":6,"dmin":227.0},"geometry":{"type":"Point","coordinates":[110.426306,-7.025494]}},{"type":"Feature","properties":{"nama":"TK AL HIDAYAH 06","jenjang":"TK","n200":0,"n500":0,"dmin":727.0},"geometry":{"type":"Point","coordinates":[110.439427,-7.019196]}},{"type":"Feature","properties":{"nama":"TK INKLUSI FUN & PLAY","jenjang":"TK","n200":0,"n500":2,"dmin":312.0},"geometry":{"type":"Point","coordinates":[110.421374,-7.034895]}},{"type":"Feature","properties":{"nama":"RA Al Wathoniyah","jenjang":"TK","n200":0,"n500":3,"dmin":356.0},"geometry":{"type":"Point","coordinates":[110.423175,-6.969721]}},{"type":"Feature","properties":{"nama":"POS PAUD DAHLIA","jenjang":"TK","n200":0,"n500":0,"dmin":807.0},"geometry":{"type":"Point","coordinates":[110.38211,-7.067833]}},{"type":"Feature","properties":{"nama":"Akademi Farmasi Nusaputera Semarang","jenjang":"PT","n200":0,"n500":6,"dmin":312.0},"geometry":{"type":"Point","coordinates":[110.388268,-6.983912]}},{"type":"Feature","properties":{"nama":"Politeknik Maritim Negeri Indonesia","jenjang":"PT","n200":0,"n500":2,"dmin":309.0},"geometry":{"type":"Point","coordinates":[110.398799,-7.017765]}},{"type":"Feature","properties":{"nama":"SMA Daniel Creative Semarang","jenjang":"PT","n200":0,"n500":0,"dmin":590.0},"geometry":{"type":"Point","coordinates":[110.399154,-6.963564]}},{"type":"Feature","properties":{"nama":"KB BINA BANGSA","jenjang":"TK","n200":0,"n500":1,"dmin":412.0},"geometry":{"type":"Point","coordinates":[110.4301,-7.0321]}},{"type":"Feature","properties":{"nama":"TK Darus Salam","jenjang":"TK","n200":0,"n500":2,"dmin":416.0},"geometry":{"type":"Point","coordinates":[110.479382,-7.013354]}},{"type":"Feature","properties":{"nama":"Pos PAUD Putra Angkasa","jenjang":"TK","n200":0,"n500":1,"dmin":229.0},"geometry":{"type":"Point","coordinates":[110.373368,-6.994637]}},{"type":"Feature","properties":{"nama":"PAUD Suryo Kusumo","jenjang":"TK","n200":0,"n500":2,"dmin":404.0},"geometry":{"type":"Point","coordinates":[110.465877,-6.977163]}},{"type":"Feature","properties":{"nama":"PAUD Mutiara Bunda","jenjang":"TK","n200":0,"n500":3,"dmin":319.0},"geometry":{"type":"Point","coordinates":[110.326559,-6.986885]}},{"type":"Feature","properties":{"nama":"TK Pertiwi 27","jenjang":"TK","n200":0,"n500":2,"dmin":331.0},"geometry":{"type":"Point","coordinates":[110.41116,-7.010817]}},{"type":"Feature","properties":{"nama":"TK Aisyiyah Bustanul Athfal 16","jenjang":"TK","n200":0,"n500":10,"dmin":239.0},"geometry":{"type":"Point","coordinates":[110.40854,-6.966378]}},{"type":"Feature","properties":{"nama":"TK Muslimat NU Tarbiyatul - Athfal 19","jenjang":"TK","n200":0,"n500":14,"dmin":234.0},"geometry":{"type":"Point","coordinates":[110.425574,-6.973503]}},{"type":"Feature","properties":{"nama":"PAUD Islam Oryza Sativa","jenjang":"TK","n200":0,"n500":5,"dmin":256.0},"geometry":{"type":"Point","coordinates":[110.386307,-7.001403]}},{"type":"Feature","properties":{"nama":"SD Negeri Tegalsari 02","jenjang":"SD","n200":0,"n500":2,"dmin":412.0},"geometry":{"type":"Point","coordinates":[110.422597,-7.005734]}},{"type":"Feature","properties":{"nama":"SD Sekayu","jenjang":"SD","n200":0,"n500":10,"dmin":242.0},"geometry":{"type":"Point","coordinates":[110.414234,-6.98237]}},{"type":"Feature","properties":{"nama":"TK PGRI 74","jenjang":"TK","n200":0,"n500":0,"dmin":817.0},"geometry":{"type":"Point","coordinates":[110.417607,-7.037508]}},{"type":"Feature","properties":{"nama":"PG-TKIT Bina Insani","jenjang":"TK","n200":0,"n500":0,"dmin":596.0},"geometry":{"type":"Point","coordinates":[110.422919,-7.056232]}},{"type":"Feature","properties":{"nama":"PAUD Bunga","jenjang":"TK","n200":0,"n500":0,"dmin":829.0},"geometry":{"type":"Point","coordinates":[110.442596,-7.043786]}},{"type":"Feature","properties":{"nama":"Paud, TK Theresiana 1","jenjang":"TK","n200":0,"n500":12,"dmin":216.0},"geometry":{"type":"Point","coordinates":[110.427039,-6.986477]}},{"type":"Feature","properties":{"nama":"MI Iftahul Ulum","jenjang":"SD","n200":0,"n500":5,"dmin":323.0},"geometry":{"type":"Point","coordinates":[110.457037,-7.026958]}},{"type":"Feature","properties":{"nama":"SD Negeri Pandean Lamper 05","jenjang":"SD","n200":0,"n500":10,"dmin":206.0},"geometry":{"type":"Point","coordinates":[110.445746,-6.992012]}},{"type":"Feature","properties":{"nama":"TK PGRI 34 Gayamsari","jenjang":"TK","n200":0,"n500":3,"dmin":413.0},"geometry":{"type":"Point","coordinates":[110.451575,-7.00223]}},{"type":"Feature","properties":{"nama":"MTS Al-Azhari","jenjang":"SMP","n200":0,"n500":0,"dmin":1149.0},"geometry":{"type":"Point","coordinates":[110.499965,-6.987474]}},{"type":"Feature","properties":{"nama":"SD Negeri Sawah Besar 02","jenjang":"SD","n200":0,"n500":4,"dmin":328.0},"geometry":{"type":"Point","coordinates":[110.447183,-6.970263]}},{"type":"Feature","properties":{"nama":"TK Pertiwi 26","jenjang":"TK","n200":0,"n500":1,"dmin":497.0},"geometry":{"type":"Point","coordinates":[110.35154,-7.072481]}},{"type":"Feature","properties":{"nama":"PAUD Melati Indah","jenjang":"TK","n200":0,"n500":0,"dmin":647.0},"geometry":{"type":"Point","coordinates":[110.469031,-6.984852]}},{"type":"Feature","properties":{"nama":"PAUD Anak Bangsa VII","jenjang":"TK","n200":0,"n500":2,"dmin":325.0},"geometry":{"type":"Point","coordinates":[110.452627,-7.018781]}},{"type":"Feature","properties":{"nama":"PAUD TPQ An Nur","jenjang":"TK","n200":0,"n500":3,"dmin":494.0},"geometry":{"type":"Point","coordinates":[110.331514,-6.974349]}},{"type":"Feature","properties":{"nama":"RA Hiyal 'Ulya","jenjang":"TK","n200":0,"n500":1,"dmin":455.0},"geometry":{"type":"Point","coordinates":[110.457938,-6.970305]}},{"type":"Feature","properties":{"nama":"TK PGRI 76","jenjang":"TK","n200":0,"n500":2,"dmin":460.0},"geometry":{"type":"Point","coordinates":[110.409356,-7.061245]}},{"type":"Feature","properties":{"nama":"PAUD Tunas Bangsa V","jenjang":"TK","n200":0,"n500":2,"dmin":395.0},"geometry":{"type":"Point","coordinates":[110.449108,-7.008887]}},{"type":"Feature","properties":{"nama":"PAUD Sunu Aji 03","jenjang":"TK","n200":0,"n500":5,"dmin":302.0},"geometry":{"type":"Point","coordinates":[110.45796,-7.026086]}},{"type":"Feature","properties":{"nama":"Pos PAUD Ngudi Lestari","jenjang":"TK","n200":0,"n500":4,"dmin":327.0},"geometry":{"type":"Point","coordinates":[110.413895,-7.033099]}},{"type":"Feature","properties":{"nama":"TK Setia Nanda","jenjang":"TK","n200":0,"n500":5,"dmin":297.0},"geometry":{"type":"Point","coordinates":[110.380862,-7.014469]}},{"type":"Feature","properties":{"nama":"TK Islam Al Kautsar","jenjang":"TK","n200":0,"n500":5,"dmin":236.0},"geometry":{"type":"Point","coordinates":[110.395771,-6.97931]}},{"type":"Feature","properties":{"nama":"SD Muhammadiyah 07","jenjang":"SD","n200":0,"n500":8,"dmin":202.0},"geometry":{"type":"Point","coordinates":[110.397981,-6.982637]}},{"type":"Feature","properties":{"nama":"MI Baiturrahim","jenjang":"SD","n200":0,"n500":3,"dmin":248.0},"geometry":{"type":"Point","coordinates":[110.445325,-7.014037]}},{"type":"Feature","properties":{"nama":"TK Satria Tama","jenjang":"TK","n200":0,"n500":6,"dmin":214.0},"geometry":{"type":"Point","coordinates":[110.440531,-6.957263]}},{"type":"Feature","properties":{"nama":"PAUD Al Madani","jenjang":"TK","n200":0,"n500":4,"dmin":219.0},"geometry":{"type":"Point","coordinates":[110.40361,-6.985637]}},{"type":"Feature","properties":{"nama":"PAUD Pelita Hati","jenjang":"TK","n200":0,"n500":7,"dmin":295.0},"geometry":{"type":"Point","coordinates":[110.436204,-7.054002]}},{"type":"Feature","properties":{"nama":"PAUD Permata Bangsa","jenjang":"TK","n200":0,"n500":4,"dmin":354.0},"geometry":{"type":"Point","coordinates":[110.414073,-7.078528]}},{"type":"Feature","properties":{"nama":"PAUD Al Azhar","jenjang":"TK","n200":0,"n500":10,"dmin":211.0},"geometry":{"type":"Point","coordinates":[110.420218,-7.06786]}},{"type":"Feature","properties":{"nama":"TK Pertiwi 17","jenjang":"TK","n200":0,"n500":1,"dmin":356.0},"geometry":{"type":"Point","coordinates":[110.48782,-7.009587]}},{"type":"Feature","properties":{"nama":"TK Tunas Mulia","jenjang":"TK","n200":0,"n500":1,"dmin":351.0},"geometry":{"type":"Point","coordinates":[110.405527,-7.013433]}},{"type":"Feature","properties":{"nama":"KB - TK- SBB Pelangi Nusantara","jenjang":"TK","n200":0,"n500":0,"dmin":586.0},"geometry":{"type":"Point","coordinates":[110.386808,-7.026643]}},{"type":"Feature","properties":{"nama":"SD Karang Turi","jenjang":"SD","n200":0,"n500":8,"dmin":205.0},"geometry":{"type":"Point","coordinates":[110.432207,-6.988466]}},{"type":"Feature","properties":{"nama":"Pelita Hari Montessori School","jenjang":"TK","n200":0,"n500":4,"dmin":301.0},"geometry":{"type":"Point","coordinates":[110.418167,-6.998691]}},{"type":"Feature","properties":{"nama":"MI Gebang Anom","jenjang":"SD","n200":0,"n500":5,"dmin":246.0},"geometry":{"type":"Point","coordinates":[110.433091,-6.976425]}},{"type":"Feature","properties":{"nama":"SD Negeri Tambakrejo 03","jenjang":"SD","n200":0,"n500":1,"dmin":405.0},"geometry":{"type":"Point","coordinates":[110.447459,-6.955811]}},{"type":"Feature","properties":{"nama":"TK Kartini - KB Lestari","jenjang":"TK","n200":0,"n500":4,"dmin":271.0},"geometry":{"type":"Point","coordinates":[110.416501,-7.032146]}},{"type":"Feature","properties":{"nama":"TK Al Husna","jenjang":"TK","n200":0,"n500":0,"dmin":695.0},"geometry":{"type":"Point","coordinates":[110.489382,-7.004764]}},{"type":"Feature","properties":{"nama":"TK Pertiwi 02","jenjang":"TK","n200":0,"n500":0,"dmin":654.0},"geometry":{"type":"Point","coordinates":[110.364461,-7.068575]}},{"type":"Feature","properties":{"nama":"SMP Setia Nusantara","jenjang":"SMP","n200":0,"n500":5,"dmin":336.0},"geometry":{"type":"Point","coordinates":[110.424023,-7.075755]}},{"type":"Feature","properties":{"nama":"TK Kemala Bhayangkari 29","jenjang":"TK","n200":0,"n500":2,"dmin":243.0},"geometry":{"type":"Point","coordinates":[110.416431,-7.082484]}},{"type":"Feature","properties":{"nama":"SD Negeri Sukorejo 01","jenjang":"SD","n200":0,"n500":2,"dmin":265.0},"geometry":{"type":"Point","coordinates":[110.379902,-7.019291]}},{"type":"Feature","properties":{"nama":"SD Negeri Muktiharjo Lor","jenjang":"SD","n200":0,"n500":0,"dmin":641.0},"geometry":{"type":"Point","coordinates":[110.457344,-6.967438]}},{"type":"Feature","properties":{"nama":"TK Diponegoro","jenjang":"TK","n200":0,"n500":3,"dmin":297.0},"geometry":{"type":"Point","coordinates":[110.407513,-7.07789]}},{"type":"Feature","properties":{"nama":"TK Mardi Putra","jenjang":"TK","n200":0,"n500":3,"dmin":283.0},"geometry":{"type":"Point","coordinates":[110.413417,-7.078513]}},{"type":"Feature","properties":{"nama":"SD Negeri Patemon 02","jenjang":"SD","n200":0,"n500":0,"dmin":592.0},"geometry":{"type":"Point","coordinates":[110.399962,-7.067914]}},{"type":"Feature","properties":{"nama":"KB - TK Pertiwi 49","jenjang":"TK","n200":0,"n500":2,"dmin":367.0},"geometry":{"type":"Point","coordinates":[110.383472,-7.071615]}},{"type":"Feature","properties":{"nama":"SD Negeri Gedawang 02","jenjang":"SD","n200":0,"n500":0,"dmin":706.0},"geometry":{"type":"Point","coordinates":[110.428959,-7.083755]}},{"type":"Feature","properties":{"nama":"SMP Negeri 33 Semarang","jenjang":"SMP","n200":0,"n500":2,"dmin":380.0},"geometry":{"type":"Point","coordinates":[110.463986,-7.045795]}},{"type":"Feature","properties":{"nama":"SD Negeri Gemah","jenjang":"SD","n200":0,"n500":5,"dmin":242.0},"geometry":{"type":"Point","coordinates":[110.460215,-7.009482]}},{"type":"Feature","properties":{"nama":"TK Baiti Jannati","jenjang":"TK","n200":0,"n500":2,"dmin":420.0},"geometry":{"type":"Point","coordinates":[110.468529,-6.993616]}},{"type":"Feature","properties":{"nama":"Pos PAUD Kuncup Anggrek","jenjang":"TK","n200":0,"n500":0,"dmin":1836.0},"geometry":{"type":"Point","coordinates":[110.313608,-6.956128]}},{"type":"Feature","properties":{"nama":"SD Negeri Tlogosari Kulon 05","jenjang":"SD","n200":0,"n500":2,"dmin":268.0},"geometry":{"type":"Point","coordinates":[110.464781,-6.982754]}},{"type":"Feature","properties":{"nama":"RA Ianatusshibyan","jenjang":"TK","n200":0,"n500":3,"dmin":267.0},"geometry":{"type":"Point","coordinates":[110.297057,-6.970408]}},{"type":"Feature","properties":{"nama":"PAUD, TK Himawari","jenjang":"TK","n200":0,"n500":2,"dmin":367.0},"geometry":{"type":"Point","coordinates":[110.354794,-6.994041]}},{"type":"Feature","properties":{"nama":"SD Negeri Sadeng 02","jenjang":"SD","n200":0,"n500":0,"dmin":1624.0},"geometry":{"type":"Point","coordinates":[110.365458,-7.039656]}},{"type":"Feature","properties":{"nama":"SD Negeri Mangkang Wetan 01","jenjang":"SD","n200":0,"n500":0,"dmin":1673.0},"geometry":{"type":"Point","coordinates":[110.313152,-6.957603]}},{"type":"Feature","properties":{"nama":"SMP Islam Terpadu Harapan Bunda","jenjang":"SMP","n200":0,"n500":2,"dmin":400.0},"geometry":{"type":"Point","coordinates":[110.488921,-7.01153]}},{"type":"Feature","properties":{"nama":"PAUD-KB-TK Cinta Ananda","jenjang":"TK","n200":0,"n500":2,"dmin":302.0},"geometry":{"type":"Point","coordinates":[110.333218,-7.055973]}},{"type":"Feature","properties":{"nama":"TK dan PAUD Negeri Sendangmulyo","jenjang":"TK","n200":0,"n500":3,"dmin":219.0},"geometry":{"type":"Point","coordinates":[110.481089,-7.042343]}},{"type":"Feature","properties":{"nama":"SD Negeri Tugurejo 02","jenjang":"SD","n200":0,"n500":0,"dmin":722.0},"geometry":{"type":"Point","coordinates":[110.344032,-6.979533]}},{"type":"Feature","properties":{"nama":"PAUD Puspitasari","jenjang":"TK","n200":0,"n500":0,"dmin":1165.0},"geometry":{"type":"Point","coordinates":[110.369174,-7.067318]}},{"type":"Feature","properties":{"nama":"PAUD - TK Nurul Ilmi","jenjang":"TK","n200":0,"n500":3,"dmin":439.0},"geometry":{"type":"Point","coordinates":[110.46317,-7.030145]}},{"type":"Feature","properties":{"nama":"SD Negeri Cepoko","jenjang":"SD","n200":0,"n500":0,"dmin":659.0},"geometry":{"type":"Point","coordinates":[110.352658,-7.073436]}},{"type":"Feature","properties":{"nama":"SD Negeri Kedungpane 01","jenjang":"SD","n200":0,"n500":2,"dmin":287.0},"geometry":{"type":"Point","coordinates":[110.342809,-7.030229]}},{"type":"Feature","properties":{"nama":"SD Islam Imama","jenjang":"SD","n200":0,"n500":3,"dmin":475.0},"geometry":{"type":"Point","coordinates":[110.340884,-7.021945]}},{"type":"Feature","properties":{"nama":"SD Negeri Bringin 02","jenjang":"SD","n200":0,"n500":2,"dmin":246.0},"geometry":{"type":"Point","coordinates":[110.331868,-6.995806]}},{"type":"Feature","properties":{"nama":"MI Husnul Khatimah","jenjang":"SD","n200":0,"n500":0,"dmin":681.0},"geometry":{"type":"Point","coordinates":[110.468729,-7.070261]}},{"type":"Feature","properties":{"nama":"TK Melati","jenjang":"TK","n200":0,"n500":3,"dmin":228.0},"geometry":{"type":"Point","coordinates":[110.498338,-7.025542]}},{"type":"Feature","properties":{"nama":"Daniel Creative School","jenjang":"TK","n200":0,"n500":8,"dmin":240.0},"geometry":{"type":"Point","coordinates":[110.40865,-6.963444]}},{"type":"Feature","properties":{"nama":"TK Tadika Puri","jenjang":"TK","n200":0,"n500":2,"dmin":300.0},"geometry":{"type":"Point","coordinates":[110.474559,-7.005018]}},{"type":"Feature","properties":{"nama":"SMP Negeri 3 Semarang","jenjang":"SMP","n200":0,"n500":14,"dmin":206.0},"geometry":{"type":"Point","coordinates":[110.426739,-6.985199]}},{"type":"Feature","properties":{"nama":"SLB C IMMANUEL","jenjang":"SLB","n200":0,"n500":15,"dmin":257.0},"geometry":{"type":"Point","coordinates":[110.424557,-6.984695]}},{"type":"Feature","properties":{"nama":"SMK NUSA BHAKTI","jenjang":"PT","n200":0,"n500":1,"dmin":355.0},"geometry":{"type":"Point","coordinates":[110.3724,-6.9915]}},{"type":"Feature","properties":{"nama":"SMA NEGERI 02","jenjang":"PT","n200":0,"n500":4,"dmin":204.0},"geometry":{"type":"Point","coordinates":[110.461,-7.0091]}},{"type":"Feature","properties":{"nama":"MAS DARUSSALAM","jenjang":"PT","n200":0,"n500":1,"dmin":499.0},"geometry":{"type":"Point","coordinates":[110.460145,-7.072024]}},{"type":"Feature","properties":{"nama":"MA HUSNUL KHATIMAH","jenjang":"PT","n200":0,"n500":0,"dmin":754.0},"geometry":{"type":"Point","coordinates":[110.4822,-7.0615]}},{"type":"Feature","properties":{"nama":"TK PKK Sambiroto","jenjang":"TK","n200":0,"n500":1,"dmin":492.0},"geometry":{"type":"Point","coordinates":[110.453021,-7.037504]}},{"type":"Feature","properties":{"nama":"SMK IPTEK TUGU SUHARTO","jenjang":"PT","n200":0,"n500":7,"dmin":281.0},"geometry":{"type":"Point","coordinates":[110.4142,-7.0677]}},{"type":"Feature","properties":{"nama":"SMK ASKHABUL KAHFI","jenjang":"PT","n200":0,"n500":2,"dmin":234.0},"geometry":{"type":"Point","coordinates":[110.3363,-7.0951]}},{"type":"Feature","properties":{"nama":"KB THE FIRST DAY CARE","jenjang":"TK","n200":0,"n500":5,"dmin":266.0},"geometry":{"type":"Point","coordinates":[110.4382,-6.9902]}},{"type":"Feature","properties":{"nama":"RA Nurul Huda","jenjang":"TK","n200":0,"n500":0,"dmin":606.0},"geometry":{"type":"Point","coordinates":[110.4895,-6.9777]}},{"type":"Feature","properties":{"nama":"TK CANDI BARU","jenjang":"TK","n200":0,"n500":0,"dmin":671.0},"geometry":{"type":"Point","coordinates":[110.4034,-7.0171]}},{"type":"Feature","properties":{"nama":"KB SHIMA","jenjang":"TK","n200":0,"n500":4,"dmin":323.0},"geometry":{"type":"Point","coordinates":[110.4254,-7.0253]}},{"type":"Feature","properties":{"nama":"KB ISLAM BINTANG JUARA","jenjang":"TK","n200":0,"n500":3,"dmin":234.0},"geometry":{"type":"Point","coordinates":[110.4218,-7.0231]}},{"type":"Feature","properties":{"nama":"KB TAMAN BALITA AL-HIMMAH","jenjang":"TK","n200":0,"n500":5,"dmin":227.0},"geometry":{"type":"Point","coordinates":[110.425603,-7.026738]}},{"type":"Feature","properties":{"nama":"POS PAUD MENUR","jenjang":"TK","n200":0,"n500":4,"dmin":282.0},"geometry":{"type":"Point","coordinates":[110.414766,-7.060948]}},{"type":"Feature","properties":{"nama":"POS PAUD LESTARI III","jenjang":"TK","n200":0,"n500":0,"dmin":667.0},"geometry":{"type":"Point","coordinates":[110.344247,-6.98009]}},{"type":"Feature","properties":{"nama":"TK PGRI 66","jenjang":"TK","n200":0,"n500":2,"dmin":280.0},"geometry":{"type":"Point","coordinates":[110.44835,-6.966375]}},{"type":"Feature","properties":{"nama":"PAUD Sekar Melati Jaya","jenjang":"TK","n200":0,"n500":7,"dmin":271.0},"geometry":{"type":"Point","coordinates":[110.464556,-7.061413]}},{"type":"Feature","properties":{"nama":"KB, TK PGRI 114","jenjang":"TK","n200":0,"n500":5,"dmin":215.0},"geometry":{"type":"Point","coordinates":[110.320796,-7.006119]}},{"type":"Feature","properties":{"nama":"TK Islam Bunga Teratai","jenjang":"TK","n200":0,"n500":3,"dmin":242.0},"geometry":{"type":"Point","coordinates":[110.407838,-7.03136]}},{"type":"Feature","properties":{"nama":"SD Terang Bangsa","jenjang":"SD","n200":0,"n500":0,"dmin":1077.0},"geometry":{"type":"Point","coordinates":[110.395402,-6.955239]}},{"type":"Feature","properties":{"nama":"PAUD, TK Comfort Dolphin Kids","jenjang":"TK","n200":0,"n500":1,"dmin":426.0},"geometry":{"type":"Point","coordinates":[110.369413,-7.007494]}},{"type":"Feature","properties":{"nama":"TK Kartika III","jenjang":"TK","n200":0,"n500":3,"dmin":329.0},"geometry":{"type":"Point","coordinates":[110.420623,-7.030668]}},{"type":"Feature","properties":{"nama":"Dhammasekha Gautama - SD, SMP Kuncup Melati","jenjang":"SMP","n200":0,"n500":14,"dmin":231.0},"geometry":{"type":"Point","coordinates":[110.427194,-6.973726]}},{"type":"Feature","properties":{"nama":"SMK Negeri 4 Semarang","jenjang":"SMA","n200":0,"n500":6,"dmin":214.0},"geometry":{"type":"Point","coordinates":[110.419488,-6.990569]}},{"type":"Feature","properties":{"nama":"Mondial Kindergarten","jenjang":"TK","n200":0,"n500":3,"dmin":361.0},"geometry":{"type":"Point","coordinates":[110.431381,-7.02287]}},{"type":"Feature","properties":{"nama":"TK Aisyiyah","jenjang":"TK","n200":0,"n500":3,"dmin":304.0},"geometry":{"type":"Point","coordinates":[110.424414,-7.011915]}},{"type":"Feature","properties":{"nama":"MI Nurul Huda","jenjang":"SD","n200":0,"n500":1,"dmin":358.0},"geometry":{"type":"Point","coordinates":[110.416855,-6.959322]}},{"type":"Feature","properties":{"nama":"Paud Mutiara","jenjang":"TK","n200":0,"n500":2,"dmin":264.0},"geometry":{"type":"Point","coordinates":[110.437118,-6.953758]}},{"type":"Feature","properties":{"nama":"PAUD Mekar Jaya","jenjang":"TK","n200":0,"n500":0,"dmin":796.0},"geometry":{"type":"Point","coordinates":[110.444573,-7.051647]}},{"type":"Feature","properties":{"nama":"RA Tarbiyatus Syihban","jenjang":"TK","n200":0,"n500":0,"dmin":611.0},"geometry":{"type":"Point","coordinates":[110.485392,-6.993786]}},{"type":"Feature","properties":{"nama":"PAUD Haji Khasanah","jenjang":"TK","n200":0,"n500":3,"dmin":297.0},"geometry":{"type":"Point","coordinates":[110.47912,-7.003336]}},{"type":"Feature","properties":{"nama":"TK Tirta Dharma","jenjang":"TK","n200":0,"n500":7,"dmin":285.0},"geometry":{"type":"Point","coordinates":[110.4025,-7.002082]}},{"type":"Feature","properties":{"nama":"SD-SMP-SMK Kristen Gergaji","jenjang":"SMA","n200":0,"n500":4,"dmin":212.0},"geometry":{"type":"Point","coordinates":[110.413286,-6.994027]}},{"type":"Feature","properties":{"nama":"MTS Negeri 02","jenjang":"SMP","n200":0,"n500":0,"dmin":505.0},"geometry":{"type":"Point","coordinates":[110.44072,-6.964918]}},{"type":"Feature","properties":{"nama":"SMA Negeri 06 Semarang","jenjang":"SMA","n200":0,"n500":4,"dmin":316.0},"geometry":{"type":"Point","coordinates":[110.388743,-6.981631]}},{"type":"Feature","properties":{"nama":"SMP Negeri 37 Semarang","jenjang":"SMP","n200":0,"n500":5,"dmin":316.0},"geometry":{"type":"Point","coordinates":[110.436222,-7.002583]}},{"type":"Feature","properties":{"nama":"KB - TK Al Asror","jenjang":"TK","n200":0,"n500":2,"dmin":384.0},"geometry":{"type":"Point","coordinates":[110.399514,-7.063775]}},{"type":"Feature","properties":{"nama":"Pos PAUD Lestari 3","jenjang":"TK","n200":0,"n500":0,"dmin":711.0},"geometry":{"type":"Point","coordinates":[110.372301,-7.089614]}},{"type":"Feature","properties":{"nama":"RA Al - Ashr","jenjang":"TK","n200":0,"n500":2,"dmin":213.0},"geometry":{"type":"Point","coordinates":[110.408697,-7.012147]}},{"type":"Feature","properties":{"nama":"PAUD Gema Mulya","jenjang":"TK","n200":0,"n500":2,"dmin":217.0},"geometry":{"type":"Point","coordinates":[110.47882,-6.950399]}},{"type":"Feature","properties":{"nama":"TK Masjid Al Falaq","jenjang":"TK","n200":0,"n500":4,"dmin":291.0},"geometry":{"type":"Point","coordinates":[110.420885,-7.089375]}},{"type":"Feature","properties":{"nama":"SD Negeri Karanganyar Gunung 02-03","jenjang":"SD","n200":0,"n500":6,"dmin":235.0},"geometry":{"type":"Point","coordinates":[110.429216,-7.023699]}},{"type":"Feature","properties":{"nama":"TK - RA Bina Mutiara Hati","jenjang":"TK","n200":0,"n500":3,"dmin":411.0},"geometry":{"type":"Point","coordinates":[110.362051,-7.00043]}},{"type":"Feature","properties":{"nama":"TK Islam Permatasari","jenjang":"TK","n200":0,"n500":0,"dmin":805.0},"geometry":{"type":"Point","coordinates":[110.316457,-7.078433]}},{"type":"Feature","properties":{"nama":"SD Islam Permatasari - Yayasan Ibnu Zakaria","jenjang":"SD","n200":0,"n500":0,"dmin":789.0},"geometry":{"type":"Point","coordinates":[110.316309,-7.07835]}},{"type":"Feature","properties":{"nama":"RA Husnul Khatimah 01","jenjang":"TK","n200":0,"n500":0,"dmin":835.0},"geometry":{"type":"Point","coordinates":[110.482505,-7.06268]}},{"type":"Feature","properties":{"nama":"TK Aisyiyah Bustanul Athfal 46","jenjang":"TK","n200":0,"n500":0,"dmin":544.0},"geometry":{"type":"Point","coordinates":[110.307273,-6.968607]}},{"type":"Feature","properties":{"nama":"PAUD Nurul Hidayah","jenjang":"TK","n200":0,"n500":2,"dmin":317.0},"geometry":{"type":"Point","coordinates":[110.471786,-7.023645]}},{"type":"Feature","properties":{"nama":"Pos PAUD Kuncup Anggrek","jenjang":"TK","n200":0,"n500":0,"dmin":1727.0},"geometry":{"type":"Point","coordinates":[110.313256,-6.957106]}},{"type":"Feature","properties":{"nama":"TK Al-Hidayah","jenjang":"TK","n200":0,"n500":4,"dmin":230.0},"geometry":{"type":"Point","coordinates":[110.476616,-6.984261]}},{"type":"Feature","properties":{"nama":"KB-TK Al Azhar 14","jenjang":"TK","n200":0,"n500":5,"dmin":200.0},"geometry":{"type":"Point","coordinates":[110.42628,-7.05786]}},{"type":"Feature","properties":{"nama":"SD Negeri Wonoplumbon 01","jenjang":"SD","n200":0,"n500":0,"dmin":762.0},"geometry":{"type":"Point","coordinates":[110.292757,-7.041032]}},{"type":"Feature","properties":{"nama":"SD Negeri Wonoplumbon 02","jenjang":"SD","n200":0,"n500":0,"dmin":1906.0},"geometry":{"type":"Point","coordinates":[110.29469,-7.022644]}},{"type":"Feature","properties":{"nama":"SD Negeri Sadeng 03","jenjang":"SD","n200":0,"n500":1,"dmin":246.0},"geometry":{"type":"Point","coordinates":[110.369412,-7.027594]}},{"type":"Feature","properties":{"nama":"SMP Muhammadiyah 9 Semarang","jenjang":"SMP","n200":0,"n500":0,"dmin":551.0},"geometry":{"type":"Point","coordinates":[110.307367,-6.968585]}},{"type":"Feature","properties":{"nama":"SD Negeri Gunungpati 03","jenjang":"SD","n200":0,"n500":5,"dmin":302.0},"geometry":{"type":"Point","coordinates":[110.359525,-7.087101]}},{"type":"Feature","properties":{"nama":"TK Islam Setyo Siwi","jenjang":"TK","n200":0,"n500":4,"dmin":237.0},"geometry":{"type":"Point","coordinates":[110.480554,-7.043921]}},{"type":"Feature","properties":{"nama":"SMA Negeri 13 Semarang","jenjang":"SMA","n200":0,"n500":3,"dmin":243.0},"geometry":{"type":"Point","coordinates":[110.311137,-7.050067]}},{"type":"Feature","properties":{"nama":"PAUD Permata Bangsa","jenjang":"TK","n200":0,"n500":0,"dmin":836.0},"geometry":{"type":"Point","coordinates":[110.36265,-7.048139]}},{"type":"Feature","properties":{"nama":"Pos PAUD Permata Insani","jenjang":"TK","n200":0,"n500":5,"dmin":330.0},"geometry":{"type":"Point","coordinates":[110.463456,-6.976339]}},{"type":"Feature","properties":{"nama":"SMP Kartika III-2","jenjang":"SMP","n200":0,"n500":0,"dmin":786.0},"geometry":{"type":"Point","coordinates":[110.413657,-7.055877]}},{"type":"Feature","properties":{"nama":"Pos PAUD Kasih Ibu RW V","jenjang":"TK","n200":0,"n500":0,"dmin":569.0},"geometry":{"type":"Point","coordinates":[110.32098,-6.991293]}},{"type":"Feature","properties":{"nama":"SD Bilingual Semesta","jenjang":"SD","n200":0,"n500":1,"dmin":488.0},"geometry":{"type":"Point","coordinates":[110.416656,-7.054015]}},{"type":"Feature","properties":{"nama":"Sekolah Dasar Ma'had Islam","jenjang":"SMA","n200":0,"n500":14,"dmin":226.0},"geometry":{"type":"Point","coordinates":[110.428215,-6.972263]}},{"type":"Feature","properties":{"nama":"Sekolah Dasar Ma'had Islam","jenjang":"SMA","n200":0,"n500":14,"dmin":257.0},"geometry":{"type":"Point","coordinates":[110.428628,-6.972619]}},{"type":"Feature","properties":{"nama":"SD Al - Azam","jenjang":"SD","n200":0,"n500":1,"dmin":246.0},"geometry":{"type":"Point","coordinates":[110.470349,-7.028147]}},{"type":"Feature","properties":{"nama":"PAUD Mentari Pagi","jenjang":"TK","n200":0,"n500":3,"dmin":210.0},"geometry":{"type":"Point","coordinates":[110.480491,-7.022873]}},{"type":"Feature","properties":{"nama":"PAUD dan TK Adhi Luhur","jenjang":"TK","n200":0,"n500":4,"dmin":255.0},"geometry":{"type":"Point","coordinates":[110.482752,-7.007647]}},{"type":"Feature","properties":{"nama":"TK Beetle Bug","jenjang":"TK","n200":0,"n500":9,"dmin":245.0},"geometry":{"type":"Point","coordinates":[110.462032,-6.983578]}},{"type":"Feature","properties":{"nama":"SMP Kartika III - 1","jenjang":"SMP","n200":0,"n500":2,"dmin":357.0},"geometry":{"type":"Point","coordinates":[110.418611,-7.024159]}},{"type":"Feature","properties":{"nama":"LKP KUMON PEMUDA MAS","jenjang":"SMA","n200":0,"n500":7,"dmin":256.0},"geometry":{"type":"Point","coordinates":[110.412337,-6.983524]}},{"type":"Feature","properties":{"nama":"SMA NEGERI 06","jenjang":"PT","n200":0,"n500":4,"dmin":349.0},"geometry":{"type":"Point","coordinates":[110.3884,-6.9817]}},{"type":"Feature","properties":{"nama":"SMK KARTIKA NUSANTARA","jenjang":"PT","n200":0,"n500":1,"dmin":418.0},"geometry":{"type":"Point","coordinates":[110.4946,-6.9924]}},{"type":"Feature","properties":{"nama":"MA AL WATHONIYYAH","jenjang":"PT","n200":0,"n500":0,"dmin":635.0},"geometry":{"type":"Point","coordinates":[110.4695,-6.9827]}},{"type":"Feature","properties":{"nama":"TK THE FIRST DAY CARE","jenjang":"TK","n200":0,"n500":5,"dmin":266.0},"geometry":{"type":"Point","coordinates":[110.4382,-6.9902]}},{"type":"Feature","properties":{"nama":"TPA THE FIRST DAY CARE","jenjang":"TK","n200":0,"n500":5,"dmin":266.0},"geometry":{"type":"Point","coordinates":[110.4382,-6.9902]}},{"type":"Feature","properties":{"nama":"SMA ISLAM AL AZHAR 14","jenjang":"PT","n200":0,"n500":7,"dmin":242.0},"geometry":{"type":"Point","coordinates":[110.4271,-7.0565]}},{"type":"Feature","properties":{"nama":"TK KRISTEN TRITUNGGAL","jenjang":"TK","n200":0,"n500":1,"dmin":413.0},"geometry":{"type":"Point","coordinates":[110.396447,-6.964201]}},{"type":"Feature","properties":{"nama":"KB KRISTEN TERANG BANGSA","jenjang":"TK","n200":0,"n500":0,"dmin":1168.0},"geometry":{"type":"Point","coordinates":[110.3964,-6.9549]}},{"type":"Feature","properties":{"nama":"TK NEGERI GAYAMSARI","jenjang":"TK","n200":0,"n500":2,"dmin":313.0},"geometry":{"type":"Point","coordinates":[110.4496,-6.9653]}},{"type":"Feature","properties":{"nama":"RA/BA/TA MIFTAKHUL HUDA","jenjang":"TK","n200":0,"n500":0,"dmin":1023.0},"geometry":{"type":"Point","coordinates":[110.5029,-6.9565]}},{"type":"Feature","properties":{"nama":"TPA DINAMIKA ANANDA","jenjang":"TK","n200":0,"n500":3,"dmin":220.0},"geometry":{"type":"Point","coordinates":[110.4602,-7.0033]}},{"type":"Feature","properties":{"nama":"TK TUNAS KEKANCAN MUKTI","jenjang":"TK","n200":0,"n500":3,"dmin":205.0},"geometry":{"type":"Point","coordinates":[110.4734,-7.0024]}},{"type":"Feature","properties":{"nama":"TK PGRI 30","jenjang":"TK","n200":0,"n500":2,"dmin":231.0},"geometry":{"type":"Point","coordinates":[110.419893,-6.997823]}},{"type":"Feature","properties":{"nama":"TK PL DON BOSCO","jenjang":"TK","n200":0,"n500":0,"dmin":685.0},"geometry":{"type":"Point","coordinates":[110.4032,-7.017]}},{"type":"Feature","properties":{"nama":"TK TUNAS DAHLIA 1","jenjang":"TK","n200":0,"n500":3,"dmin":400.0},"geometry":{"type":"Point","coordinates":[110.306596,-7.074562]}},{"type":"Feature","properties":{"nama":"KB AISYIYAH 10","jenjang":"TK","n200":0,"n500":2,"dmin":202.0},"geometry":{"type":"Point","coordinates":[110.4771,-7.0128]}},{"type":"Feature","properties":{"nama":"TPQ  PAUD AL FURQAN","jenjang":"TK","n200":0,"n500":0,"dmin":871.0},"geometry":{"type":"Point","coordinates":[110.4411,-7.0486]}},{"type":"Feature","properties":{"nama":"TK GAUSSIAN KAMIL SCHOOL","jenjang":"TK","n200":0,"n500":3,"dmin":319.0},"geometry":{"type":"Point","coordinates":[110.390438,-7.078926]}},{"type":"Feature","properties":{"nama":"TK AN NUR","jenjang":"TK","n200":0,"n500":1,"dmin":467.0},"geometry":{"type":"Point","coordinates":[110.378689,-7.027576]}},{"type":"Feature","properties":{"nama":"POS PAUD MELATI","jenjang":"TK","n200":0,"n500":10,"dmin":202.0},"geometry":{"type":"Point","coordinates":[110.41606,-7.064454]}},{"type":"Feature","properties":{"nama":"POS PAUD CENDEKIA MANDIRI","jenjang":"TK","n200":0,"n500":2,"dmin":337.0},"geometry":{"type":"Point","coordinates":[110.330169,-6.980969]}},{"type":"Feature","properties":{"nama":"POS PAUD BUAH HATI","jenjang":"TK","n200":0,"n500":4,"dmin":388.0},"geometry":{"type":"Point","coordinates":[110.454197,-7.035221]}},{"type":"Feature","properties":{"nama":"Sekolah Tinggi Ilmu Ekonomi Pelita Nusantara","jenjang":"PT","n200":0,"n500":5,"dmin":309.0},"geometry":{"type":"Point","coordinates":[110.44933,-6.994955]}},{"type":"Feature","properties":{"nama":"PG-TK Kristen Gergaji","jenjang":"TK","n200":0,"n500":4,"dmin":203.0},"geometry":{"type":"Point","coordinates":[110.4135,-6.994005]}},{"type":"Feature","properties":{"nama":"TK Bhinneka","jenjang":"TK","n200":0,"n500":4,"dmin":323.0},"geometry":{"type":"Point","coordinates":[110.412158,-6.959895]}},{"type":"Feature","properties":{"nama":"KB-TK IT Qurrotul Aini","jenjang":"TK","n200":0,"n500":0,"dmin":595.0},"geometry":{"type":"Point","coordinates":[110.396551,-7.06958]}},{"type":"Feature","properties":{"nama":"PAUD Tunas Cempaka","jenjang":"TK","n200":0,"n500":5,"dmin":235.0},"geometry":{"type":"Point","coordinates":[110.380415,-7.014033]}},{"type":"Feature","properties":{"nama":"TK PGRI 05/90","jenjang":"TK","n200":0,"n500":1,"dmin":205.0},"geometry":{"type":"Point","coordinates":[110.327518,-6.982746]}},{"type":"Feature","properties":{"nama":"TK PGRI 08 Purwoyoso","jenjang":"TK","n200":0,"n500":5,"dmin":260.0},"geometry":{"type":"Point","coordinates":[110.368487,-6.990808]}},{"type":"Feature","properties":{"nama":"TK Bustanul Athfal 7","jenjang":"TK","n200":0,"n500":5,"dmin":202.0},"geometry":{"type":"Point","coordinates":[110.423482,-6.973908]}},{"type":"Feature","properties":{"nama":"TK PK3A","jenjang":"TK","n200":0,"n500":2,"dmin":259.0},"geometry":{"type":"Point","coordinates":[110.437218,-6.953712]}},{"type":"Feature","properties":{"nama":"SD Negeri Jomblang 03","jenjang":"SD","n200":0,"n500":0,"dmin":671.0},"geometry":{"type":"Point","coordinates":[110.439195,-7.018603]}},{"type":"Feature","properties":{"nama":"Kiddie Land Kindergarten","jenjang":"TK","n200":0,"n500":6,"dmin":240.0},"geometry":{"type":"Point","coordinates":[110.415218,-7.005743]}},{"type":"Feature","properties":{"nama":"SMA Negeri 4 Semarang","jenjang":"SMA","n200":0,"n500":7,"dmin":295.0},"geometry":{"type":"Point","coordinates":[110.414207,-7.072179]}},{"type":"Feature","properties":{"nama":"RA Nurul Huda","jenjang":"TK","n200":0,"n500":2,"dmin":464.0},"geometry":{"type":"Point","coordinates":[110.461155,-7.045164]}},{"type":"Feature","properties":{"nama":"TK Benih Bagi Bangsa","jenjang":"TK","n200":0,"n500":0,"dmin":852.0},"geometry":{"type":"Point","coordinates":[110.312976,-7.019374]}},{"type":"Feature","properties":{"nama":"SD Negeri Gayamsari 02","jenjang":"SD","n200":0,"n500":4,"dmin":333.0},"geometry":{"type":"Point","coordinates":[110.447255,-7.000914]}},{"type":"Feature","properties":{"nama":"SMP Perdana","jenjang":"SMP","n200":0,"n500":4,"dmin":241.0},"geometry":{"type":"Point","coordinates":[110.448268,-6.997849]}},{"type":"Feature","properties":{"nama":"TC, PG, TK Amanah","jenjang":"TK","n200":0,"n500":1,"dmin":309.0},"geometry":{"type":"Point","coordinates":[110.43943,-6.981781]}},{"type":"Feature","properties":{"nama":"SD Masehi Mugasari","jenjang":"SD","n200":0,"n500":5,"dmin":286.0},"geometry":{"type":"Point","coordinates":[110.415411,-6.990213]}},{"type":"Feature","properties":{"nama":"TK Aisyiyah Bustanul Athfal 28 Semarang","jenjang":"TK","n200":0,"n500":7,"dmin":306.0},"geometry":{"type":"Point","coordinates":[110.440837,-6.974254]}},{"type":"Feature","properties":{"nama":"SD Negeri Gajahmungkur 01","jenjang":"SD","n200":0,"n500":2,"dmin":273.0},"geometry":{"type":"Point","coordinates":[110.409796,-7.01169]}},{"type":"Feature","properties":{"nama":"TK PGRI 30","jenjang":"TK","n200":0,"n500":5,"dmin":278.0},"geometry":{"type":"Point","coordinates":[110.422749,-7.003051]}},{"type":"Feature","properties":{"nama":"TK Puspa Kencana","jenjang":"TK","n200":0,"n500":2,"dmin":371.0},"geometry":{"type":"Point","coordinates":[110.456598,-7.067737]}},{"type":"Feature","properties":{"nama":"SD Negeri Lamper Kidul 02","jenjang":"SD","n200":0,"n500":7,"dmin":290.0},"geometry":{"type":"Point","coordinates":[110.435952,-7.008061]}},{"type":"Feature","properties":{"nama":"TK Sang Timur","jenjang":"TK","n200":0,"n500":3,"dmin":313.0},"geometry":{"type":"Point","coordinates":[110.478351,-7.003579]}},{"type":"Feature","properties":{"nama":"PAUD-KB-TK Senyiur Indah","jenjang":"TK","n200":0,"n500":1,"dmin":321.0},"geometry":{"type":"Point","coordinates":[110.422803,-7.093145]}},{"type":"Feature","properties":{"nama":"TK Pertiwi 28","jenjang":"TK","n200":0,"n500":0,"dmin":623.0},"geometry":{"type":"Point","coordinates":[110.457427,-6.967729]}},{"type":"Feature","properties":{"nama":"TK Nurul Mulad","jenjang":"TK","n200":0,"n500":0,"dmin":857.0},"geometry":{"type":"Point","coordinates":[110.447048,-7.07815]}},{"type":"Feature","properties":{"nama":"PAUD Mutiara Bangsa","jenjang":"TK","n200":0,"n500":1,"dmin":363.0},"geometry":{"type":"Point","coordinates":[110.304782,-7.082154]}},{"type":"Feature","properties":{"nama":"SD Negeri Polaman","jenjang":"SD","n200":0,"n500":2,"dmin":346.0},"geometry":{"type":"Point","coordinates":[110.332111,-7.091791]}},{"type":"Feature","properties":{"nama":"TK IT AT-Tho'ah","jenjang":"TK","n200":0,"n500":3,"dmin":332.0},"geometry":{"type":"Point","coordinates":[110.476519,-7.009512]}},{"type":"Feature","properties":{"nama":"KB - TK Pertiwi 34 Patemon","jenjang":"TK","n200":0,"n500":0,"dmin":613.0},"geometry":{"type":"Point","coordinates":[110.399821,-7.068317]}},{"type":"Feature","properties":{"nama":"TKIT Bina Ilmu","jenjang":"TK","n200":0,"n500":2,"dmin":281.0},"geometry":{"type":"Point","coordinates":[110.425799,-7.089664]}},{"type":"Feature","properties":{"nama":"SMP Islam Terpadu Uswatun Hasanah","jenjang":"SMP","n200":0,"n500":1,"dmin":423.0},"geometry":{"type":"Point","coordinates":[110.462623,-7.04702]}},{"type":"Feature","properties":{"nama":"TK PGRI 107 Mangunharjo","jenjang":"TK","n200":0,"n500":2,"dmin":394.0},"geometry":{"type":"Point","coordinates":[110.460044,-7.044383]}},{"type":"Feature","properties":{"nama":"RA Husnul Khotimah 02","jenjang":"TK","n200":0,"n500":0,"dmin":722.0},"geometry":{"type":"Point","coordinates":[110.468747,-7.070694]}},{"type":"Feature","properties":{"nama":"PAUD Permata Hati","jenjang":"TK","n200":0,"n500":3,"dmin":347.0},"geometry":{"type":"Point","coordinates":[110.320158,-6.972441]}},{"type":"Feature","properties":{"nama":"SD Muhammadiyah 08","jenjang":"SD","n200":0,"n500":3,"dmin":378.0},"geometry":{"type":"Point","coordinates":[110.478975,-7.017218]}},{"type":"Feature","properties":{"nama":"SD Negeri Banyumanik 04","jenjang":"SD","n200":0,"n500":7,"dmin":237.0},"geometry":{"type":"Point","coordinates":[110.414626,-7.075972]}},{"type":"Feature","properties":{"nama":"MD Hidayatuth Tholibin","jenjang":"TK","n200":0,"n500":3,"dmin":301.0},"geometry":{"type":"Point","coordinates":[110.308824,-7.064965]}},{"type":"Feature","properties":{"nama":"TK/RA 56 Jatisari - Muslimat NU","jenjang":"TK","n200":0,"n500":3,"dmin":299.0},"geometry":{"type":"Point","coordinates":[110.308777,-7.064858]}},{"type":"Feature","properties":{"nama":"SD Negeri Ngaliyan 05","jenjang":"SD","n200":0,"n500":3,"dmin":282.0},"geometry":{"type":"Point","coordinates":[110.33854,-7.007479]}},{"type":"Feature","properties":{"nama":"MTs Darussalam Semarang","jenjang":"SMP","n200":0,"n500":1,"dmin":487.0},"geometry":{"type":"Point","coordinates":[110.460132,-7.071917]}},{"type":"Feature","properties":{"nama":"TK Bina Patria","jenjang":"TK","n200":0,"n500":2,"dmin":337.0},"geometry":{"type":"Point","coordinates":[110.457335,-7.068123]}},{"type":"Feature","properties":{"nama":"MD Ammahdliyyah","jenjang":"TK","n200":0,"n500":0,"dmin":952.0},"geometry":{"type":"Point","coordinates":[110.311647,-7.026316]}},{"type":"Feature","properties":{"nama":"KB/TKIT/TPA Graha Pelita","jenjang":"TK","n200":0,"n500":4,"dmin":248.0},"geometry":{"type":"Point","coordinates":[110.492643,-6.970548]}},{"type":"Feature","properties":{"nama":"TK Tarbiyatul Athfal Muslimat NU 53","jenjang":"TK","n200":0,"n500":0,"dmin":629.0},"geometry":{"type":"Point","coordinates":[110.335474,-7.073018]}},{"type":"Feature","properties":{"nama":"MI Tarbiyatul Islam","jenjang":"SD","n200":0,"n500":0,"dmin":1100.0},"geometry":{"type":"Point","coordinates":[110.49857,-6.986175]}},{"type":"Feature","properties":{"nama":"SD Negeri Purwosari 02","jenjang":"SD","n200":0,"n500":0,"dmin":1127.0},"geometry":{"type":"Point","coordinates":[110.334701,-7.083825]}},{"type":"Feature","properties":{"nama":"TK Bintang Terang","jenjang":"TK","n200":0,"n500":6,"dmin":261.0},"geometry":{"type":"Point","coordinates":[110.471084,-6.994947]}},{"type":"Feature","properties":{"nama":"MI Raudlatul Athfa","jenjang":"SD","n200":0,"n500":0,"dmin":1113.0},"geometry":{"type":"Point","coordinates":[110.355875,-7.014918]}},{"type":"Feature","properties":{"nama":"Rumah Pintar 1000 Mimpi","jenjang":"TK","n200":0,"n500":1,"dmin":344.0},"geometry":{"type":"Point","coordinates":[110.311003,-7.05584]}},{"type":"Feature","properties":{"nama":"PAUD Annisa","jenjang":"TK","n200":0,"n500":4,"dmin":263.0},"geometry":{"type":"Point","coordinates":[110.483744,-6.973439]}},{"type":"Feature","properties":{"nama":"SMA Negeri 12 Semarang","jenjang":"SMA","n200":0,"n500":0,"dmin":526.0},"geometry":{"type":"Point","coordinates":[110.371549,-7.086105]}},{"type":"Feature","properties":{"nama":"SMP-SMA-SMK Kyai Ageng Pandanaran","jenjang":"SMA","n200":0,"n500":2,"dmin":438.0},"geometry":{"type":"Point","coordinates":[110.479863,-7.014446]}},{"type":"Feature","properties":{"nama":"SD Negeri Pedurungan Kidul 04","jenjang":"SD","n200":0,"n500":0,"dmin":642.0},"geometry":{"type":"Point","coordinates":[110.482106,-7.035421]}},{"type":"Feature","properties":{"nama":"TK Binar Rahman","jenjang":"TK","n200":0,"n500":3,"dmin":296.0},"geometry":{"type":"Point","coordinates":[110.48202,-7.018564]}},{"type":"Feature","properties":{"nama":"PAUD Anak Bangsa VI","jenjang":"TK","n200":0,"n500":1,"dmin":285.0},"geometry":{"type":"Point","coordinates":[110.455279,-7.019672]}},{"type":"Feature","properties":{"nama":"SD St. Louis","jenjang":"SD","n200":0,"n500":3,"dmin":348.0},"geometry":{"type":"Point","coordinates":[110.404564,-6.959829]}},{"type":"Feature","properties":{"nama":"TK Al - Firdaus","jenjang":"TK","n200":0,"n500":0,"dmin":1129.0},"geometry":{"type":"Point","coordinates":[110.359464,-7.04545]}},{"type":"Feature","properties":{"nama":"POS PAUD Tunas Bangsa","jenjang":"TK","n200":0,"n500":4,"dmin":242.0},"geometry":{"type":"Point","coordinates":[110.39059,-7.001858]}},{"type":"Feature","properties":{"nama":"SD Negeri Bringin 01","jenjang":"SD","n200":0,"n500":1,"dmin":294.0},"geometry":{"type":"Point","coordinates":[110.330393,-7.011514]}},{"type":"Feature","properties":{"nama":"SLB A DRIA ADI","jenjang":"SLB","n200":0,"n500":5,"dmin":284.0},"geometry":{"type":"Point","coordinates":[110.3873,-6.9721]}},{"type":"Feature","properties":{"nama":"SMK BAGIMU NEGERIKU","jenjang":"PT","n200":0,"n500":0,"dmin":2257.0},"geometry":{"type":"Point","coordinates":[110.2962,-7.0043]}},{"type":"Feature","properties":{"nama":"SMA KARANGTURI","jenjang":"PT","n200":0,"n500":0,"dmin":674.0},"geometry":{"type":"Point","coordinates":[110.3608,-6.9772]}},{"type":"Feature","properties":{"nama":"SMK PANDANARAN","jenjang":"PT","n200":0,"n500":2,"dmin":431.0},"geometry":{"type":"Point","coordinates":[110.4799,-7.0144]}},{"type":"Feature","properties":{"nama":"MAN 1 KOTA SEMARANG","jenjang":"PT","n200":0,"n500":3,"dmin":381.0},"geometry":{"type":"Point","coordinates":[110.4853,-7.0265]}},{"type":"Feature","properties":{"nama":"TK KRISTEN TERANG BANGSA","jenjang":"TK","n200":0,"n500":0,"dmin":1168.0},"geometry":{"type":"Point","coordinates":[110.3964,-6.9549]}},{"type":"Feature","properties":{"nama":"TK IT INSAN MULIA","jenjang":"TK","n200":0,"n500":3,"dmin":365.0},"geometry":{"type":"Point","coordinates":[110.3239,-6.9897]}},{"type":"Feature","properties":{"nama":"TK AN NANDA","jenjang":"TK","n200":0,"n500":1,"dmin":459.0},"geometry":{"type":"Point","coordinates":[110.3786,-7.0804]}},{"type":"Feature","properties":{"nama":"KB AL-ULYA","jenjang":"TK","n200":0,"n500":4,"dmin":311.0},"geometry":{"type":"Point","coordinates":[110.3254,-6.9892]}},{"type":"Feature","properties":{"nama":"KB ANANDA","jenjang":"TK","n200":0,"n500":3,"dmin":283.0},"geometry":{"type":"Point","coordinates":[110.4663,-7.0624]}},{"type":"Feature","properties":{"nama":"TK PERTIWI XI","jenjang":"TK","n200":0,"n500":1,"dmin":393.0},"geometry":{"type":"Point","coordinates":[110.470988,-6.961327]}},{"type":"Feature","properties":{"nama":"POS PAUD KUSUMA BANGSA","jenjang":"TK","n200":0,"n500":12,"dmin":214.0},"geometry":{"type":"Point","coordinates":[110.456708,-6.985619]}},{"type":"Feature","properties":{"nama":"POS PAUD ANGGREK SEMBILAN","jenjang":"TK","n200":0,"n500":0,"dmin":744.0},"geometry":{"type":"Point","coordinates":[110.439138,-7.019274]}},{"type":"Feature","properties":{"nama":"POS PAUD CHASANAH","jenjang":"TK","n200":0,"n500":0,"dmin":710.0},"geometry":{"type":"Point","coordinates":[110.354598,-7.098783]}},{"type":"Feature","properties":{"nama":"POS PAUD ADHI SIWI","jenjang":"TK","n200":0,"n500":0,"dmin":1572.0},"geometry":{"type":"Point","coordinates":[110.3253,-7.078]}},{"type":"Feature","properties":{"nama":"KB SAKINAH","jenjang":"TK","n200":0,"n500":6,"dmin":215.0},"geometry":{"type":"Point","coordinates":[110.455325,-6.991672]}},{"type":"Feature","properties":{"nama":"PAUD Mekar Sari","jenjang":"TK","n200":0,"n500":0,"dmin":586.0},"geometry":{"type":"Point","coordinates":[110.40407,-7.011394]}},{"type":"Feature","properties":{"nama":"POS PAUD Harapan Bunda","jenjang":"TK","n200":0,"n500":4,"dmin":354.0},"geometry":{"type":"Point","coordinates":[110.470491,-7.006666]}},{"type":"Feature","properties":{"nama":"TK PGRI 08/88 Ngaliyan","jenjang":"TK","n200":0,"n500":1,"dmin":349.0},"geometry":{"type":"Point","coordinates":[110.352869,-6.992471]}},{"type":"Feature","properties":{"nama":"TK Nurul Qur'an","jenjang":"TK","n200":0,"n500":0,"dmin":730.0},"geometry":{"type":"Point","coordinates":[110.500015,-6.959538]}},{"type":"Feature","properties":{"nama":"KB-TK Bias","jenjang":"TK","n200":0,"n500":3,"dmin":323.0},"geometry":{"type":"Point","coordinates":[110.423943,-7.064163]}},{"type":"Feature","properties":{"nama":"TK Nasional Karangturi","jenjang":"TK","n200":0,"n500":0,"dmin":654.0},"geometry":{"type":"Point","coordinates":[110.360944,-6.977081]}},{"type":"Feature","properties":{"nama":"PAUD Al Firdaus","jenjang":"TK","n200":0,"n500":7,"dmin":223.0},"geometry":{"type":"Point","coordinates":[110.387113,-6.990214]}},{"type":"Feature","properties":{"nama":"SMP dan SMA Pancasila","jenjang":"SMA","n200":0,"n500":7,"dmin":201.0},"geometry":{"type":"Point","coordinates":[110.435248,-6.994553]}},{"type":"Feature","properties":{"nama":"TK Tunas Kartini","jenjang":"TK","n200":0,"n500":2,"dmin":359.0},"geometry":{"type":"Point","coordinates":[110.417122,-6.962275]}},{"type":"Feature","properties":{"nama":"TK Kemala Bhayangkari 94","jenjang":"TK","n200":0,"n500":3,"dmin":298.0},"geometry":{"type":"Point","coordinates":[110.469688,-7.03086]}},{"type":"Feature","properties":{"nama":"TK Twat Tam Asi","jenjang":"TK","n200":0,"n500":2,"dmin":324.0},"geometry":{"type":"Point","coordinates":[110.464781,-7.017454]}},{"type":"Feature","properties":{"nama":"PAUD Permata UNDIP","jenjang":"TK","n200":0,"n500":0,"dmin":1096.0},"geometry":{"type":"Point","coordinates":[110.446029,-7.049228]}},{"type":"Feature","properties":{"nama":"PAUD IT Silmi","jenjang":"TK","n200":0,"n500":4,"dmin":308.0},"geometry":{"type":"Point","coordinates":[110.417409,-7.077681]}},{"type":"Feature","properties":{"nama":"TK Kartika III-2","jenjang":"TK","n200":0,"n500":0,"dmin":502.0},"geometry":{"type":"Point","coordinates":[110.422814,-7.026732]}},{"type":"Feature","properties":{"nama":"Pos PAUD Mutiara Cempaka","jenjang":"TK","n200":0,"n500":3,"dmin":304.0},"geometry":{"type":"Point","coordinates":[110.43955,-7.000157]}},{"type":"Feature","properties":{"nama":"MI-MTs Al Khoiriyyah","jenjang":"SMP","n200":0,"n500":1,"dmin":234.0},"geometry":{"type":"Point","coordinates":[110.405314,-6.984959]}},{"type":"Feature","properties":{"nama":"PAUD Tunas Muda Bangsa","jenjang":"TK","n200":0,"n500":0,"dmin":686.0},"geometry":{"type":"Point","coordinates":[110.406488,-7.03512]}},{"type":"Feature","properties":{"nama":"TK YPI Mlatiharjo","jenjang":"TK","n200":0,"n500":1,"dmin":448.0},"geometry":{"type":"Point","coordinates":[110.438878,-6.964889]}},{"type":"Feature","properties":{"nama":"TK Harapan Bangsa","jenjang":"TK","n200":0,"n500":0,"dmin":509.0},"geometry":{"type":"Point","coordinates":[110.492094,-6.98853]}},{"type":"Feature","properties":{"nama":"SD St. Antonius 1","jenjang":"SD","n200":0,"n500":2,"dmin":362.0},"geometry":{"type":"Point","coordinates":[110.436819,-6.999125]}},{"type":"Feature","properties":{"nama":"KB JATI ASIH","jenjang":"TK","n200":0,"n500":0,"dmin":550.0},"geometry":{"type":"Point","coordinates":[110.2928,-6.9765]}},{"type":"Feature","properties":{"nama":"POS PAUD KASIH BUNDA","jenjang":"TK","n200":0,"n500":1,"dmin":489.0},"geometry":{"type":"Point","coordinates":[110.4914,-7.0073]}},{"type":"Feature","properties":{"nama":"KB MUTIARA BASMALLAH 1","jenjang":"TK","n200":0,"n500":0,"dmin":509.0},"geometry":{"type":"Point","coordinates":[110.454826,-7.066679]}},{"type":"Feature","properties":{"nama":"KB PL DON BOSKO","jenjang":"TK","n200":0,"n500":0,"dmin":645.0},"geometry":{"type":"Point","coordinates":[110.4035,-7.0168]}},{"type":"Feature","properties":{"nama":"POS PAUD TIRTA KENANGA","jenjang":"TK","n200":0,"n500":1,"dmin":473.0},"geometry":{"type":"Point","coordinates":[110.393204,-6.993747]}},{"type":"Feature","properties":{"nama":"KB SITI CHOTIMAH","jenjang":"TK","n200":0,"n500":0,"dmin":693.0},"geometry":{"type":"Point","coordinates":[110.433241,-7.047944]}},{"type":"Feature","properties":{"nama":"KB GANDHI MEMORIAL INTERCONTINENTAL SCHOOL","jenjang":"TK","n200":0,"n500":3,"dmin":322.0},"geometry":{"type":"Point","coordinates":[110.434647,-7.034607]}},{"type":"Feature","properties":{"nama":"POS PAUD MUTIARA","jenjang":"TK","n200":0,"n500":4,"dmin":320.0},"geometry":{"type":"Point","coordinates":[110.409253,-6.999105]}},{"type":"Feature","properties":{"nama":"Universitas Ivet","jenjang":"PT","n200":0,"n500":2,"dmin":386.0},"geometry":{"type":"Point","coordinates":[110.398108,-7.020537]}},{"type":"Feature","properties":{"nama":"Universitas Negeri Semarang","jenjang":"PT","n200":0,"n500":4,"dmin":295.0},"geometry":{"type":"Point","coordinates":[110.392423,-7.050636]}},{"type":"Feature","properties":{"nama":"TK Aisyiyah Bustanul Athfal 55","jenjang":"TK","n200":0,"n500":2,"dmin":376.0},"geometry":{"type":"Point","coordinates":[110.426365,-7.01418]}},{"type":"Feature","properties":{"nama":"TK Bandarharjo","jenjang":"TK","n200":0,"n500":3,"dmin":234.0},"geometry":{"type":"Point","coordinates":[110.427639,-6.962254]}},{"type":"Feature","properties":{"nama":"PAUD Kasih Bunda","jenjang":"TK","n200":0,"n500":8,"dmin":275.0},"geometry":{"type":"Point","coordinates":[110.382479,-6.995019]}},{"type":"Feature","properties":{"nama":"RA Al Islam Mangunsari 01","jenjang":"TK","n200":0,"n500":0,"dmin":1003.0},"geometry":{"type":"Point","coordinates":[110.37562,-7.088425]}},{"type":"Feature","properties":{"nama":"TK PGRI 14","jenjang":"TK","n200":0,"n500":3,"dmin":299.0},"geometry":{"type":"Point","coordinates":[110.393799,-7.00068]}},{"type":"Feature","properties":{"nama":"PAUD, KB Al Mubarok","jenjang":"TK","n200":0,"n500":0,"dmin":1575.0},"geometry":{"type":"Point","coordinates":[110.303019,-6.958705]}},{"type":"Feature","properties":{"nama":"KB - TK Islam Terpadu Qomarul Huda","jenjang":"TK","n200":0,"n500":1,"dmin":271.0},"geometry":{"type":"Point","coordinates":[110.353324,-7.090098]}},{"type":"Feature","properties":{"nama":"MI Manarul Ilmi","jenjang":"SD","n200":0,"n500":3,"dmin":289.0},"geometry":{"type":"Point","coordinates":[110.416001,-7.07756]}},{"type":"Feature","properties":{"nama":"POS PAUD Mekar Asih RW III","jenjang":"TK","n200":0,"n500":5,"dmin":315.0},"geometry":{"type":"Point","coordinates":[110.463763,-6.975994]}},{"type":"Feature","properties":{"nama":"Sekolah Taman Pelangi","jenjang":"TK","n200":0,"n500":5,"dmin":215.0},"geometry":{"type":"Point","coordinates":[110.463216,-7.021612]}},{"type":"Feature","properties":{"nama":"RA Falahiyyah","jenjang":"TK","n200":0,"n500":0,"dmin":2694.0},"geometry":{"type":"Point","coordinates":[110.499207,-7.065862]}},{"type":"Feature","properties":{"nama":"TK Islam Al Azhar 22","jenjang":"TK","n200":0,"n500":4,"dmin":229.0},"geometry":{"type":"Point","coordinates":[110.384984,-6.985585]}},{"type":"Feature","properties":{"nama":"PAUD Hapsari","jenjang":"TK","n200":0,"n500":1,"dmin":225.0},"geometry":{"type":"Point","coordinates":[110.435701,-6.999672]}},{"type":"Feature","properties":{"nama":"TK YWGS","jenjang":"TK","n200":0,"n500":2,"dmin":236.0},"geometry":{"type":"Point","coordinates":[110.417108,-6.994631]}},{"type":"Feature","properties":{"nama":"TK Tunas Kencana","jenjang":"TK","n200":0,"n500":2,"dmin":366.0},"geometry":{"type":"Point","coordinates":[110.369147,-7.00265]}},{"type":"Feature","properties":{"nama":"TK Bunayya","jenjang":"TK","n200":0,"n500":6,"dmin":249.0},"geometry":{"type":"Point","coordinates":[110.431071,-7.028619]}},{"type":"Feature","properties":{"nama":"TK Nusa Indah - PAUD Tunas Bangsa","jenjang":"TK","n200":0,"n500":3,"dmin":381.0},"geometry":{"type":"Point","coordinates":[110.446009,-7.006532]}},{"type":"Feature","properties":{"nama":"TK Islam Hidayatul Mubtadi-ien","jenjang":"TK","n200":0,"n500":3,"dmin":259.0},"geometry":{"type":"Point","coordinates":[110.365915,-6.978452]}},{"type":"Feature","properties":{"nama":"TK Kanisius","jenjang":"TK","n200":0,"n500":5,"dmin":221.0},"geometry":{"type":"Point","coordinates":[110.454259,-6.980027]}},{"type":"Feature","properties":{"nama":"KB TK TPQ Nabila petir","jenjang":"TK","n200":0,"n500":7,"dmin":227.0},"geometry":{"type":"Point","coordinates":[110.404108,-6.971144]}},{"type":"Feature","properties":{"nama":"SD Negeri Barusari 02","jenjang":"SD","n200":0,"n500":7,"dmin":254.0},"geometry":{"type":"Point","coordinates":[110.40644,-6.988814]}},{"type":"Feature","properties":{"nama":"RA Madin Al Hidayah","jenjang":"TK","n200":0,"n500":0,"dmin":894.0},"geometry":{"type":"Point","coordinates":[110.344175,-6.973733]}},{"type":"Feature","properties":{"nama":"Madrasah Diniyah Jaryul Muna","jenjang":"TK","n200":0,"n500":0,"dmin":809.0},"geometry":{"type":"Point","coordinates":[110.343674,-6.97458]}},{"type":"Feature","properties":{"nama":"SMA Negeri 5 Semarang","jenjang":"SMA","n200":0,"n500":8,"dmin":222.0},"geometry":{"type":"Point","coordinates":[110.412771,-6.980182]}},{"type":"Feature","properties":{"nama":"TK PGRI 103","jenjang":"TK","n200":0,"n500":4,"dmin":345.0},"geometry":{"type":"Point","coordinates":[110.460407,-6.974526]}},{"type":"Feature","properties":{"nama":"SD Suryo Bimo Kresno","jenjang":"SD","n200":0,"n500":3,"dmin":246.0},"geometry":{"type":"Point","coordinates":[110.3685,-7.000773]}},{"type":"Feature","properties":{"nama":"SD Negeri Jatingaleh 03","jenjang":"SD","n200":0,"n500":2,"dmin":260.0},"geometry":{"type":"Point","coordinates":[110.420365,-7.028781]}},{"type":"Feature","properties":{"nama":"SD Negeri Karangtempel Semarang","jenjang":"SD","n200":0,"n500":8,"dmin":222.0},"geometry":{"type":"Point","coordinates":[110.438534,-6.992701]}},{"type":"Feature","properties":{"nama":"SD Negeri Barusari 01","jenjang":"SD","n200":0,"n500":3,"dmin":328.0},"geometry":{"type":"Point","coordinates":[110.407542,-6.98551]}},{"type":"Feature","properties":{"nama":"SMP Negeri 11 Semarang","jenjang":"SMP","n200":0,"n500":7,"dmin":266.0},"geometry":{"type":"Point","coordinates":[110.412129,-7.027559]}},{"type":"Feature","properties":{"nama":"SD Muhammadiyah 10 Semarang","jenjang":"SD","n200":0,"n500":11,"dmin":245.0},"geometry":{"type":"Point","coordinates":[110.409212,-6.965939]}},{"type":"Feature","properties":{"nama":"TK Ma'had Islam","jenjang":"TK","n200":0,"n500":4,"dmin":205.0},"geometry":{"type":"Point","coordinates":[110.432138,-6.973237]}},{"type":"Feature","properties":{"nama":"SD Bugangan 1","jenjang":"SD","n200":0,"n500":7,"dmin":291.0},"geometry":{"type":"Point","coordinates":[110.440258,-6.97434]}},{"type":"Feature","properties":{"nama":"SD Negeri Gajahmungkur 02","jenjang":"SD","n200":0,"n500":1,"dmin":319.0},"geometry":{"type":"Point","coordinates":[110.405795,-7.01358]}},{"type":"Feature","properties":{"nama":"SD Negeri Gajahmungkur 03","jenjang":"SD","n200":0,"n500":2,"dmin":242.0},"geometry":{"type":"Point","coordinates":[110.41089,-7.011619]}},{"type":"Feature","properties":{"nama":"PAUD,TK Tarbiyatul Lathifah","jenjang":"TK","n200":0,"n500":0,"dmin":746.0},"geometry":{"type":"Point","coordinates":[110.497813,-6.982294]}},{"type":"Feature","properties":{"nama":"TK Pangudi Luhur Vincentius & TK Tunas Harapan","jenjang":"TK","n200":0,"n500":1,"dmin":384.0},"geometry":{"type":"Point","coordinates":[110.441022,-6.953829]}},{"type":"Feature","properties":{"nama":"TK Gunungjati","jenjang":"TK","n200":0,"n500":2,"dmin":428.0},"geometry":{"type":"Point","coordinates":[110.292411,-6.974533]}},{"type":"Feature","properties":{"nama":"PAUD Mutiara Bunda","jenjang":"TK","n200":0,"n500":0,"dmin":658.0},"geometry":{"type":"Point","coordinates":[110.366268,-7.079454]}},{"type":"Feature","properties":{"nama":"SD Negeri Karanganyar Gunung 01","jenjang":"SD","n200":0,"n500":1,"dmin":353.0},"geometry":{"type":"Point","coordinates":[110.430956,-7.017241]}},{"type":"Feature","properties":{"nama":"TK Islam Primadana","jenjang":"TK","n200":0,"n500":4,"dmin":328.0},"geometry":{"type":"Point","coordinates":[110.459114,-7.000088]}},{"type":"Feature","properties":{"nama":"SD Islam Terpadu Bunayya","jenjang":"SD","n200":0,"n500":6,"dmin":221.0},"geometry":{"type":"Point","coordinates":[110.43081,-7.02874]}},{"type":"Feature","properties":{"nama":"KB Lovely","jenjang":"TK","n200":0,"n500":3,"dmin":419.0},"geometry":{"type":"Point","coordinates":[110.319721,-6.979615]}},{"type":"Feature","properties":{"nama":"KB-TK Khairu Ummah","jenjang":"TK","n200":0,"n500":9,"dmin":332.0},"geometry":{"type":"Point","coordinates":[110.429841,-7.069529]}},{"type":"Feature","properties":{"nama":"SD Negeri Kemijen 1","jenjang":"SD","n200":0,"n500":2,"dmin":238.0},"geometry":{"type":"Point","coordinates":[110.436447,-6.953432]}},{"type":"Feature","properties":{"nama":"SMK Pangudi Luhur Tarcisius 2","jenjang":"SMA","n200":0,"n500":1,"dmin":238.0},"geometry":{"type":"Point","coordinates":[110.468013,-6.975312]}},{"type":"Feature","properties":{"nama":"TK Kartini","jenjang":"TK","n200":0,"n500":0,"dmin":1245.0},"geometry":{"type":"Point","coordinates":[110.320433,-7.078054]}},{"type":"Feature","properties":{"nama":"PAUD Pelita Mandiri","jenjang":"TK","n200":0,"n500":0,"dmin":683.0},"geometry":{"type":"Point","coordinates":[110.44878,-7.019417]}},{"type":"Feature","properties":{"nama":"SMK Hidatatus Syubban","jenjang":"SMA","n200":0,"n500":1,"dmin":356.0},"geometry":{"type":"Point","coordinates":[110.496846,-6.965807]}},{"type":"Feature","properties":{"nama":"MTs Hidauatus Syubban","jenjang":"SMP","n200":0,"n500":1,"dmin":336.0},"geometry":{"type":"Point","coordinates":[110.49666,-6.966181]}},{"type":"Feature","properties":{"nama":"TK Mutiara Al-Falah","jenjang":"TK","n200":0,"n500":0,"dmin":1044.0},"geometry":{"type":"Point","coordinates":[110.500171,-6.991398]}},{"type":"Feature","properties":{"nama":"SDI Nurul Qur'an","jenjang":"SD","n200":0,"n500":0,"dmin":730.0},"geometry":{"type":"Point","coordinates":[110.500009,-6.959579]}},{"type":"Feature","properties":{"nama":"MI Negeri Kota Semarang","jenjang":"SD","n200":0,"n500":1,"dmin":446.0},"geometry":{"type":"Point","coordinates":[110.387497,-7.108571]}},{"type":"Feature","properties":{"nama":"SMP Hasanudin 5","jenjang":"SMP","n200":0,"n500":1,"dmin":386.0},"geometry":{"type":"Point","coordinates":[110.307638,-6.970911]}},{"type":"Feature","properties":{"nama":"SD-SMP Islam Terpadu Amadani dan MA Nudia","jenjang":"SMA","n200":0,"n500":0,"dmin":1949.0},"geometry":{"type":"Point","coordinates":[110.367661,-7.107115]}},{"type":"Feature","properties":{"nama":"RA Al-Hidayah","jenjang":"TK","n200":0,"n500":4,"dmin":292.0},"geometry":{"type":"Point","coordinates":[110.356549,-6.986941]}},{"type":"Feature","properties":{"nama":"TK Islam Permatasari","jenjang":"TK","n200":0,"n500":7,"dmin":238.0},"geometry":{"type":"Point","coordinates":[110.45577,-6.981126]}},{"type":"Feature","properties":{"nama":"Lembaga Pendidikan Ma'arif NU","jenjang":"SMA","n200":0,"n500":2,"dmin":424.0},"geometry":{"type":"Point","coordinates":[110.351428,-6.981982]}},{"type":"Feature","properties":{"nama":"KB - TK An Nur","jenjang":"TK","n200":0,"n500":2,"dmin":369.0},"geometry":{"type":"Point","coordinates":[110.343691,-6.982712]}},{"type":"Feature","properties":{"nama":"SD Negeri Pongangan","jenjang":"SD","n200":0,"n500":0,"dmin":537.0},"geometry":{"type":"Point","coordinates":[110.364659,-7.058693]}},{"type":"Feature","properties":{"nama":"SD Wijaya Kusuma & MI Nusantara","jenjang":"SD","n200":0,"n500":0,"dmin":827.0},"geometry":{"type":"Point","coordinates":[110.360652,-7.048059]}},{"type":"Feature","properties":{"nama":"TK Islam Darul Mashooleh","jenjang":"TK","n200":0,"n500":3,"dmin":326.0},"geometry":{"type":"Point","coordinates":[110.480375,-7.02392]}},{"type":"Feature","properties":{"nama":"SD Negeri Kandri 01","jenjang":"SD","n200":0,"n500":0,"dmin":636.0},"geometry":{"type":"Point","coordinates":[110.356164,-7.058512]}},{"type":"Feature","properties":{"nama":"TK Pertiwi 05","jenjang":"TK","n200":0,"n500":2,"dmin":279.0},"geometry":{"type":"Point","coordinates":[110.342569,-7.028254]}},{"type":"Feature","properties":{"nama":"SD Negeri Rowosari 01","jenjang":"SD","n200":0,"n500":0,"dmin":652.0},"geometry":{"type":"Point","coordinates":[110.474001,-7.070514]}},{"type":"Feature","properties":{"nama":"SD-SMP Marsudirini & SD BSB","jenjang":"SMP","n200":0,"n500":0,"dmin":554.0},"geometry":{"type":"Point","coordinates":[110.335591,-7.034972]}},{"type":"Feature","properties":{"nama":"SD Islam Al Azhar 29","jenjang":"SD","n200":0,"n500":1,"dmin":483.0},"geometry":{"type":"Point","coordinates":[110.337313,-7.031809]}},{"type":"Feature","properties":{"nama":"SD Negeri Podorejo 01","jenjang":"SD","n200":0,"n500":0,"dmin":2564.0},"geometry":{"type":"Point","coordinates":[110.29381,-7.012393]}},{"type":"Feature","properties":{"nama":"Sekolah Dasar Ma'had Islam","jenjang":"SMA","n200":0,"n500":14,"dmin":232.0},"geometry":{"type":"Point","coordinates":[110.428598,-6.972396]}},{"type":"Feature","properties":{"nama":"TK PGRI 52","jenjang":"TK","n200":0,"n500":2,"dmin":296.0},"geometry":{"type":"Point","coordinates":[110.439478,-6.952568]}},{"type":"Feature","properties":{"nama":"SMK GEDONGSONGO","jenjang":"PT","n200":0,"n500":7,"dmin":252.0},"geometry":{"type":"Point","coordinates":[110.3934,-6.9836]}},{"type":"Feature","properties":{"nama":"SMK PL TARCISIUS 2","jenjang":"PT","n200":0,"n500":4,"dmin":292.0},"geometry":{"type":"Point","coordinates":[110.4762,-6.9986]}},{"type":"Feature","properties":{"nama":"SMK PERINTIS 29 02","jenjang":"PT","n200":0,"n500":2,"dmin":270.0},"geometry":{"type":"Point","coordinates":[110.4129,-7.0224]}},{"type":"Feature","properties":{"nama":"SMA AL USWAH","jenjang":"PT","n200":0,"n500":1,"dmin":427.0},"geometry":{"type":"Point","coordinates":[110.3911,-7.0903]}},{"type":"Feature","properties":{"nama":"SMA NEGERI 16","jenjang":"PT","n200":0,"n500":0,"dmin":1251.0},"geometry":{"type":"Point","coordinates":[110.3086,-7.0245]}},{"type":"Feature","properties":{"nama":"MA BAITUSSALAM","jenjang":"PT","n200":0,"n500":1,"dmin":344.0},"geometry":{"type":"Point","coordinates":[110.3085,-7.0566]}},{"type":"Feature","properties":{"nama":"TK PGRI 05/90","jenjang":"TK","n200":0,"n500":5,"dmin":207.0},"geometry":{"type":"Point","coordinates":[110.3282,-6.994]}},{"type":"Feature","properties":{"nama":"TK PGRI 108","jenjang":"TK","n200":0,"n500":1,"dmin":411.0},"geometry":{"type":"Point","coordinates":[110.417141,-6.95973]}},{"type":"Feature","properties":{"nama":"RA/BA/TA HASANUDDIN","jenjang":"TK","n200":0,"n500":1,"dmin":258.0},"geometry":{"type":"Point","coordinates":[110.414,-6.9578]}},{"type":"Feature","properties":{"nama":"TK ISLAM NURUL HUDA","jenjang":"TK","n200":0,"n500":1,"dmin":212.0},"geometry":{"type":"Point","coordinates":[110.434635,-7.029939]}},{"type":"Feature","properties":{"nama":"TK KARTIKA III-02","jenjang":"TK","n200":0,"n500":6,"dmin":229.0},"geometry":{"type":"Point","coordinates":[110.4263,-7.0254]}},{"type":"Feature","properties":{"nama":"TK AISYIYAH BUSTANUL ATHFAL 50","jenjang":"TK","n200":0,"n500":1,"dmin":394.0},"geometry":{"type":"Point","coordinates":[110.3084,-7.0612]}},{"type":"Feature","properties":{"nama":"POS PAUD SASANA BAHRUL ULUM","jenjang":"TK","n200":0,"n500":0,"dmin":692.0},"geometry":{"type":"Point","coordinates":[110.352978,-6.978135]}},{"type":"Feature","properties":{"nama":"POS PAUD TUNAS MEKAR","jenjang":"TK","n200":0,"n500":4,"dmin":251.0},"geometry":{"type":"Point","coordinates":[110.4149,-6.9633]}},{"type":"Feature","properties":{"nama":"POS PAUD TUNAS BANGSA VIII","jenjang":"TK","n200":0,"n500":1,"dmin":462.0},"geometry":{"type":"Point","coordinates":[110.459976,-7.0178]}},{"type":"Feature","properties":{"nama":"KB ISLAM AL MADINA","jenjang":"TK","n200":0,"n500":6,"dmin":224.0},"geometry":{"type":"Point","coordinates":[110.3922,-7.008]}},{"type":"Feature","properties":{"nama":"POS PAUD LESTARI I","jenjang":"TK","n200":0,"n500":0,"dmin":1021.0},"geometry":{"type":"Point","coordinates":[110.371699,-7.094089]}},{"type":"Feature","properties":{"nama":"RA TARBIYATUL ULUM BANJARDOWO","jenjang":"TK","n200":0,"n500":4,"dmin":220.0},"geometry":{"type":"Point","coordinates":[110.480164,-6.965247]}},{"type":"Feature","properties":{"nama":"KB BAGIMU NEGERIKU","jenjang":"TK","n200":0,"n500":0,"dmin":1597.0},"geometry":{"type":"Point","coordinates":[110.302478,-7.010969]}},{"type":"Feature","properties":{"nama":"POS PAUD SIDO MULYO JAYA","jenjang":"TK","n200":0,"n500":0,"dmin":716.0},"geometry":{"type":"Point","coordinates":[110.477291,-7.053096]}},{"type":"Feature","properties":{"nama":"KB AL FALAH","jenjang":"TK","n200":0,"n500":8,"dmin":297.0},"geometry":{"type":"Point","coordinates":[110.416818,-7.071508]}},{"type":"Feature","properties":{"nama":"POS PAUD LESTARI V","jenjang":"TK","n200":0,"n500":3,"dmin":377.0},"geometry":{"type":"Point","coordinates":[110.393029,-6.965759]}},{"type":"Feature","properties":{"nama":"Sekolah Tinggi Ilmu Kesehatan Kesdam IV / Diponegoro","jenjang":"PT","n200":0,"n500":3,"dmin":380.0},"geometry":{"type":"Point","coordinates":[110.407973,-6.985321]}},{"type":"Feature","properties":{"nama":"Akademi Keperawatan Asih Husada Semarang","jenjang":"PT","n200":0,"n500":3,"dmin":283.0},"geometry":{"type":"Point","coordinates":[110.472462,-7.021576]}},{"type":"Feature","properties":{"nama":"RA Al Khoiriyah","jenjang":"TK","n200":0,"n500":2,"dmin":298.0},"geometry":{"type":"Point","coordinates":[110.406197,-6.984634]}},{"type":"Feature","properties":{"nama":"PAUD Saraswati","jenjang":"TK","n200":0,"n500":2,"dmin":294.0},"geometry":{"type":"Point","coordinates":[110.440525,-6.979583]}},{"type":"Feature","properties":{"nama":"KB-TK Kristen Gratia","jenjang":"TK","n200":0,"n500":6,"dmin":256.0},"geometry":{"type":"Point","coordinates":[110.436763,-7.003158]}},{"type":"Feature","properties":{"nama":"KB, TK Bunda Hati Kudus","jenjang":"TK","n200":0,"n500":1,"dmin":474.0},"geometry":{"type":"Point","coordinates":[110.369094,-6.97108]}},{"type":"Feature","properties":{"nama":"PAUD Qurrota A'yun","jenjang":"TK","n200":0,"n500":2,"dmin":461.0},"geometry":{"type":"Point","coordinates":[110.444335,-7.015687]}},{"type":"Feature","properties":{"nama":"KB, RA Bina Mutiara hati","jenjang":"TK","n200":0,"n500":5,"dmin":215.0},"geometry":{"type":"Point","coordinates":[110.364125,-6.996289]}},{"type":"Feature","properties":{"nama":"TK PGRI 71 Kedungmundu","jenjang":"TK","n200":0,"n500":1,"dmin":319.0},"geometry":{"type":"Point","coordinates":[110.454711,-7.019975]}},{"type":"Feature","properties":{"nama":"PG-TK Ulul Absor","jenjang":"TK","n200":0,"n500":6,"dmin":258.0},"geometry":{"type":"Point","coordinates":[110.41549,-7.072947]}},{"type":"Feature","properties":{"nama":"MI Baitul Huda Klampisan","jenjang":"SD","n200":0,"n500":5,"dmin":217.0},"geometry":{"type":"Point","coordinates":[110.364106,-6.996277]}},{"type":"Feature","properties":{"nama":"TK Aisyiyah Bustanul Athfal 22","jenjang":"TK","n200":0,"n500":6,"dmin":237.0},"geometry":{"type":"Point","coordinates":[110.39196,-6.977731]}},{"type":"Feature","properties":{"nama":"TK PGRI 104 Gisikdrono - PAUD KB Handayani","jenjang":"TK","n200":0,"n500":5,"dmin":229.0},"geometry":{"type":"Point","coordinates":[110.384263,-6.996387]}},{"type":"Feature","properties":{"nama":"SD Pangudi Luhur Servatius Gunung Brintik","jenjang":"SD","n200":0,"n500":3,"dmin":249.0},"geometry":{"type":"Point","coordinates":[110.410143,-6.987073]}},{"type":"Feature","properties":{"nama":"TK PGRI 77","jenjang":"TK","n200":0,"n500":3,"dmin":248.0},"geometry":{"type":"Point","coordinates":[110.36589,-6.977079]}},{"type":"Feature","properties":{"nama":"TK Sukawati","jenjang":"TK","n200":0,"n500":3,"dmin":248.0},"geometry":{"type":"Point","coordinates":[110.41729,-6.963488]}},{"type":"Feature","properties":{"nama":"RA Birrul Walidain","jenjang":"TK","n200":0,"n500":9,"dmin":222.0},"geometry":{"type":"Point","coordinates":[110.413072,-6.968754]}},{"type":"Feature","properties":{"nama":"TK Mekar Sari","jenjang":"TK","n200":0,"n500":9,"dmin":209.0},"geometry":{"type":"Point","coordinates":[110.432963,-6.979969]}},{"type":"Feature","properties":{"nama":"RA Masyithoh","jenjang":"TK","n200":0,"n500":2,"dmin":450.0},"geometry":{"type":"Point","coordinates":[110.351505,-6.981746]}},{"type":"Feature","properties":{"nama":"PAUD Al - Hidayah","jenjang":"TK","n200":0,"n500":0,"dmin":693.0},"geometry":{"type":"Point","coordinates":[110.372605,-7.032254]}},{"type":"Feature","properties":{"nama":"TK Kanisius Lemper Tengah","jenjang":"TK","n200":0,"n500":2,"dmin":348.0},"geometry":{"type":"Point","coordinates":[110.445864,-7.01528]}},{"type":"Feature","properties":{"nama":"Pos PAUD Pelangi","jenjang":"TK","n200":0,"n500":6,"dmin":278.0},"geometry":{"type":"Point","coordinates":[110.362599,-6.990313]}},{"type":"Feature","properties":{"nama":"PAUD Kusumasari","jenjang":"TK","n200":0,"n500":0,"dmin":514.0},"geometry":{"type":"Point","coordinates":[110.432329,-7.016395]}},{"type":"Feature","properties":{"nama":"RA Hj. Zaedar Umar","jenjang":"TK","n200":0,"n500":6,"dmin":288.0},"geometry":{"type":"Point","coordinates":[110.412398,-6.9974]}},{"type":"Feature","properties":{"nama":"SD Bandarharjo","jenjang":"SD","n200":0,"n500":3,"dmin":239.0},"geometry":{"type":"Point","coordinates":[110.427644,-6.962211]}},{"type":"Feature","properties":{"nama":"SD Negeri Petompon 03","jenjang":"SD","n200":0,"n500":6,"dmin":217.0},"geometry":{"type":"Point","coordinates":[110.403891,-7.000169]}},{"type":"Feature","properties":{"nama":"SMP Negeri 10 Semarang","jenjang":"SMP","n200":0,"n500":4,"dmin":253.0},"geometry":{"type":"Point","coordinates":[110.416984,-6.991195]}},{"type":"Feature","properties":{"nama":"SMK Negeri 8 Semarang","jenjang":"SMA","n200":0,"n500":8,"dmin":205.0},"geometry":{"type":"Point","coordinates":[110.420502,-6.990284]}},{"type":"Feature","properties":{"nama":"SMP Negeri 6 Semarang","jenjang":"SMP","n200":0,"n500":10,"dmin":290.0},"geometry":{"type":"Point","coordinates":[110.433524,-6.970118]}},{"type":"Feature","properties":{"nama":"SD Negeri Bangunharjo","jenjang":"SD","n200":0,"n500":10,"dmin":229.0},"geometry":{"type":"Point","coordinates":[110.421897,-6.974017]}},{"type":"Feature","properties":{"nama":"TK Kusuma Bakti","jenjang":"TK","n200":0,"n500":0,"dmin":653.0},"geometry":{"type":"Point","coordinates":[110.426527,-6.958653]}},{"type":"Feature","properties":{"nama":"KB - TK Pelita Bunda","jenjang":"TK","n200":0,"n500":2,"dmin":341.0},"geometry":{"type":"Point","coordinates":[110.396309,-7.021388]}},{"type":"Feature","properties":{"nama":"SMP Negeri 39 Semarang","jenjang":"SMP","n200":0,"n500":6,"dmin":266.0},"geometry":{"type":"Point","coordinates":[110.436163,-7.003658]}},{"type":"Feature","properties":{"nama":"PAUD Mekarsari","jenjang":"TK","n200":0,"n500":1,"dmin":255.0},"geometry":{"type":"Point","coordinates":[110.361664,-7.05768]}},{"type":"Feature","properties":{"nama":"PAUD - KB Bhakti Ananda","jenjang":"TK","n200":0,"n500":0,"dmin":1623.0},"geometry":{"type":"Point","coordinates":[110.362971,-7.038317]}},{"type":"Feature","properties":{"nama":"MI Raudlatussibyaan","jenjang":"SD","n200":0,"n500":1,"dmin":388.0},"geometry":{"type":"Point","coordinates":[110.367565,-7.089719]}},{"type":"Feature","properties":{"nama":"SMA Negeri 11 Semarang","jenjang":"SMA","n200":0,"n500":2,"dmin":357.0},"geometry":{"type":"Point","coordinates":[110.446444,-7.005782]}},{"type":"Feature","properties":{"nama":"Pra PG, PG, TK Marsudirini Kanak-kanak Yesus","jenjang":"TK","n200":0,"n500":4,"dmin":224.0},"geometry":{"type":"Point","coordinates":[110.411361,-6.981832]}},{"type":"Feature","properties":{"nama":"SD Marsudirini Semarang","jenjang":"SD","n200":0,"n500":4,"dmin":204.0},"geometry":{"type":"Point","coordinates":[110.411584,-6.981549]}},{"type":"Feature","properties":{"nama":"SD Negeri Lamper Tengah 02","jenjang":"SD","n200":0,"n500":2,"dmin":377.0},"geometry":{"type":"Point","coordinates":[110.44709,-7.004957]}},{"type":"Feature","properties":{"nama":"SD Islam Hasanuddin 4 dan SMP Islam Hasanuddin 8","jenjang":"SMP","n200":0,"n500":4,"dmin":298.0},"geometry":{"type":"Point","coordinates":[110.470155,-6.951565]}},{"type":"Feature","properties":{"nama":"SMP Islam Nurus Sunnah","jenjang":"SMP","n200":0,"n500":2,"dmin":389.0},"geometry":{"type":"Point","coordinates":[110.447192,-7.057009]}},{"type":"Feature","properties":{"nama":"Rumah Pintar Melati","jenjang":"TK","n200":0,"n500":3,"dmin":239.0},"geometry":{"type":"Point","coordinates":[110.33358,-7.096005]}},{"type":"Feature","properties":{"nama":"PAUD - TK Islam Yayasan Nurul Iman Menjangan","jenjang":"TK","n200":0,"n500":3,"dmin":216.0},"geometry":{"type":"Point","coordinates":[110.46233,-7.006601]}},{"type":"Feature","properties":{"nama":"MI Miftahul Ulum 01","jenjang":"SD","n200":0,"n500":0,"dmin":679.0},"geometry":{"type":"Point","coordinates":[110.481407,-7.061694]}},{"type":"Feature","properties":{"nama":"Pos PAUD Bina Anak Bangsa","jenjang":"TK","n200":0,"n500":0,"dmin":1564.0},"geometry":{"type":"Point","coordinates":[110.304568,-6.958707]}},{"type":"Feature","properties":{"nama":"PAUD, TK Islam Terpadu Al Hikmah","jenjang":"TK","n200":0,"n500":4,"dmin":216.0},"geometry":{"type":"Point","coordinates":[110.357199,-6.987235]}},{"type":"Feature","properties":{"nama":"PAUD Permata Bunda","jenjang":"TK","n200":0,"n500":1,"dmin":414.0},"geometry":{"type":"Point","coordinates":[110.479078,-7.061018]}},{"type":"Feature","properties":{"nama":"SD-SMP Ulul Absor","jenjang":"SMP","n200":0,"n500":6,"dmin":258.0},"geometry":{"type":"Point","coordinates":[110.415528,-7.072928]}},{"type":"Feature","properties":{"nama":"SD Kanisius Lamper Tengah","jenjang":"SD","n200":0,"n500":2,"dmin":351.0},"geometry":{"type":"Point","coordinates":[110.446049,-7.015353]}},{"type":"Feature","properties":{"nama":"TK Islam Terpadu Berlian","jenjang":"TK","n200":0,"n500":4,"dmin":277.0},"geometry":{"type":"Point","coordinates":[110.472378,-6.985531]}},{"type":"Feature","properties":{"nama":"PAUD Melati 3","jenjang":"TK","n200":0,"n500":3,"dmin":329.0},"geometry":{"type":"Point","coordinates":[110.498222,-6.973314]}},{"type":"Feature","properties":{"nama":"TK PHRI 116","jenjang":"TK","n200":0,"n500":4,"dmin":278.0},"geometry":{"type":"Point","coordinates":[110.477885,-6.983582]}},{"type":"Feature","properties":{"nama":"SD Negeri Purwoyoso 03","jenjang":"SD","n200":0,"n500":5,"dmin":257.0},"geometry":{"type":"Point","coordinates":[110.36855,-6.991172]}},{"type":"Feature","properties":{"nama":"Pos PAUD Kenanga","jenjang":"TK","n200":0,"n500":4,"dmin":335.0},"geometry":{"type":"Point","coordinates":[110.332825,-6.976983]}},{"type":"Feature","properties":{"nama":"SD Negeri Gunungpati 01","jenjang":"SD","n200":0,"n500":1,"dmin":231.0},"geometry":{"type":"Point","coordinates":[110.353273,-7.090464]}},{"type":"Feature","properties":{"nama":"SD Negeri Tinjomoyo 02","jenjang":"SD","n200":0,"n500":0,"dmin":593.0},"geometry":{"type":"Point","coordinates":[110.405539,-7.033666]}},{"type":"Feature","properties":{"nama":"TK Tri Siwi","jenjang":"TK","n200":0,"n500":1,"dmin":497.0},"geometry":{"type":"Point","coordinates":[110.475632,-7.050357]}},{"type":"Feature","properties":{"nama":"KB, RA Masjid Al-Azhar","jenjang":"TK","n200":0,"n500":2,"dmin":279.0},"geometry":{"type":"Point","coordinates":[110.335414,-7.000996]}},{"type":"Feature","properties":{"nama":"PAUD Jasmine","jenjang":"TK","n200":0,"n500":0,"dmin":577.0},"geometry":{"type":"Point","coordinates":[110.364731,-7.059134]}},{"type":"Feature","properties":{"nama":"PAUD Buah Hati","jenjang":"TK","n200":0,"n500":1,"dmin":458.0},"geometry":{"type":"Point","coordinates":[110.453366,-7.033982]}},{"type":"Feature","properties":{"nama":"PAUD Hj. Siti Ansah","jenjang":"TK","n200":0,"n500":3,"dmin":210.0},"geometry":{"type":"Point","coordinates":[110.457397,-7.024772]}},{"type":"Feature","properties":{"nama":"TK Pertiwi XI","jenjang":"TK","n200":0,"n500":5,"dmin":210.0},"geometry":{"type":"Point","coordinates":[110.338021,-7.017208]}},{"type":"Feature","properties":{"nama":"MTs. Hidayatul Athfal","jenjang":"SMP","n200":0,"n500":2,"dmin":441.0},"geometry":{"type":"Point","coordinates":[110.483461,-7.039994]}},{"type":"Feature","properties":{"nama":"TK Semesta","jenjang":"TK","n200":0,"n500":0,"dmin":558.0},"geometry":{"type":"Point","coordinates":[110.416302,-7.054551]}},{"type":"Feature","properties":{"nama":"Sekolah Dasar Ma'had Islam","jenjang":"SMA","n200":0,"n500":14,"dmin":207.0},"geometry":{"type":"Point","coordinates":[110.428455,-6.972148]}},{"type":"Feature","properties":{"nama":"TK Tunas Rimba II Wanamukti","jenjang":"TK","n200":0,"n500":3,"dmin":396.0},"geometry":{"type":"Point","coordinates":[110.462775,-7.02937]}},{"type":"Feature","properties":{"nama":"TK Sendang Mulyo","jenjang":"TK","n200":0,"n500":3,"dmin":218.0},"geometry":{"type":"Point","coordinates":[110.475819,-7.044746]}},{"type":"Feature","properties":{"nama":"TK Putra Nusa","jenjang":"TK","n200":0,"n500":7,"dmin":296.0},"geometry":{"type":"Point","coordinates":[110.461046,-7.031901]}},{"type":"Feature","properties":{"nama":"SD Takhossus","jenjang":"SD","n200":0,"n500":2,"dmin":362.0},"geometry":{"type":"Point","coordinates":[110.491473,-6.963526]}},{"type":"Feature","properties":{"nama":"TK Bhakti Pertiwi IV","jenjang":"TK","n200":0,"n500":1,"dmin":440.0},"geometry":{"type":"Point","coordinates":[110.471518,-7.026502]}},{"type":"Feature","properties":{"nama":"TK Islam Terpadu Insan Mulia","jenjang":"TK","n200":0,"n500":0,"dmin":606.0},"geometry":{"type":"Point","coordinates":[110.319429,-6.998866]}},{"type":"Feature","properties":{"nama":"SMA BINA NUSANTARA","jenjang":"PT","n200":0,"n500":3,"dmin":275.0},"geometry":{"type":"Point","coordinates":[110.301291,-6.976133]}},{"type":"Feature","properties":{"nama":"SMK KRISTEN TERANG BANGSA","jenjang":"PT","n200":0,"n500":0,"dmin":630.0},"geometry":{"type":"Point","coordinates":[110.3841,-6.9733]}},{"type":"Feature","properties":{"nama":"SMK PELAYARAN AKPELNI","jenjang":"PT","n200":0,"n500":5,"dmin":364.0},"geometry":{"type":"Point","coordinates":[110.405465,-6.98236]}},{"type":"Feature","properties":{"nama":"MA HIDAYATUS SYUBBAN","jenjang":"PT","n200":0,"n500":1,"dmin":310.0},"geometry":{"type":"Point","coordinates":[110.4964,-6.9664]}},{"type":"Feature","properties":{"nama":"SMK MUHAMMADIYAH 2","jenjang":"PT","n200":0,"n500":3,"dmin":216.0},"geometry":{"type":"Point","coordinates":[110.4069,-7.0301]}},{"type":"Feature","properties":{"nama":"Akademi Kesehatan Asih Husada","jenjang":"PT","n200":0,"n500":3,"dmin":283.0},"geometry":{"type":"Point","coordinates":[110.472462,-7.021576]}},{"type":"Feature","properties":{"nama":"SMK ISLAM AL BISYRI","jenjang":"PT","n200":0,"n500":2,"dmin":260.0},"geometry":{"type":"Point","coordinates":[110.4074,-7.0313]}},{"type":"Feature","properties":{"nama":"TK AGAPE","jenjang":"TK","n200":0,"n500":6,"dmin":244.0},"geometry":{"type":"Point","coordinates":[110.3889,-6.9676]}},{"type":"Feature","properties":{"nama":"RA/BA/TA FUTUHIYYAH","jenjang":"TK","n200":0,"n500":4,"dmin":445.0},"geometry":{"type":"Point","coordinates":[110.4825,-6.9641]}},{"type":"Feature","properties":{"nama":"TPA MUTIARA PUTIH","jenjang":"TK","n200":0,"n500":1,"dmin":429.0},"geometry":{"type":"Point","coordinates":[110.455489,-7.065412]}},{"type":"Feature","properties":{"nama":"KB PERMATA BANGSA","jenjang":"TK","n200":0,"n500":0,"dmin":600.0},"geometry":{"type":"Point","coordinates":[110.4169,-7.0412]}},{"type":"Feature","properties":{"nama":"TK PERTIWI 50","jenjang":"TK","n200":0,"n500":0,"dmin":1142.0},"geometry":{"type":"Point","coordinates":[110.3486,-7.0598]}},{"type":"Feature","properties":{"nama":"TK BENIH BAGI BANGSA","jenjang":"TK","n200":0,"n500":0,"dmin":1042.0},"geometry":{"type":"Point","coordinates":[110.3113,-7.019]}},{"type":"Feature","properties":{"nama":"POS PAUD MELATI","jenjang":"TK","n200":0,"n500":2,"dmin":459.0},"geometry":{"type":"Point","coordinates":[110.4268,-6.9604]}},{"type":"Feature","properties":{"nama":"KB AISYIYAH 19","jenjang":"TK","n200":0,"n500":1,"dmin":399.0},"geometry":{"type":"Point","coordinates":[110.4732,-6.9654]}},{"type":"Feature","properties":{"nama":"POS PAUD CEMPAKA","jenjang":"TK","n200":0,"n500":1,"dmin":268.0},"geometry":{"type":"Point","coordinates":[110.3054,-7.0666]}},{"type":"Feature","properties":{"nama":"POS PAUD BHAKTI IBU","jenjang":"TK","n200":0,"n500":0,"dmin":709.0},"geometry":{"type":"Point","coordinates":[110.430973,-6.958444]}},{"type":"Feature","properties":{"nama":"KB ISLAM USWAH KHASANAH","jenjang":"TK","n200":0,"n500":3,"dmin":238.0},"geometry":{"type":"Point","coordinates":[110.48224,-6.953724]}},{"type":"Feature","properties":{"nama":"POS PAUD PERMATA HATI","jenjang":"TK","n200":0,"n500":0,"dmin":748.0},"geometry":{"type":"Point","coordinates":[110.443188,-7.019279]}},{"type":"Feature","properties":{"nama":"POS PAUD ANAK BANGSA EMPAT BELAS","jenjang":"TK","n200":0,"n500":4,"dmin":262.0},"geometry":{"type":"Point","coordinates":[110.451479,-7.016723]}},{"type":"Feature","properties":{"nama":"Sekolah Tinggi Ilmu Ekonomi Dharma Putra Semarang","jenjang":"PT","n200":0,"n500":6,"dmin":262.0},"geometry":{"type":"Point","coordinates":[110.397331,-6.991382]}},{"type":"Feature","properties":{"nama":"TK LB Immanuel","jenjang":"TK","n200":0,"n500":15,"dmin":251.0},"geometry":{"type":"Point","coordinates":[110.42459,-6.984659]}},{"type":"Feature","properties":{"nama":"PAUD Mekarsari","jenjang":"TK","n200":0,"n500":2,"dmin":483.0},"geometry":{"type":"Point","coordinates":[110.451969,-6.996383]}},{"type":"Feature","properties":{"nama":"TK Sekar Sari","jenjang":"TK","n200":0,"n500":0,"dmin":682.0},"geometry":{"type":"Point","coordinates":[110.445192,-7.018204]}},{"type":"Feature","properties":{"nama":"PAUD Baitul Muqorobin Duduhan","jenjang":"TK","n200":0,"n500":2,"dmin":454.0},"geometry":{"type":"Point","coordinates":[110.331324,-7.05346]}},{"type":"Feature","properties":{"nama":"SD Wates 02","jenjang":"SD","n200":0,"n500":4,"dmin":219.0},"geometry":{"type":"Point","coordinates":[110.320846,-7.006113]}},{"type":"Feature","properties":{"nama":"SMP Negeri 19 Semarang","jenjang":"SMP","n200":0,"n500":5,"dmin":279.0},"geometry":{"type":"Point","coordinates":[110.3806,-6.999604]}},{"type":"Feature","properties":{"nama":"SD St. Louis","jenjang":"SD","n200":0,"n500":3,"dmin":218.0},"geometry":{"type":"Point","coordinates":[110.405213,-6.961607]}},{"type":"Feature","properties":{"nama":"SD Islam Gergaji","jenjang":"SD","n200":0,"n500":2,"dmin":266.0},"geometry":{"type":"Point","coordinates":[110.417072,-6.995002]}},{"type":"Feature","properties":{"nama":"PAUD Anak Bangsa XI","jenjang":"TK","n200":0,"n500":0,"dmin":751.0},"geometry":{"type":"Point","coordinates":[110.444825,-7.018752]}},{"type":"Feature","properties":{"nama":"SD Bangunsari","jenjang":"SD","n200":0,"n500":1,"dmin":223.0},"geometry":{"type":"Point","coordinates":[110.416273,-6.95823]}},{"type":"Feature","properties":{"nama":"PAUD Puspita Arum","jenjang":"TK","n200":0,"n500":5,"dmin":242.0},"geometry":{"type":"Point","coordinates":[110.443202,-7.009892]}},{"type":"Feature","properties":{"nama":"TK Cinde Peni","jenjang":"TK","n200":0,"n500":7,"dmin":363.0},"geometry":{"type":"Point","coordinates":[110.437806,-7.013572]}},{"type":"Feature","properties":{"nama":"SD LB Immanuel","jenjang":"SD","n200":0,"n500":14,"dmin":246.0},"geometry":{"type":"Point","coordinates":[110.424621,-6.98461]}},{"type":"Feature","properties":{"nama":"SD Negeri Candi 03","jenjang":"SD","n200":0,"n500":8,"dmin":278.0},"geometry":{"type":"Point","coordinates":[110.429623,-7.008776]}},{"type":"Feature","properties":{"nama":"TK Pertiwi 25","jenjang":"TK","n200":0,"n500":0,"dmin":757.0},"geometry":{"type":"Point","coordinates":[110.355816,-7.061356]}},{"type":"Feature","properties":{"nama":"KB-TK Mutiara Bunda","jenjang":"TK","n200":0,"n500":2,"dmin":429.0},"geometry":{"type":"Point","coordinates":[110.42089,-7.06074]}},{"type":"Feature","properties":{"nama":"PAUD Anugrah Insani","jenjang":"TK","n200":0,"n500":2,"dmin":359.0},"geometry":{"type":"Point","coordinates":[110.489409,-7.010662]}},{"type":"Feature","properties":{"nama":"SD Labschool UNNES","jenjang":"SD","n200":0,"n500":6,"dmin":226.0},"geometry":{"type":"Point","coordinates":[110.388378,-7.0127]}},{"type":"Feature","properties":{"nama":"SD-SMP Pangudi Luhur Bernadus","jenjang":"SMP","n200":0,"n500":4,"dmin":246.0},"geometry":{"type":"Point","coordinates":[110.409854,-6.986399]}},{"type":"Feature","properties":{"nama":"PAUD Tunas Pertiwi","jenjang":"TK","n200":0,"n500":3,"dmin":399.0},"geometry":{"type":"Point","coordinates":[110.449702,-6.998048]}},{"type":"Feature","properties":{"nama":"MI Al-Islamiyah 1-2","jenjang":"SD","n200":0,"n500":3,"dmin":317.0},"geometry":{"type":"Point","coordinates":[110.437708,-6.958959]}},{"type":"Feature","properties":{"nama":"RA Tri Bakti","jenjang":"TK","n200":0,"n500":1,"dmin":394.0},"geometry":{"type":"Point","coordinates":[110.420063,-7.034203]}},{"type":"Feature","properties":{"nama":"SD Kanisius Jatingaleh","jenjang":"SD","n200":0,"n500":3,"dmin":310.0},"geometry":{"type":"Point","coordinates":[110.420168,-7.031037]}},{"type":"Feature","properties":{"nama":"TK Pancarini","jenjang":"TK","n200":0,"n500":2,"dmin":282.0},"geometry":{"type":"Point","coordinates":[110.440483,-6.979481]}},{"type":"Feature","properties":{"nama":"PAUD Aisyiyah","jenjang":"TK","n200":0,"n500":9,"dmin":207.0},"geometry":{"type":"Point","coordinates":[110.450465,-6.982398]}},{"type":"Feature","properties":{"nama":"SMK PELITA NUSANTARA","jenjang":"SMA","n200":0,"n500":6,"dmin":277.0},"geometry":{"type":"Point","coordinates":[110.448854,-6.995061]}},{"type":"Feature","properties":{"nama":"SMK SMA PERDANA","jenjang":"SMA","n200":0,"n500":3,"dmin":299.0},"geometry":{"type":"Point","coordinates":[110.448659,-6.998735]}},{"type":"Feature","properties":{"nama":"SMP-SMK Dr. Cipto","jenjang":"SMA","n200":0,"n500":2,"dmin":452.0},"geometry":{"type":"Point","coordinates":[110.440231,-6.983233]}},{"type":"Feature","properties":{"nama":"SMK Negeri 7 Semarang","jenjang":"SMA","n200":0,"n500":5,"dmin":261.0},"geometry":{"type":"Point","coordinates":[110.420826,-6.991382]}},{"type":"Feature","properties":{"nama":"SD Negeri Mlatiharjo 01","jenjang":"SD","n200":0,"n500":3,"dmin":399.0},"geometry":{"type":"Point","coordinates":[110.441659,-6.963962]}},{"type":"Feature","properties":{"nama":"TK Nusantara","jenjang":"TK","n200":0,"n500":3,"dmin":280.0},"geometry":{"type":"Point","coordinates":[110.485033,-6.983761]}},{"type":"Feature","properties":{"nama":"PAUD Kasih Ibu","jenjang":"TK","n200":0,"n500":0,"dmin":1049.0},"geometry":{"type":"Point","coordinates":[110.365685,-7.047259]}},{"type":"Feature","properties":{"nama":"KB-TK IT Qurrotul Aini","jenjang":"TK","n200":0,"n500":0,"dmin":621.0},"geometry":{"type":"Point","coordinates":[110.396941,-7.069766]}},{"type":"Feature","properties":{"nama":"RA Al - Islam","jenjang":"TK","n200":0,"n500":0,"dmin":653.0},"geometry":{"type":"Point","coordinates":[110.38571,-7.106865]}},{"type":"Feature","properties":{"nama":"PAUD Islam Al - Madina","jenjang":"TK","n200":0,"n500":4,"dmin":278.0},"geometry":{"type":"Point","coordinates":[110.39004,-7.007449]}},{"type":"Feature","properties":{"nama":"SMK Penerbangan Kartika Aqasa Bhakti","jenjang":"SMA","n200":0,"n500":1,"dmin":468.0},"geometry":{"type":"Point","coordinates":[110.376594,-6.982097]}},{"type":"Feature","properties":{"nama":"SD Negeri Tambakharjo","jenjang":"SD","n200":0,"n500":3,"dmin":261.0},"geometry":{"type":"Point","coordinates":[110.3657,-6.977149]}},{"type":"Feature","properties":{"nama":"MA NU Al Hikmah","jenjang":"SMA","n200":0,"n500":2,"dmin":213.0},"geometry":{"type":"Point","coordinates":[110.332912,-7.092691]}},{"type":"Feature","properties":{"nama":"TK Negeri Polaman","jenjang":"TK","n200":0,"n500":2,"dmin":292.0},"geometry":{"type":"Point","coordinates":[110.332345,-7.092254]}},{"type":"Feature","properties":{"nama":"SD Negeri Bulusan","jenjang":"SD","n200":0,"n500":4,"dmin":264.0},"geometry":{"type":"Point","coordinates":[110.445239,-7.062307]}},{"type":"Feature","properties":{"nama":"SD Negeri Gedawang 01","jenjang":"SD","n200":0,"n500":3,"dmin":428.0},"geometry":{"type":"Point","coordinates":[110.421507,-7.084099]}},{"type":"Feature","properties":{"nama":"SDIT Al Firdaus 2","jenjang":"SD","n200":0,"n500":1,"dmin":322.0},"geometry":{"type":"Point","coordinates":[110.422752,-7.09315]}},{"type":"Feature","properties":{"nama":"TK Permata Ceria Bangsa","jenjang":"TK","n200":0,"n500":8,"dmin":312.0},"geometry":{"type":"Point","coordinates":[110.466791,-7.000781]}},{"type":"Feature","properties":{"nama":"SD Negeri Mangkang Kulon 03","jenjang":"SD","n200":0,"n500":0,"dmin":648.0},"geometry":{"type":"Point","coordinates":[110.29832,-6.967141]}},{"type":"Feature","properties":{"nama":"TK PGRI 02/78","jenjang":"TK","n200":0,"n500":2,"dmin":269.0},"geometry":{"type":"Point","coordinates":[110.351135,-6.983701]}},{"type":"Feature","properties":{"nama":"SMP Marsudi Utami","jenjang":"SMP","n200":0,"n500":2,"dmin":225.0},"geometry":{"type":"Point","coordinates":[110.3857,-7.008742]}},{"type":"Feature","properties":{"nama":"SD Tlogosari Kulon 04","jenjang":"SD","n200":0,"n500":10,"dmin":236.0},"geometry":{"type":"Point","coordinates":[110.461949,-6.982019]}},{"type":"Feature","properties":{"nama":"KB/TK A Dinar","jenjang":"TK","n200":0,"n500":5,"dmin":239.0},"geometry":{"type":"Point","coordinates":[110.30694,-7.073062]}},{"type":"Feature","properties":{"nama":"PAUD Kenanga Asri","jenjang":"TK","n200":0,"n500":3,"dmin":249.0},"geometry":{"type":"Point","coordinates":[110.464373,-7.054775]}},{"type":"Feature","properties":{"nama":"SMP-SMK Sudirman","jenjang":"SMA","n200":0,"n500":5,"dmin":212.0},"geometry":{"type":"Point","coordinates":[110.428952,-7.073589]}},{"type":"Feature","properties":{"nama":"MA NU Nurul Huda","jenjang":"SMA","n200":0,"n500":3,"dmin":259.0},"geometry":{"type":"Point","coordinates":[110.296687,-6.970244]}},{"type":"Feature","properties":{"nama":"PAUD Manggis","jenjang":"TK","n200":0,"n500":1,"dmin":423.0},"geometry":{"type":"Point","coordinates":[110.490318,-6.964065]}},{"type":"Feature","properties":{"nama":"SD Negeri Pakintelan 03","jenjang":"SD","n200":0,"n500":1,"dmin":386.0},"geometry":{"type":"Point","coordinates":[110.388443,-7.087386]}},{"type":"Feature","properties":{"nama":"SD Negeri Purwoyoso 02","jenjang":"SD","n200":0,"n500":6,"dmin":245.0},"geometry":{"type":"Point","coordinates":[110.36199,-6.989116]}},{"type":"Feature","properties":{"nama":"PAUD, TK Pembina Aba 54","jenjang":"TK","n200":0,"n500":4,"dmin":229.0},"geometry":{"type":"Point","coordinates":[110.365113,-6.993807]}},{"type":"Feature","properties":{"nama":"SMP Filial Negeri 23 Semarang","jenjang":"SMP","n200":0,"n500":0,"dmin":723.0},"geometry":{"type":"Point","coordinates":[110.292849,-7.038745]}},{"type":"Feature","properties":{"nama":"MI Miftahul Akhlaqiyah","jenjang":"SD","n200":0,"n500":2,"dmin":275.0},"geometry":{"type":"Point","coordinates":[110.332292,-6.995463]}},{"type":"Feature","properties":{"nama":"TK Tarbiyatul Athfal 28 & KB Latifa 9","jenjang":"TK","n200":0,"n500":1,"dmin":264.0},"geometry":{"type":"Point","coordinates":[110.333454,-6.973235]}},{"type":"Feature","properties":{"nama":"SD Negeri Gunungpati 02","jenjang":"SD","n200":0,"n500":4,"dmin":300.0},"geometry":{"type":"Point","coordinates":[110.363193,-7.082378]}},{"type":"Feature","properties":{"nama":"TK Bintang Terang","jenjang":"TK","n200":0,"n500":3,"dmin":259.0},"geometry":{"type":"Point","coordinates":[110.480333,-7.038404]}},{"type":"Feature","properties":{"nama":"TK PGRI 55","jenjang":"TK","n200":0,"n500":0,"dmin":590.0},"geometry":{"type":"Point","coordinates":[110.429744,-7.03475]}},{"type":"Feature","properties":{"nama":"SD Negeri Sambiroto 03","jenjang":"SD","n200":0,"n500":0,"dmin":675.0},"geometry":{"type":"Point","coordinates":[110.451498,-7.035136]}},{"type":"Feature","properties":{"nama":"MTs Husnul Khotimah 02","jenjang":"SMP","n200":0,"n500":0,"dmin":728.0},"geometry":{"type":"Point","coordinates":[110.469332,-7.07104]}},{"type":"Feature","properties":{"nama":"TK Trisula Perwari 7","jenjang":"TK","n200":0,"n500":3,"dmin":320.0},"geometry":{"type":"Point","coordinates":[110.472651,-7.021854]}},{"type":"Feature","properties":{"nama":"SMP Islam Terpadu Al Fateeh","jenjang":"SMP","n200":0,"n500":4,"dmin":282.0},"geometry":{"type":"Point","coordinates":[110.475927,-6.989484]}},{"type":"Feature","properties":{"nama":"TK Kuncup Muda","jenjang":"TK","n200":0,"n500":7,"dmin":209.0},"geometry":{"type":"Point","coordinates":[110.445073,-6.961604]}},{"type":"Feature","properties":{"nama":"SLB HJ. Soemiyati Himawan","jenjang":"SLB","n200":0,"n500":2,"dmin":317.0},"geometry":{"type":"Point","coordinates":[110.4209,-7.0101]}},{"type":"Feature","properties":{"nama":"MA NU NURUL HUDA","jenjang":"PT","n200":0,"n500":3,"dmin":262.0},"geometry":{"type":"Point","coordinates":[110.296727,-6.970233]}},{"type":"Feature","properties":{"nama":"SMK DR TJIPTO","jenjang":"PT","n200":0,"n500":2,"dmin":447.0},"geometry":{"type":"Point","coordinates":[110.4402,-6.9832]}},{"type":"Feature","properties":{"nama":"SMK PALEBON","jenjang":"PT","n200":0,"n500":4,"dmin":272.0},"geometry":{"type":"Point","coordinates":[110.4751,-7.0206]}},{"type":"Feature","properties":{"nama":"TK PERMATA BANGSA","jenjang":"TK","n200":0,"n500":0,"dmin":600.0},"geometry":{"type":"Point","coordinates":[110.4169,-7.0412]}},{"type":"Feature","properties":{"nama":"SMA SEMESTA","jenjang":"PT","n200":0,"n500":0,"dmin":504.0},"geometry":{"type":"Point","coordinates":[110.362,-7.0599]}},{"type":"Feature","properties":{"nama":"RA/BA/TA ISLAM SEDAYU INDAH","jenjang":"TK","n200":0,"n500":1,"dmin":458.0},"geometry":{"type":"Point","coordinates":[110.4953,-6.9799]}},{"type":"Feature","properties":{"nama":"TK PERTIWI 16","jenjang":"TK","n200":0,"n500":0,"dmin":637.0},"geometry":{"type":"Point","coordinates":[110.48191,-7.035383]}},{"type":"Feature","properties":{"nama":"TK ISLAM HJSRI ANAH 1","jenjang":"TK","n200":0,"n500":0,"dmin":755.0},"geometry":{"type":"Point","coordinates":[110.4789,-7.0533]}},{"type":"Feature","properties":{"nama":"TK IT QURROTUL AINI","jenjang":"TK","n200":0,"n500":0,"dmin":520.0},"geometry":{"type":"Point","coordinates":[110.3932,-7.0735]}},{"type":"Feature","properties":{"nama":"SPS NAWA SIWI","jenjang":"TK","n200":0,"n500":0,"dmin":806.0},"geometry":{"type":"Point","coordinates":[110.373936,-7.080084]}},{"type":"Feature","properties":{"nama":"TK IT ANNISA USWATUN HASANAH","jenjang":"TK","n200":0,"n500":3,"dmin":287.0},"geometry":{"type":"Point","coordinates":[110.463858,-7.062668]}},{"type":"Feature","properties":{"nama":"TK DHARMA WANITA SEKARAN","jenjang":"TK","n200":0,"n500":0,"dmin":575.0},"geometry":{"type":"Point","coordinates":[110.396418,-7.04261]}},{"type":"Feature","properties":{"nama":"POS PAUD CEMPAKA","jenjang":"TK","n200":0,"n500":2,"dmin":252.0},"geometry":{"type":"Point","coordinates":[110.394452,-7.02152]}},{"type":"Feature","properties":{"nama":"Politeknik Negeri Semarang","jenjang":"PT","n200":0,"n500":2,"dmin":452.0},"geometry":{"type":"Point","coordinates":[110.435335,-7.052101]}},{"type":"Feature","properties":{"nama":"Sekolah Tinggi Ilmu Ekonomi Pariwisata Indonesia","jenjang":"PT","n200":0,"n500":2,"dmin":368.0},"geometry":{"type":"Point","coordinates":[110.399243,-7.014807]}},{"type":"Feature","properties":{"nama":"SMA NEGERI 08","jenjang":"PT","n200":0,"n500":4,"dmin":272.0},"geometry":{"type":"Point","coordinates":[110.3309,-6.9788]}},{"type":"Feature","properties":{"nama":"TK Masehi Mugasari","jenjang":"TK","n200":0,"n500":5,"dmin":276.0},"geometry":{"type":"Point","coordinates":[110.415371,-6.990077]}},{"type":"Feature","properties":{"nama":"TK PGRI 84","jenjang":"TK","n200":0,"n500":4,"dmin":342.0},"geometry":{"type":"Point","coordinates":[110.447317,-6.970137]}},{"type":"Feature","properties":{"nama":"TK Al Fitroh","jenjang":"TK","n200":0,"n500":2,"dmin":322.0},"geometry":{"type":"Point","coordinates":[110.427214,-7.014416]}},{"type":"Feature","properties":{"nama":"TK PGRI 11 Lebdosari","jenjang":"TK","n200":0,"n500":7,"dmin":220.0},"geometry":{"type":"Point","coordinates":[110.379169,-6.99204]}},{"type":"Feature","properties":{"nama":"PAUD dan RA Hidayatullah","jenjang":"TK","n200":0,"n500":0,"dmin":942.0},"geometry":{"type":"Point","coordinates":[110.343927,-7.057047]}},{"type":"Feature","properties":{"nama":"PAUD,TK Takhossus","jenjang":"TK","n200":0,"n500":2,"dmin":363.0},"geometry":{"type":"Point","coordinates":[110.491483,-6.963499]}},{"type":"Feature","properties":{"nama":"KB Baitul Iman","jenjang":"TK","n200":0,"n500":1,"dmin":330.0},"geometry":{"type":"Point","coordinates":[110.347161,-6.987265]}},{"type":"Feature","properties":{"nama":"SMP, SMA & SMK Terang Bangsa","jenjang":"SMA","n200":0,"n500":0,"dmin":993.0},"geometry":{"type":"Point","coordinates":[110.392521,-6.954886]}},{"type":"Feature","properties":{"nama":"MI Islamiyah Pancakarya","jenjang":"SD","n200":0,"n500":6,"dmin":363.0},"geometry":{"type":"Point","coordinates":[110.438929,-6.984438]}},{"type":"Feature","properties":{"nama":"TK Gotong Royong","jenjang":"TK","n200":0,"n500":6,"dmin":337.0},"geometry":{"type":"Point","coordinates":[110.434774,-7.006359]}},{"type":"Feature","properties":{"nama":"MI & MTs Tawang","jenjang":"SMP","n200":0,"n500":4,"dmin":246.0},"geometry":{"type":"Point","coordinates":[110.393088,-6.971944]}},{"type":"Feature","properties":{"nama":"KB - TK Islam Az Zakia","jenjang":"TK","n200":0,"n500":4,"dmin":388.0},"geometry":{"type":"Point","coordinates":[110.394201,-6.975301]}},{"type":"Feature","properties":{"nama":"PAUD Latifah 2","jenjang":"TK","n200":0,"n500":6,"dmin":246.0},"geometry":{"type":"Point","coordinates":[110.398822,-6.984815]}},{"type":"Feature","properties":{"nama":"TK Kartika III-18","jenjang":"TK","n200":0,"n500":3,"dmin":419.0},"geometry":{"type":"Point","coordinates":[110.370861,-6.992381]}},{"type":"Feature","properties":{"nama":"SD Negeri Panggung Kidul","jenjang":"SD","n200":0,"n500":10,"dmin":234.0},"geometry":{"type":"Point","coordinates":[110.409166,-6.965326]}},{"type":"Feature","properties":{"nama":"KB-TK Aisyiyah Bustanul Athfal","jenjang":"TK","n200":0,"n500":4,"dmin":469.0},"geometry":{"type":"Point","coordinates":[110.414259,-6.991408]}},{"type":"Feature","properties":{"nama":"PAUD Tunas Bangsa Purwosari","jenjang":"TK","n200":0,"n500":10,"dmin":226.0},"geometry":{"type":"Point","coordinates":[110.412974,-6.968604]}},{"type":"Feature","properties":{"nama":"TK Bustanul Athfal IX","jenjang":"TK","n200":0,"n500":15,"dmin":241.0},"geometry":{"type":"Point","coordinates":[110.430178,-6.976786]}},{"type":"Feature","properties":{"nama":"RA/TK Ben Pinter","jenjang":"TK","n200":0,"n500":2,"dmin":285.0},"geometry":{"type":"Point","coordinates":[110.340325,-7.03482]}},{"type":"Feature","properties":{"nama":"TK Pertiwi IV","jenjang":"TK","n200":0,"n500":0,"dmin":716.0},"geometry":{"type":"Point","coordinates":[110.451089,-7.034923]}},{"type":"Feature","properties":{"nama":"SD Marsudi Utami","jenjang":"SD","n200":0,"n500":2,"dmin":219.0},"geometry":{"type":"Point","coordinates":[110.381805,-7.019223]}},{"type":"Feature","properties":{"nama":"MI Tarbiyatus Shibyan","jenjang":"SD","n200":0,"n500":0,"dmin":628.0},"geometry":{"type":"Point","coordinates":[110.485245,-6.993872]}},{"type":"Feature","properties":{"nama":"KB - PAUD Rumpun Melati","jenjang":"TK","n200":0,"n500":3,"dmin":320.0},"geometry":{"type":"Point","coordinates":[110.464414,-7.03741]}},{"type":"Feature","properties":{"nama":"Play Group, TK Mutiara Bangsa","jenjang":"TK","n200":0,"n500":0,"dmin":1467.0},"geometry":{"type":"Point","coordinates":[110.303238,-7.005659]}},{"type":"Feature","properties":{"nama":"Pos PAUD Honeybee","jenjang":"TK","n200":0,"n500":0,"dmin":2067.0},"geometry":{"type":"Point","coordinates":[110.317115,-6.953717]}},{"type":"Feature","properties":{"nama":"TK PGRI 10/94 Podorejo","jenjang":"TK","n200":0,"n500":0,"dmin":2257.0},"geometry":{"type":"Point","coordinates":[110.297053,-7.000749]}},{"type":"Feature","properties":{"nama":"RA Islamiyah","jenjang":"TK","n200":0,"n500":0,"dmin":2508.0},"geometry":{"type":"Point","coordinates":[110.293724,-7.006703]}},{"type":"Feature","properties":{"nama":"SMP Putra Nusantara","jenjang":"SMP","n200":0,"n500":2,"dmin":362.0},"geometry":{"type":"Point","coordinates":[110.48301,-6.98515]}},{"type":"Feature","properties":{"nama":"PAUD Mekarsari","jenjang":"TK","n200":0,"n500":0,"dmin":870.0},"geometry":{"type":"Point","coordinates":[110.395754,-7.089142]}},{"type":"Feature","properties":{"nama":"PAUD Rosalia","jenjang":"TK","n200":0,"n500":1,"dmin":270.0},"geometry":{"type":"Point","coordinates":[110.471699,-6.963251]}},{"type":"Feature","properties":{"nama":"SD Negeri Sukorejo 03","jenjang":"SD","n200":0,"n500":0,"dmin":544.0},"geometry":{"type":"Point","coordinates":[110.379736,-7.02593]}},{"type":"Feature","properties":{"nama":"PAUD Sehati","jenjang":"TK","n200":0,"n500":0,"dmin":562.0},"geometry":{"type":"Point","coordinates":[110.476812,-6.97062]}},{"type":"Feature","properties":{"nama":"SD Negeri Srondol Wetan 06","jenjang":"SD","n200":0,"n500":5,"dmin":227.0},"geometry":{"type":"Point","coordinates":[110.412244,-7.066789]}},{"type":"Feature","properties":{"nama":"SD Negeri Pedurungan Lor 01","jenjang":"SD","n200":0,"n500":1,"dmin":335.0},"geometry":{"type":"Point","coordinates":[110.487673,-7.009378]}},{"type":"Feature","properties":{"nama":"SD Negeri Tambangan 02","jenjang":"SD","n200":0,"n500":2,"dmin":445.0},"geometry":{"type":"Point","coordinates":[110.315419,-7.06924]}},{"type":"Feature","properties":{"nama":"SMP Negeri 14 Semarang","jenjang":"SMP","n200":0,"n500":4,"dmin":286.0},"geometry":{"type":"Point","coordinates":[110.462842,-7.004947]}},{"type":"Feature","properties":{"nama":"MI Nurul Hidayah","jenjang":"SD","n200":0,"n500":2,"dmin":434.0},"geometry":{"type":"Point","coordinates":[110.331627,-6.976343]}},{"type":"Feature","properties":{"nama":"TK PGRI 118, KB-TPA SALSABILA","jenjang":"TK","n200":0,"n500":3,"dmin":388.0},"geometry":{"type":"Point","coordinates":[110.478284,-6.968592]}},{"type":"Feature","properties":{"nama":"SD-SMP-SMA Multazam - Pondok Pesantren Al Multazam","jenjang":"SMA","n200":0,"n500":1,"dmin":495.0},"geometry":{"type":"Point","coordinates":[110.41618,-7.095834]}},{"type":"Feature","properties":{"nama":"TK Tarbiyatul Athfal 46","jenjang":"TK","n200":0,"n500":0,"dmin":1444.0},"geometry":{"type":"Point","coordinates":[110.328228,-7.078674]}},{"type":"Feature","properties":{"nama":"Paud Cinta Bangsa","jenjang":"TK","n200":0,"n500":0,"dmin":554.0},"geometry":{"type":"Point","coordinates":[110.318936,-7.058231]}},{"type":"Feature","properties":{"nama":"SD Negeri Padangsari 02","jenjang":"SD","n200":0,"n500":5,"dmin":210.0},"geometry":{"type":"Point","coordinates":[110.429074,-7.073103]}},{"type":"Feature","properties":{"nama":"Pos PAUD Kuncup Mekar","jenjang":"TK","n200":0,"n500":10,"dmin":264.0},"geometry":{"type":"Point","coordinates":[110.416229,-7.069326]}},{"type":"Feature","properties":{"nama":"PAUD Bina Indria","jenjang":"TK","n200":0,"n500":0,"dmin":1321.0},"geometry":{"type":"Point","coordinates":[110.334568,-7.079283]}},{"type":"Feature","properties":{"nama":"SD Syatibi Sholeh","jenjang":"SD","n200":0,"n500":0,"dmin":1073.0},"geometry":{"type":"Point","coordinates":[110.396167,-7.086831]}},{"type":"Feature","properties":{"nama":"MI Al Wathoniyyah","jenjang":"SD","n200":0,"n500":0,"dmin":603.0},"geometry":{"type":"Point","coordinates":[110.46918,-6.982693]}},{"type":"Feature","properties":{"nama":"KB-TK Qurrota A'yun","jenjang":"TK","n200":0,"n500":0,"dmin":669.0},"geometry":{"type":"Point","coordinates":[110.431214,-7.036294]}},{"type":"Feature","properties":{"nama":"PAUD Annisa","jenjang":"TK","n200":0,"n500":3,"dmin":236.0},"geometry":{"type":"Point","coordinates":[110.337056,-7.066559]}},{"type":"Feature","properties":{"nama":"SD Negeri Muktiharjo Kidul 02","jenjang":"SD","n200":0,"n500":4,"dmin":324.0},"geometry":{"type":"Point","coordinates":[110.460451,-6.974714]}},{"type":"Feature","properties":{"nama":"TK Islam Terpadu Al-Hikmah 2","jenjang":"TK","n200":0,"n500":5,"dmin":304.0},"geometry":{"type":"Point","coordinates":[110.476963,-7.01875]}},{"type":"Feature","properties":{"nama":"TK Aisyiyah Busthanul Athfal 48","jenjang":"TK","n200":0,"n500":3,"dmin":386.0},"geometry":{"type":"Point","coordinates":[110.478674,-7.017254]}},{"type":"Feature","properties":{"nama":"SD Negeri Kedungmundu","jenjang":"SD","n200":0,"n500":1,"dmin":220.0},"geometry":{"type":"Point","coordinates":[110.466049,-7.018522]}},{"type":"Feature","properties":{"nama":"KB-TK Hj. Isriati Baiturrahman 2 Islamic Centre","jenjang":"TK","n200":0,"n500":9,"dmin":211.0},"geometry":{"type":"Point","coordinates":[110.377061,-7.011002]}},{"type":"Feature","properties":{"nama":"Balai RW XX","jenjang":"TK","n200":0,"n500":4,"dmin":350.0},"geometry":{"type":"Point","coordinates":[110.472546,-7.045655]}},{"type":"Feature","properties":{"nama":"TK Aisyiyah Bustanul Athfal 35","jenjang":"TK","n200":0,"n500":2,"dmin":251.0},"geometry":{"type":"Point","coordinates":[110.403188,-6.963237]}},{"type":"Feature","properties":{"nama":"TK Hasyim Asyari","jenjang":"TK","n200":0,"n500":4,"dmin":209.0},"geometry":{"type":"Point","coordinates":[110.475259,-6.989528]}},{"type":"Feature","properties":{"nama":"SLB C WIDYA BHAKTI","jenjang":"SLB","n200":0,"n500":0,"dmin":522.0},"geometry":{"type":"Point","coordinates":[110.4529,-7.0213]}},{"type":"Feature","properties":{"nama":"SMK PERDANA","jenjang":"PT","n200":0,"n500":3,"dmin":288.0},"geometry":{"type":"Point","coordinates":[110.4484,-6.9991]}},{"type":"Feature","properties":{"nama":"MA INFARUL GHOY","jenjang":"PT","n200":0,"n500":2,"dmin":303.0},"geometry":{"type":"Point","coordinates":[110.48,-7.0177]}},{"type":"Feature","properties":{"nama":"SMK ANTONIUS","jenjang":"PT","n200":0,"n500":2,"dmin":246.0},"geometry":{"type":"Point","coordinates":[110.42,-7.0261]}},{"type":"Feature","properties":{"nama":"SMA PERMATA BANGSA","jenjang":"PT","n200":0,"n500":0,"dmin":669.0},"geometry":{"type":"Point","coordinates":[110.4162,-7.0411]}},{"type":"Feature","properties":{"nama":"SMK AL ASROR","jenjang":"PT","n200":0,"n500":1,"dmin":478.0},"geometry":{"type":"Point","coordinates":[110.4004,-7.0642]}},{"type":"Feature","properties":{"nama":"SMA NEGERI 12","jenjang":"PT","n200":0,"n500":1,"dmin":487.0},"geometry":{"type":"Point","coordinates":[110.3712,-7.0865]}},{"type":"Feature","properties":{"nama":"SMA IT Bina Amal","jenjang":"PT","n200":0,"n500":0,"dmin":670.0},"geometry":{"type":"Point","coordinates":[110.372846,-7.086026]}},{"type":"Feature","properties":{"nama":"SMA NEGERI 13","jenjang":"PT","n200":0,"n500":3,"dmin":242.0},"geometry":{"type":"Point","coordinates":[110.3112,-7.05]}},{"type":"Feature","properties":{"nama":"MAS Askhabul Kahfi","jenjang":"PT","n200":0,"n500":3,"dmin":240.0},"geometry":{"type":"Point","coordinates":[110.3354,-7.096]}},{"type":"Feature","properties":{"nama":"TK PGRI 79","jenjang":"TK","n200":0,"n500":3,"dmin":228.0},"geometry":{"type":"Point","coordinates":[110.332048,-6.978188]}},{"type":"Feature","properties":{"nama":"TK DEWANTARA","jenjang":"TK","n200":0,"n500":4,"dmin":304.0},"geometry":{"type":"Point","coordinates":[110.3985,-6.9763]}},{"type":"Feature","properties":{"nama":"KB TAMAN BELIA CANDI","jenjang":"TK","n200":0,"n500":2,"dmin":448.0},"geometry":{"type":"Point","coordinates":[110.4344,-7.0144]}},{"type":"Feature","properties":{"nama":"TK PERTIWI 29","jenjang":"TK","n200":0,"n500":1,"dmin":373.0},"geometry":{"type":"Point","coordinates":[110.3881,-7.0875]}},{"type":"Feature","properties":{"nama":"POS PAUD MELATI PUTIH JAYA","jenjang":"TK","n200":0,"n500":1,"dmin":480.0},"geometry":{"type":"Point","coordinates":[110.3319,-7.0123]}},{"type":"Feature","properties":{"nama":"KB KUNCUP MEKAR","jenjang":"TK","n200":0,"n500":4,"dmin":376.0},"geometry":{"type":"Point","coordinates":[110.4055,-6.9825]}},{"type":"Feature","properties":{"nama":"POS PAUD SAYANG BUNDA","jenjang":"TK","n200":0,"n500":1,"dmin":430.0},"geometry":{"type":"Point","coordinates":[110.4899,-7.0087]}},{"type":"Feature","properties":{"nama":"KB DINAR AKSARA","jenjang":"TK","n200":0,"n500":5,"dmin":207.0},"geometry":{"type":"Point","coordinates":[110.4664,-7.0602]}},{"type":"Feature","properties":{"nama":"KB ISLAM AL-AZHAR 29 SEMARANG","jenjang":"TK","n200":0,"n500":2,"dmin":382.0},"geometry":{"type":"Point","coordinates":[110.337591,-7.030355]}},{"type":"Feature","properties":{"nama":"KB BINA NUSANTARA SEMARANG","jenjang":"TK","n200":0,"n500":0,"dmin":1679.0},"geometry":{"type":"Point","coordinates":[110.378077,-6.951285]}},{"type":"Feature","properties":{"nama":"TK ALAM AL KARIM","jenjang":"TK","n200":0,"n500":3,"dmin":237.0},"geometry":{"type":"Point","coordinates":[110.405355,-6.958363]}},{"type":"Feature","properties":{"nama":"POS PAUD KUSUMA BELIA","jenjang":"TK","n200":0,"n500":0,"dmin":519.0},"geometry":{"type":"Point","coordinates":[110.492375,-6.982443]}},{"type":"Feature","properties":{"nama":"Akademi Teknik PIKA","jenjang":"PT","n200":0,"n500":9,"dmin":205.0},"geometry":{"type":"Point","coordinates":[110.416771,-6.972879]}},{"type":"Feature","properties":{"nama":"Universitas Islam Sultan Agung","jenjang":"PT","n200":0,"n500":2,"dmin":227.0},"geometry":{"type":"Point","coordinates":[110.458093,-6.955618]}},{"type":"Feature","properties":{"nama":"SMK TEXMACO","jenjang":"PT","n200":0,"n500":3,"dmin":346.0},"geometry":{"type":"Point","coordinates":[110.2929,-6.9706]}},{"type":"Feature","properties":{"nama":"TK St. Louis","jenjang":"TK","n200":0,"n500":3,"dmin":347.0},"geometry":{"type":"Point","coordinates":[110.404543,-6.959751]}},{"type":"Feature","properties":{"nama":"PAUD Anak Bangsa XII","jenjang":"TK","n200":0,"n500":0,"dmin":591.0},"geometry":{"type":"Point","coordinates":[110.446568,-7.017568]}},{"type":"Feature","properties":{"nama":"TK Futuhiyyah Kudu","jenjang":"TK","n200":0,"n500":2,"dmin":498.0},"geometry":{"type":"Point","coordinates":[110.500488,-6.975654]}},{"type":"Feature","properties":{"nama":"RA Khoirul Athfal","jenjang":"TK","n200":0,"n500":1,"dmin":428.0},"geometry":{"type":"Point","coordinates":[110.425547,-7.037141]}},{"type":"Feature","properties":{"nama":"TK PGRI 99","jenjang":"TK","n200":0,"n500":1,"dmin":308.0},"geometry":{"type":"Point","coordinates":[110.330509,-7.011573]}},{"type":"Feature","properties":{"nama":"PAUD Terpadu Lab. Belia","jenjang":"TK","n200":0,"n500":2,"dmin":334.0},"geometry":{"type":"Point","coordinates":[110.398338,-7.019673]}},{"type":"Feature","properties":{"nama":"TK Mekar Sari","jenjang":"TK","n200":0,"n500":5,"dmin":242.0},"geometry":{"type":"Point","coordinates":[110.393337,-6.991484]}},{"type":"Feature","properties":{"nama":"TKIT Bina Amal 02","jenjang":"TK","n200":0,"n500":3,"dmin":320.0},"geometry":{"type":"Point","coordinates":[110.393824,-7.000136]}},{"type":"Feature","properties":{"nama":"PAUD Al Hikmah","jenjang":"TK","n200":0,"n500":5,"dmin":298.0},"geometry":{"type":"Point","coordinates":[110.383545,-7.006464]}},{"type":"Feature","properties":{"nama":"TK Islam Al - Madina","jenjang":"TK","n200":0,"n500":3,"dmin":297.0},"geometry":{"type":"Point","coordinates":[110.390163,-7.007221]}},{"type":"Feature","properties":{"nama":"PAUD Merby","jenjang":"TK","n200":0,"n500":9,"dmin":211.0},"geometry":{"type":"Point","coordinates":[110.420244,-6.989594]}},{"type":"Feature","properties":{"nama":"TK Tarbiyatul Athfal 18","jenjang":"TK","n200":0,"n500":8,"dmin":243.0},"geometry":{"type":"Point","coordinates":[110.402785,-6.972504]}},{"type":"Feature","properties":{"nama":"TK Aisyah Bustanul Athfal 62","jenjang":"TK","n200":0,"n500":4,"dmin":237.0},"geometry":{"type":"Point","coordinates":[110.433821,-7.006707]}},{"type":"Feature","properties":{"nama":"PAUD Bunga Matahari","jenjang":"TK","n200":0,"n500":6,"dmin":212.0},"geometry":{"type":"Point","coordinates":[110.442922,-7.062905]}},{"type":"Feature","properties":{"nama":"TK Flamboyan","jenjang":"TK","n200":0,"n500":12,"dmin":275.0},"geometry":{"type":"Point","coordinates":[110.422903,-7.067606]}},{"type":"Feature","properties":{"nama":"SD Islam Terpadu Harapan Bunda","jenjang":"SD","n200":0,"n500":2,"dmin":428.0},"geometry":{"type":"Point","coordinates":[110.488764,-7.01246]}},{"type":"Feature","properties":{"nama":"TK PGRI 113","jenjang":"TK","n200":0,"n500":2,"dmin":294.0},"geometry":{"type":"Point","coordinates":[110.464657,-6.983012]}},{"type":"Feature","properties":{"nama":"SMK Negeri 6 Semarang","jenjang":"SMA","n200":0,"n500":11,"dmin":271.0},"geometry":{"type":"Point","coordinates":[110.433472,-6.988757]}},{"type":"Feature","properties":{"nama":"SD Negeri Podorejo 02","jenjang":"SD","n200":0,"n500":0,"dmin":2253.0},"geometry":{"type":"Point","coordinates":[110.296994,-7.00104]}},{"type":"Feature","properties":{"nama":"SMA Nasima","jenjang":"SMA","n200":0,"n500":4,"dmin":348.0},"geometry":{"type":"Point","coordinates":[110.392978,-6.967277]}},{"type":"Feature","properties":{"nama":"TK PGRI 28 Candi Baru","jenjang":"TK","n200":0,"n500":3,"dmin":202.0},"geometry":{"type":"Point","coordinates":[110.417756,-7.010941]}},{"type":"Feature","properties":{"nama":"SMK Pelita Nusantara 2","jenjang":"SMA","n200":0,"n500":6,"dmin":209.0},"geometry":{"type":"Point","coordinates":[110.4484,-6.994646]}},{"type":"Feature","properties":{"nama":"SMP Islam Al Bisyri","jenjang":"SMP","n200":0,"n500":3,"dmin":222.0},"geometry":{"type":"Point","coordinates":[110.407899,-7.03119]}},{"type":"Feature","properties":{"nama":"SD Negeri Karangayu 03","jenjang":"SD","n200":0,"n500":4,"dmin":259.0},"geometry":{"type":"Point","coordinates":[110.392833,-6.975605]}},{"type":"Feature","properties":{"nama":"SD, SMP Theresiana","jenjang":"SMP","n200":0,"n500":4,"dmin":347.0},"geometry":{"type":"Point","coordinates":[110.41174,-6.957239]}},{"type":"Feature","properties":{"nama":"SMK Negeri 9 Semarang","jenjang":"SMA","n200":0,"n500":4,"dmin":251.0},"geometry":{"type":"Point","coordinates":[110.434536,-6.998594]}},{"type":"Feature","properties":{"nama":"PAUD An-nur","jenjang":"TK","n200":0,"n500":3,"dmin":304.0},"geometry":{"type":"Point","coordinates":[110.475514,-6.964293]}},{"type":"Feature","properties":{"nama":"TK Budi Luhur","jenjang":"TK","n200":0,"n500":4,"dmin":218.0},"geometry":{"type":"Point","coordinates":[110.451807,-7.005034]}},{"type":"Feature","properties":{"nama":"TK Tarbiyatul Athfal","jenjang":"TK","n200":0,"n500":3,"dmin":204.0},"geometry":{"type":"Point","coordinates":[110.469844,-7.014864]}},{"type":"Feature","properties":{"nama":"SD Negeri Kalisegoro","jenjang":"SD","n200":0,"n500":0,"dmin":971.0},"geometry":{"type":"Point","coordinates":[110.382229,-7.060066]}},{"type":"Feature","properties":{"nama":"SD Negeri Mangunharjo","jenjang":"SD","n200":0,"n500":3,"dmin":374.0},"geometry":{"type":"Point","coordinates":[110.460016,-7.044187]}},{"type":"Feature","properties":{"nama":"TK Kartika III-19","jenjang":"TK","n200":0,"n500":2,"dmin":290.0},"geometry":{"type":"Point","coordinates":[110.31137,-7.060907]}},{"type":"Feature","properties":{"nama":"PAUD Anak Bangsa I","jenjang":"TK","n200":0,"n500":2,"dmin":385.0},"geometry":{"type":"Point","coordinates":[110.445688,-7.015579]}},{"type":"Feature","properties":{"nama":"PAUD Cerdas","jenjang":"TK","n200":0,"n500":1,"dmin":243.0},"geometry":{"type":"Point","coordinates":[110.350968,-6.986113]}},{"type":"Feature","properties":{"nama":"TK Mutiara Hikmah","jenjang":"TK","n200":0,"n500":2,"dmin":288.0},"geometry":{"type":"Point","coordinates":[110.462866,-7.066955]}},{"type":"Feature","properties":{"nama":"PAUD TK Al Husna","jenjang":"TK","n200":0,"n500":7,"dmin":226.0},"geometry":{"type":"Point","coordinates":[110.41747,-7.073208]}},{"type":"Feature","properties":{"nama":"KB-TK Tunas Cendekia","jenjang":"TK","n200":0,"n500":1,"dmin":313.0},"geometry":{"type":"Point","coordinates":[110.296721,-7.038145]}},{"type":"Feature","properties":{"nama":"SMP Mardisiswa 2 Semarang","jenjang":"SMP","n200":0,"n500":7,"dmin":200.0},"geometry":{"type":"Point","coordinates":[110.459085,-6.991621]}},{"type":"Feature","properties":{"nama":"SD Tlogosari Wetan 01 Semarang","jenjang":"SD","n200":0,"n500":2,"dmin":326.0},"geometry":{"type":"Point","coordinates":[110.46721,-6.987914]}},{"type":"Feature","properties":{"nama":"SD Negeri Sembungharjo 1","jenjang":"SD","n200":0,"n500":1,"dmin":398.0},"geometry":{"type":"Point","coordinates":[110.490632,-6.986319]}},{"type":"Feature","properties":{"nama":"SD Bina Harapan","jenjang":"SD","n200":0,"n500":7,"dmin":213.0},"geometry":{"type":"Point","coordinates":[110.471345,-7.03721]}},{"type":"Feature","properties":{"nama":"SD Negeri Nongkosawit 02","jenjang":"SD","n200":0,"n500":0,"dmin":1147.0},"geometry":{"type":"Point","coordinates":[110.369412,-7.07062]}},{"type":"Feature","properties":{"nama":"SD Negeri Srondol Wetan 02","jenjang":"SD","n200":0,"n500":7,"dmin":200.0},"geometry":{"type":"Point","coordinates":[110.413567,-7.073385]}},{"type":"Feature","properties":{"nama":"KB - TK Islam Sultan Agung 02","jenjang":"TK","n200":0,"n500":2,"dmin":217.0},"geometry":{"type":"Point","coordinates":[110.456906,-7.021784]}},{"type":"Feature","properties":{"nama":"PAUD Permata Bunda","jenjang":"TK","n200":0,"n500":1,"dmin":441.0},"geometry":{"type":"Point","coordinates":[110.416214,-7.053331]}},{"type":"Feature","properties":{"nama":"MI Darul Hijrah Muhammadiyah","jenjang":"SD","n200":0,"n500":3,"dmin":214.0},"geometry":{"type":"Point","coordinates":[110.304723,-6.974674]}},{"type":"Feature","properties":{"nama":"KB - RA Al Kamil - Yayasan Pendidikan Goeboek Pentjeng","jenjang":"TK","n200":0,"n500":2,"dmin":302.0},"geometry":{"type":"Point","coordinates":[110.358029,-7.080679]}},{"type":"Feature","properties":{"nama":"Pos PAUD Mekar Sari","jenjang":"TK","n200":0,"n500":2,"dmin":360.0},"geometry":{"type":"Point","coordinates":[110.4422,-7.07554]}},{"type":"Feature","properties":{"nama":"KB & TK Aisyiyah Bustanul Athfal 53","jenjang":"TK","n200":0,"n500":1,"dmin":374.0},"geometry":{"type":"Point","coordinates":[110.493195,-7.029481]}},{"type":"Feature","properties":{"nama":"PAUD Al - Azam","jenjang":"TK","n200":0,"n500":1,"dmin":310.0},"geometry":{"type":"Point","coordinates":[110.470888,-7.027939]}},{"type":"Feature","properties":{"nama":"KB, TK Al Hikmah","jenjang":"TK","n200":0,"n500":3,"dmin":286.0},"geometry":{"type":"Point","coordinates":[110.410534,-6.956949]}},{"type":"Feature","properties":{"nama":"TK Budi Mulya","jenjang":"TK","n200":0,"n500":2,"dmin":270.0},"geometry":{"type":"Point","coordinates":[110.472502,-7.008938]}},{"type":"Feature","properties":{"nama":"PG/TK Marsudirini Kanak-Kanak Yesus Semarang","jenjang":"TK","n200":0,"n500":4,"dmin":228.0},"geometry":{"type":"Point","coordinates":[110.411436,-6.981845]}},{"type":"Feature","properties":{"nama":"SMA NEGERI 05","jenjang":"PT","n200":0,"n500":8,"dmin":239.0},"geometry":{"type":"Point","coordinates":[110.4129,-6.9803]}},{"type":"Feature","properties":{"nama":"SMK PELITA NUSANTARA 1","jenjang":"PT","n200":0,"n500":5,"dmin":284.0},"geometry":{"type":"Point","coordinates":[110.4489,-6.9951]}},{"type":"Feature","properties":{"nama":"TK TAMAN BELIA CANDI","jenjang":"TK","n200":0,"n500":2,"dmin":448.0},"geometry":{"type":"Point","coordinates":[110.4344,-7.0144]}},{"type":"Feature","properties":{"nama":"TK BINA NUSANTARA SEMARANG","jenjang":"TK","n200":0,"n500":0,"dmin":1679.0},"geometry":{"type":"Point","coordinates":[110.378077,-6.951285]}},{"type":"Feature","properties":{"nama":"KB, TK Wesley","jenjang":"TK","n200":0,"n500":0,"dmin":519.0},"geometry":{"type":"Point","coordinates":[110.40686,-6.954026]}},{"type":"Feature","properties":{"nama":"MI As Syuhada","jenjang":"SD","n200":0,"n500":2,"dmin":266.0},"geometry":{"type":"Point","coordinates":[110.46651,-6.988227]}},{"type":"Feature","properties":{"nama":"SMP Alam Ar - Ridho","jenjang":"SMP","n200":0,"n500":2,"dmin":203.0},"geometry":{"type":"Point","coordinates":[110.46089,-7.069282]}},{"type":"Feature","properties":{"nama":"TK PGRI 06/91 Ngaliyan","jenjang":"TK","n200":0,"n500":2,"dmin":374.0},"geometry":{"type":"Point","coordinates":[110.361861,-6.999567]}},{"type":"Feature","properties":{"nama":"SD Negeri Tandang 03","jenjang":"SD","n200":0,"n500":0,"dmin":706.0},"geometry":{"type":"Point","coordinates":[110.446292,-7.018592]}},{"type":"Feature","properties":{"nama":"PAUD, TK Kristen 3 YSKI","jenjang":"TK","n200":0,"n500":11,"dmin":247.0},"geometry":{"type":"Point","coordinates":[110.416432,-6.975667]}},{"type":"Feature","properties":{"nama":"KB BINA HARAPAN BANGSA","jenjang":"TK","n200":0,"n500":6,"dmin":277.0},"geometry":{"type":"Point","coordinates":[110.4442,-6.963]}},{"type":"Feature","properties":{"nama":"SD Muhammadiyah Plus","jenjang":"SD","n200":0,"n500":4,"dmin":202.0},"geometry":{"type":"Point","coordinates":[110.310226,-7.065085]}},{"type":"Feature","properties":{"nama":"POS PAUD INTAN","jenjang":"TK","n200":0,"n500":3,"dmin":456.0},"geometry":{"type":"Point","coordinates":[110.4722,-7.0065]}},{"type":"Feature","properties":{"nama":"KB TAQWAL ILAH","jenjang":"TK","n200":0,"n500":0,"dmin":645.0},"geometry":{"type":"Point","coordinates":[110.4762,-7.0525]}},{"type":"Feature","properties":{"nama":"TK Mekarsari","jenjang":"TK","n200":0,"n500":1,"dmin":264.0},"geometry":{"type":"Point","coordinates":[110.417784,-6.957571]}},{"type":"Feature","properties":{"nama":"POS PAUD MELATI NGESREP","jenjang":"TK","n200":0,"n500":2,"dmin":314.0},"geometry":{"type":"Point","coordinates":[110.422,-7.0354]}},{"type":"Feature","properties":{"nama":"PAUD dan TK Rumah Kita","jenjang":"TK","n200":0,"n500":2,"dmin":352.0},"geometry":{"type":"Point","coordinates":[110.456534,-7.067306]}},{"type":"Feature","properties":{"nama":"POS PAUD KENANGA","jenjang":"TK","n200":0,"n500":2,"dmin":315.0},"geometry":{"type":"Point","coordinates":[110.3268,-7.0548]}},{"type":"Feature","properties":{"nama":"TK QOTRINNADA","jenjang":"TK","n200":0,"n500":2,"dmin":333.0},"geometry":{"type":"Point","coordinates":[110.437847,-6.946974]}},{"type":"Feature","properties":{"nama":"RA/BA/TA AL ISLAMIYAH","jenjang":"TK","n200":0,"n500":3,"dmin":304.0},"geometry":{"type":"Point","coordinates":[110.437429,-6.960556]}},{"type":"Feature","properties":{"nama":"KB WESLEY CHRISTIAN SCHOOL","jenjang":"TK","n200":0,"n500":0,"dmin":709.0},"geometry":{"type":"Point","coordinates":[110.430678,-6.950884]}},{"type":"Feature","properties":{"nama":"POS PAUD KASIH IBU","jenjang":"TK","n200":0,"n500":5,"dmin":306.0},"geometry":{"type":"Point","coordinates":[110.479168,-6.974359]}},{"type":"Feature","properties":{"nama":"POS PAUD PERMATA HATI","jenjang":"TK","n200":0,"n500":5,"dmin":242.0},"geometry":{"type":"Point","coordinates":[110.476855,-7.041505]}},{"type":"Feature","properties":{"nama":"STMIK Himsya","jenjang":"PT","n200":0,"n500":5,"dmin":256.0},"geometry":{"type":"Point","coordinates":[110.401458,-7.002258]}},{"type":"Feature","properties":{"nama":"TK Bina Atmaja","jenjang":"TK","n200":0,"n500":2,"dmin":409.0},"geometry":{"type":"Point","coordinates":[110.422697,-7.005491]}},{"type":"Feature","properties":{"nama":"PAUD Pelita Mandiri I","jenjang":"TK","n200":0,"n500":0,"dmin":757.0},"geometry":{"type":"Point","coordinates":[110.448444,-7.020011]}},{"type":"Feature","properties":{"nama":"POS PAUD TUNAS MULYO","jenjang":"TK","n200":0,"n500":0,"dmin":665.0},"geometry":{"type":"Point","coordinates":[110.4908,-6.9989]}},{"type":"Feature","properties":{"nama":"SMK Kartika Nusantara","jenjang":"SMA","n200":0,"n500":2,"dmin":224.0},"geometry":{"type":"Point","coordinates":[110.493375,-6.963982]}},{"type":"Feature","properties":{"nama":"SD Negeri Purwosari 01","jenjang":"SD","n200":0,"n500":0,"dmin":1396.0},"geometry":{"type":"Point","coordinates":[110.329086,-7.078645]}},{"type":"Feature","properties":{"nama":"MI Al Wathoniyyah 02","jenjang":"SD","n200":0,"n500":0,"dmin":639.0},"geometry":{"type":"Point","coordinates":[110.469893,-6.981864]}},{"type":"Feature","properties":{"nama":"KB-PAUD Permata Bunda","jenjang":"TK","n200":0,"n500":7,"dmin":274.0},"geometry":{"type":"Point","coordinates":[110.438628,-7.012827]}},{"type":"Feature","properties":{"nama":"TK Theresiana","jenjang":"TK","n200":0,"n500":3,"dmin":339.0},"geometry":{"type":"Point","coordinates":[110.411126,-6.95676]}},{"type":"Feature","properties":{"nama":"KB-RA Setia Nusantara","jenjang":"TK","n200":0,"n500":5,"dmin":332.0},"geometry":{"type":"Point","coordinates":[110.423991,-7.075735]}},{"type":"Feature","properties":{"nama":"TK TA 42","jenjang":"TK","n200":0,"n500":1,"dmin":383.0},"geometry":{"type":"Point","coordinates":[110.307678,-6.971035]}},{"type":"Feature","properties":{"nama":"TK PGRI 71 KEDUNG MUNDU","jenjang":"TK","n200":0,"n500":5,"dmin":206.0},"geometry":{"type":"Point","coordinates":[110.4532,-7.0169]}},{"type":"Feature","properties":{"nama":"TKIT Nurul Qomar","jenjang":"TK","n200":0,"n500":4,"dmin":362.0},"geometry":{"type":"Point","coordinates":[110.476326,-6.991985]}},{"type":"Feature","properties":{"nama":"TK GANDHI MEMORIAL INTERCONTINENTAL SCHOOL","jenjang":"TK","n200":0,"n500":3,"dmin":323.0},"geometry":{"type":"Point","coordinates":[110.4346,-7.0346]}},{"type":"Feature","properties":{"nama":"TK PGRI 81","jenjang":"TK","n200":0,"n500":2,"dmin":294.0},"geometry":{"type":"Point","coordinates":[110.466901,-6.988093]}},{"type":"Feature","properties":{"nama":"TPA TAMAN BELIA CANDI","jenjang":"TK","n200":0,"n500":2,"dmin":451.0},"geometry":{"type":"Point","coordinates":[110.434372,-7.014421]}},{"type":"Feature","properties":{"nama":"KB-TK Islam Al Azhar 29","jenjang":"TK","n200":0,"n500":0,"dmin":521.0},"geometry":{"type":"Point","coordinates":[110.337635,-7.031999]}},{"type":"Feature","properties":{"nama":"SD Islam Ya Waladi","jenjang":"SD","n200":0,"n500":0,"dmin":650.0},"geometry":{"type":"Point","coordinates":[110.398538,-7.044695]}},{"type":"Feature","properties":{"nama":"SMP Negeri 9 Semarang","jenjang":"SMP","n200":0,"n500":6,"dmin":232.0},"geometry":{"type":"Point","coordinates":[110.459688,-7.009237]}},{"type":"Feature","properties":{"nama":"PAUD Hj. Nartini islamic School","jenjang":"TK","n200":0,"n500":6,"dmin":239.0},"geometry":{"type":"Point","coordinates":[110.397402,-7.01233]}},{"type":"Feature","properties":{"nama":"TK Pertiwi 35","jenjang":"TK","n200":0,"n500":1,"dmin":256.0},"geometry":{"type":"Point","coordinates":[110.470252,-7.029664]}},{"type":"Feature","properties":{"nama":"RA. Ben Pinter","jenjang":"TK","n200":0,"n500":4,"dmin":439.0},"geometry":{"type":"Point","coordinates":[110.335975,-7.038114]}},{"type":"Feature","properties":{"nama":"TK Siswa Mula","jenjang":"TK","n200":0,"n500":2,"dmin":284.0},"geometry":{"type":"Point","coordinates":[110.410309,-7.01135]}},{"type":"Feature","properties":{"nama":"POS PAUD BUGENVIL","jenjang":"TK","n200":0,"n500":0,"dmin":758.0},"geometry":{"type":"Point","coordinates":[110.5017,-6.9715]}},{"type":"Feature","properties":{"nama":"SMP Al - Islam","jenjang":"SMP","n200":0,"n500":2,"dmin":340.0},"geometry":{"type":"Point","coordinates":[110.363198,-7.07894]}},{"type":"Feature","properties":{"nama":"SD Negeri Kalibanteng Kulon 02","jenjang":"SD","n200":0,"n500":7,"dmin":203.0},"geometry":{"type":"Point","coordinates":[110.379036,-6.991947]}},{"type":"Feature","properties":{"nama":"TK PGRI 02 Mlatiharjo","jenjang":"TK","n200":0,"n500":3,"dmin":424.0},"geometry":{"type":"Point","coordinates":[110.441871,-6.964157]}},{"type":"Feature","properties":{"nama":"TK Siti Sulaechah 01 Semarang","jenjang":"TK","n200":0,"n500":3,"dmin":369.0},"geometry":{"type":"Point","coordinates":[110.382086,-7.01791]}},{"type":"Feature","properties":{"nama":"SD Negeri Lamper Lor","jenjang":"SD","n200":0,"n500":3,"dmin":262.0},"geometry":{"type":"Point","coordinates":[110.439288,-7.000503]}},{"type":"Feature","properties":{"nama":"SD Negeri Karangayu 01","jenjang":"SD","n200":0,"n500":4,"dmin":241.0},"geometry":{"type":"Point","coordinates":[110.392811,-6.975279]}},{"type":"Feature","properties":{"nama":"POS PAUD TAMAN CERIA","jenjang":"TK","n200":0,"n500":2,"dmin":388.0},"geometry":{"type":"Point","coordinates":[110.3277,-7.0554]}},{"type":"Feature","properties":{"nama":"TK HARAPAN BANGSA 1","jenjang":"TK","n200":0,"n500":1,"dmin":483.0},"geometry":{"type":"Point","coordinates":[110.48097,-6.989359]}},{"type":"Feature","properties":{"nama":"KB - TK Islam Nudia","jenjang":"TK","n200":0,"n500":7,"dmin":336.0},"geometry":{"type":"Point","coordinates":[110.393824,-6.979203]}},{"type":"Feature","properties":{"nama":"KB PKK SAMBIROTO","jenjang":"TK","n200":0,"n500":1,"dmin":492.0},"geometry":{"type":"Point","coordinates":[110.453021,-7.037504]}},{"type":"Feature","properties":{"nama":"Pos PAUD Puspa Indah","jenjang":"TK","n200":0,"n500":4,"dmin":235.0},"geometry":{"type":"Point","coordinates":[110.388765,-6.993337]}},{"type":"Feature","properties":{"nama":"TK BINA PUTRA","jenjang":"TK","n200":0,"n500":0,"dmin":536.0},"geometry":{"type":"Point","coordinates":[110.428412,-6.959464]}},{"type":"Feature","properties":{"nama":"MI Al Amin","jenjang":"SD","n200":0,"n500":6,"dmin":343.0},"geometry":{"type":"Point","coordinates":[110.39534,-6.993719]}},{"type":"Feature","properties":{"nama":"POS PAUD PUSPA INDAH","jenjang":"TK","n200":0,"n500":7,"dmin":206.0},"geometry":{"type":"Point","coordinates":[110.414326,-6.966165]}},{"type":"Feature","properties":{"nama":"PAUD Adinda","jenjang":"TK","n200":0,"n500":5,"dmin":304.0},"geometry":{"type":"Point","coordinates":[110.44824,-6.970728]}},{"type":"Feature","properties":{"nama":"IKIP Veteran Jawa Tengah","jenjang":"PT","n200":0,"n500":1,"dmin":478.0},"geometry":{"type":"Point","coordinates":[110.397949,-7.021613]}},{"type":"Feature","properties":{"nama":"TK Kanisus Jatingaleh","jenjang":"TK","n200":0,"n500":3,"dmin":295.0},"geometry":{"type":"Point","coordinates":[110.419976,-7.031057]}},{"type":"Feature","properties":{"nama":"PAUD Nurul Huda","jenjang":"TK","n200":0,"n500":0,"dmin":898.0},"geometry":{"type":"Point","coordinates":[110.440926,-7.020944]}},{"type":"Feature","properties":{"nama":"SD Negeri Trimulyo 1","jenjang":"SD","n200":0,"n500":1,"dmin":219.0},"geometry":{"type":"Point","coordinates":[110.478574,-6.950281]}},{"type":"Feature","properties":{"nama":"KB TUNAS CERIA","jenjang":"TK","n200":0,"n500":4,"dmin":204.0},"geometry":{"type":"Point","coordinates":[110.439615,-7.01397]}},{"type":"Feature","properties":{"nama":"PAUD-TK Ganesha","jenjang":"TK","n200":0,"n500":6,"dmin":210.0},"geometry":{"type":"Point","coordinates":[110.43153,-7.02703]}},{"type":"Feature","properties":{"nama":"TK Aisyiyah Bustanul Athfal 21 & PAUD Aisyiyah Bintang Ceria","jenjang":"TK","n200":0,"n500":8,"dmin":203.0},"geometry":{"type":"Point","coordinates":[110.397921,-6.982572]}},{"type":"Feature","properties":{"nama":"KB-TK Panti Puruhita","jenjang":"TK","n200":0,"n500":7,"dmin":220.0},"geometry":{"type":"Point","coordinates":[110.366881,-6.983891]}},{"type":"Feature","properties":{"nama":"TK Aisyiyah Bustanul Athfal","jenjang":"TK","n200":0,"n500":7,"dmin":247.0},"geometry":{"type":"Point","coordinates":[110.420456,-7.002174]}},{"type":"Feature","properties":{"nama":"Bimba AIUEO","jenjang":"TK","n200":0,"n500":6,"dmin":225.0},"geometry":{"type":"Point","coordinates":[110.380151,-7.014002]}},{"type":"Feature","properties":{"nama":"PAUD Puspa Citra","jenjang":"TK","n200":0,"n500":4,"dmin":370.0},"geometry":{"type":"Point","coordinates":[110.451468,-7.00281]}},{"type":"Feature","properties":{"nama":"SD Muhammadiyah 16","jenjang":"SD","n200":0,"n500":2,"dmin":304.0},"geometry":{"type":"Point","coordinates":[110.424222,-7.011959]}},{"type":"Feature","properties":{"nama":"TK Mutiara Kasih","jenjang":"TK","n200":0,"n500":0,"dmin":626.0},"geometry":{"type":"Point","coordinates":[110.488297,-7.004584]}},{"type":"Feature","properties":{"nama":"Madrasah Diniyyah Nurul Haq","jenjang":"TK","n200":0,"n500":7,"dmin":207.0},"geometry":{"type":"Point","coordinates":[110.437845,-6.977017]}},{"type":"Feature","properties":{"nama":"TK Santo Martinus","jenjang":"TK","n200":0,"n500":2,"dmin":324.0},"geometry":{"type":"Point","coordinates":[110.436678,-6.999583]}},{"type":"Feature","properties":{"nama":"TK Negeri Sumurejo","jenjang":"TK","n200":0,"n500":0,"dmin":818.0},"geometry":{"type":"Point","coordinates":[110.38564,-7.10354]}},{"type":"Feature","properties":{"nama":"Pos Paud Karangturi","jenjang":"TK","n200":0,"n500":8,"dmin":213.0},"geometry":{"type":"Point","coordinates":[110.432794,-6.989586]}},{"type":"Feature","properties":{"nama":"PAUD Nurul Ilmi","jenjang":"TK","n200":0,"n500":5,"dmin":236.0},"geometry":{"type":"Point","coordinates":[110.389115,-6.996715]}},{"type":"Feature","properties":{"nama":"Sekolah Tinggi Ilmu Ekonomi Bank Bpd Jawa Tengah","jenjang":"PT","n200":0,"n500":2,"dmin":259.0},"geometry":{"type":"Point","coordinates":[110.423695,-6.970634]}},{"type":"Feature","properties":{"nama":"SD Negeri Jomblang 05","jenjang":"SD","n200":0,"n500":5,"dmin":248.0},"geometry":{"type":"Point","coordinates":[110.443204,-7.012098]}},{"type":"Feature","properties":{"nama":"TK Bangunsari","jenjang":"TK","n200":0,"n500":1,"dmin":221.0},"geometry":{"type":"Point","coordinates":[110.416272,-6.958214]}},{"type":"Feature","properties":{"nama":"KB / TK Islam Bintang Cendikia","jenjang":"TK","n200":0,"n500":4,"dmin":369.0},"geometry":{"type":"Point","coordinates":[110.472657,-7.045353]}},{"type":"Feature","properties":{"nama":"RA Al Amin","jenjang":"TK","n200":0,"n500":5,"dmin":343.0},"geometry":{"type":"Point","coordinates":[110.39534,-6.993707]}},{"type":"Feature","properties":{"nama":"RA Al Hidayah","jenjang":"TK","n200":0,"n500":0,"dmin":1048.0},"geometry":{"type":"Point","coordinates":[110.357178,-7.016813]}},{"type":"Feature","properties":{"nama":"PAUD Widuri Ceria","jenjang":"TK","n200":0,"n500":2,"dmin":326.0},"geometry":{"type":"Point","coordinates":[110.471867,-6.971344]}},{"type":"Feature","properties":{"nama":"Pos PAUD Mekar Sari 2","jenjang":"TK","n200":0,"n500":0,"dmin":1481.0},"geometry":{"type":"Point","coordinates":[110.329623,-7.079722]}},{"type":"Feature","properties":{"nama":"KB-TK Nabela","jenjang":"TK","n200":0,"n500":3,"dmin":411.0},"geometry":{"type":"Point","coordinates":[110.305937,-7.068502]}},{"type":"Feature","properties":{"nama":"PAUD Al-Awwabin","jenjang":"TK","n200":0,"n500":0,"dmin":511.0},"geometry":{"type":"Point","coordinates":[110.318135,-7.058783]}},{"type":"Feature","properties":{"nama":"SD Negeri Jabungan","jenjang":"SD","n200":0,"n500":0,"dmin":1184.0},"geometry":{"type":"Point","coordinates":[110.448851,-7.08048]}},{"type":"Feature","properties":{"nama":"SMK Texmaco Semarang","jenjang":"SMA","n200":0,"n500":3,"dmin":268.0},"geometry":{"type":"Point","coordinates":[110.293954,-6.970441]}},{"type":"Feature","properties":{"nama":"MA Al Whatoniyah","jenjang":"SMA","n200":0,"n500":0,"dmin":626.0},"geometry":{"type":"Point","coordinates":[110.46941,-6.982689]}},{"type":"Feature","properties":{"nama":"RA Al Wathoniyah","jenjang":"TK","n200":0,"n500":0,"dmin":615.0},"geometry":{"type":"Point","coordinates":[110.469694,-6.981492]}},{"type":"Feature","properties":{"nama":"SD Negeri Mangunharjo","jenjang":"SD","n200":0,"n500":0,"dmin":1589.0},"geometry":{"type":"Point","coordinates":[110.303931,-6.958505]}},{"type":"Feature","properties":{"nama":"TK Pertiwi 46","jenjang":"TK","n200":0,"n500":0,"dmin":810.0},"geometry":{"type":"Point","coordinates":[110.29205,-7.03887]}},{"type":"Feature","properties":{"nama":"TK Pertiwi 30","jenjang":"TK","n200":0,"n500":0,"dmin":1443.0},"geometry":{"type":"Point","coordinates":[110.366095,-7.038156]}},{"type":"Feature","properties":{"nama":"MTs & MA Uswatun Hasanah","jenjang":"SMA","n200":0,"n500":1,"dmin":379.0},"geometry":{"type":"Point","coordinates":[110.306186,-6.969694]}},{"type":"Feature","properties":{"nama":"SD Negeri Jatirejo","jenjang":"SD","n200":0,"n500":0,"dmin":826.0},"geometry":{"type":"Point","coordinates":[110.347717,-7.062608]}},{"type":"Feature","properties":{"nama":"Pos PAUD Tunas Mekar","jenjang":"TK","n200":0,"n500":1,"dmin":375.0},"geometry":{"type":"Point","coordinates":[110.363069,-7.000326]}},{"type":"Feature","properties":{"nama":"SMA Negeri 8 Semarang","jenjang":"SMA","n200":0,"n500":4,"dmin":246.0},"geometry":{"type":"Point","coordinates":[110.331018,-6.979087]}},{"type":"Feature","properties":{"nama":"MI An Nur","jenjang":"SD","n200":0,"n500":3,"dmin":207.0},"geometry":{"type":"Point","coordinates":[110.488105,-7.016033]}},{"type":"Feature","properties":{"nama":"PAUD dan RA Tarbiyatul Athfal","jenjang":"TK","n200":0,"n500":3,"dmin":212.0},"geometry":{"type":"Point","coordinates":[110.480359,-6.970834]}},{"type":"Feature","properties":{"nama":"SD-SMP IT Cahaya Bangsa","jenjang":"SMP","n200":0,"n500":4,"dmin":310.0},"geometry":{"type":"Point","coordinates":[110.31861,-7.055229]}},{"type":"Feature","properties":{"nama":"RA Miftakhul Khoir","jenjang":"TK","n200":0,"n500":0,"dmin":877.0},"geometry":{"type":"Point","coordinates":[110.429429,-7.081484]}},{"type":"Feature","properties":{"nama":"RA Puspa Indria","jenjang":"TK","n200":0,"n500":4,"dmin":346.0},"geometry":{"type":"Point","coordinates":[110.317878,-7.056684]}},{"type":"Feature","properties":{"nama":"SD Negeri Peterongan","jenjang":"SD","n200":0,"n500":4,"dmin":268.0},"geometry":{"type":"Point","coordinates":[110.434009,-6.998378]}},{"type":"Feature","properties":{"nama":"SD Negeri Kandri 02","jenjang":"SD","n200":0,"n500":0,"dmin":1515.0},"geometry":{"type":"Point","coordinates":[110.353968,-7.03953]}},{"type":"Feature","properties":{"nama":"TK PGRI 54","jenjang":"TK","n200":0,"n500":2,"dmin":350.0},"geometry":{"type":"Point","coordinates":[110.42083,-6.962156]}},{"type":"Feature","properties":{"nama":"SD Negeri Plalangan 01","jenjang":"SD","n200":0,"n500":1,"dmin":433.0},"geometry":{"type":"Point","coordinates":[110.370706,-7.086525]}},{"type":"Feature","properties":{"nama":"SMP - SMA IT Bina Amal","jenjang":"SMA","n200":0,"n500":0,"dmin":689.0},"geometry":{"type":"Point","coordinates":[110.373005,-7.085822]}},{"type":"Feature","properties":{"nama":"TK Beringin Asri","jenjang":"TK","n200":0,"n500":2,"dmin":202.0},"geometry":{"type":"Point","coordinates":[110.326694,-6.985035]}},{"type":"Feature","properties":{"nama":"MTs Tanwirul Qulub","jenjang":"SMP","n200":0,"n500":1,"dmin":426.0},"geometry":{"type":"Point","coordinates":[110.49168,-6.989197]}},{"type":"Feature","properties":{"nama":"MI As Salam","jenjang":"SD","n200":0,"n500":2,"dmin":390.0},"geometry":{"type":"Point","coordinates":[110.420139,-7.034281]}},{"type":"Feature","properties":{"nama":"SD Negeri Kaligawe","jenjang":"SD","n200":0,"n500":2,"dmin":298.0},"geometry":{"type":"Point","coordinates":[110.448265,-6.966619]}},{"type":"Feature","properties":{"nama":"SD Negeri Tugurejo 03","jenjang":"SD","n200":0,"n500":3,"dmin":337.0},"geometry":{"type":"Point","coordinates":[110.345675,-6.985412]}},{"type":"Feature","properties":{"nama":"MI Miftakhul Hidayah","jenjang":"SD","n200":0,"n500":1,"dmin":359.0},"geometry":{"type":"Point","coordinates":[110.359885,-7.052456]}},{"type":"Feature","properties":{"nama":"SD Kristen 3 YSKI","jenjang":"SD","n200":0,"n500":12,"dmin":248.0},"geometry":{"type":"Point","coordinates":[110.416395,-6.975595]}},{"type":"Feature","properties":{"nama":"TK Al Insyirah","jenjang":"TK","n200":0,"n500":2,"dmin":397.0},"geometry":{"type":"Point","coordinates":[110.470305,-7.007962]}},{"type":"Feature","properties":{"nama":"TK Siwi Peni 8","jenjang":"TK","n200":0,"n500":10,"dmin":240.0},"geometry":{"type":"Point","coordinates":[110.41484,-6.981874]}},{"type":"Feature","properties":{"nama":"TK YBMI Kids Fun House","jenjang":"TK","n200":0,"n500":5,"dmin":308.0},"geometry":{"type":"Point","coordinates":[110.457897,-7.02662]}},{"type":"Feature","properties":{"nama":"MI Kalimatullah","jenjang":"SD","n200":0,"n500":1,"dmin":454.0},"geometry":{"type":"Point","coordinates":[110.457966,-6.970258]}},{"type":"Feature","properties":{"nama":"SMA NU 01 Pragolapati","jenjang":"SMA","n200":0,"n500":0,"dmin":586.0},"geometry":{"type":"Point","coordinates":[110.359814,-7.060595]}},{"type":"Feature","properties":{"nama":"TK Pangudi Luhur Tarsisius","jenjang":"TK","n200":0,"n500":1,"dmin":438.0},"geometry":{"type":"Point","coordinates":[110.457158,-6.970089]}},{"type":"Feature","properties":{"nama":"SMK, SMA Bina Nusantara","jenjang":"SMA","n200":0,"n500":3,"dmin":255.0},"geometry":{"type":"Point","coordinates":[110.301243,-6.975966]}},{"type":"Feature","properties":{"nama":"TK ABA 50","jenjang":"TK","n200":0,"n500":4,"dmin":261.0},"geometry":{"type":"Point","coordinates":[110.308754,-7.081891]}},{"type":"Feature","properties":{"nama":"Sekolah Dasar Ma'had Islam","jenjang":"SMA","n200":0,"n500":15,"dmin":259.0},"geometry":{"type":"Point","coordinates":[110.428254,-6.97258]}},{"type":"Feature","properties":{"nama":"TK Al - Hidayah 8","jenjang":"TK","n200":0,"n500":0,"dmin":805.0},"geometry":{"type":"Point","coordinates":[110.361021,-7.048245]}},{"type":"Feature","properties":{"nama":"SD Negeri Wates 02","jenjang":"SD","n200":0,"n500":4,"dmin":219.0},"geometry":{"type":"Point","coordinates":[110.32086,-7.006099]}},{"type":"Feature","properties":{"nama":"PAUD Tunas Bangsa","jenjang":"TK","n200":0,"n500":2,"dmin":369.0},"geometry":{"type":"Point","coordinates":[110.466904,-6.97842]}},{"type":"Feature","properties":{"nama":"SMK Bagimu Negeriku","jenjang":"SMA","n200":0,"n500":0,"dmin":1310.0},"geometry":{"type":"Point","coordinates":[110.308677,-7.019954]}},{"type":"Feature","properties":{"nama":"SD Negeri Tambakaji 03","jenjang":"SD","n200":0,"n500":1,"dmin":212.0},"geometry":{"type":"Point","coordinates":[110.327471,-6.982703]}},{"type":"Feature","properties":{"nama":"TK Miftahul Jannah","jenjang":"TK","n200":0,"n500":3,"dmin":242.0},"geometry":{"type":"Point","coordinates":[110.33436,-6.998338]}},{"type":"Feature","properties":{"nama":"TK Islam Siti Aminah","jenjang":"TK","n200":0,"n500":9,"dmin":230.0},"geometry":{"type":"Point","coordinates":[110.414384,-6.969614]}},{"type":"Feature","properties":{"nama":"SD Negeri Mangkang Wetan 02","jenjang":"SD","n200":0,"n500":2,"dmin":340.0},"geometry":{"type":"Point","coordinates":[110.305889,-6.969945]}},{"type":"Feature","properties":{"nama":"SD Negeri Srondol Kulon 03","jenjang":"SD","n200":0,"n500":1,"dmin":478.0},"geometry":{"type":"Point","coordinates":[110.409228,-7.061132]}},{"type":"Feature","properties":{"nama":"TK Islam Bakti 2","jenjang":"TK","n200":0,"n500":4,"dmin":290.0},"geometry":{"type":"Point","coordinates":[110.461244,-6.97512]}},{"type":"Feature","properties":{"nama":"PAUD IT Mutiara Hati","jenjang":"TK","n200":0,"n500":1,"dmin":202.0},"geometry":{"type":"Point","coordinates":[110.394244,-7.064351]}},{"type":"Feature","properties":{"nama":"TK Pertiwi 39","jenjang":"TK","n200":0,"n500":3,"dmin":284.0},"geometry":{"type":"Point","coordinates":[110.332411,-7.095586]}},{"type":"Feature","properties":{"nama":"TK Bhinneka","jenjang":"TK","n200":0,"n500":6,"dmin":223.0},"geometry":{"type":"Point","coordinates":[110.458918,-6.979191]}},{"type":"Feature","properties":{"nama":"RA Tarbiyatul Islam","jenjang":"TK","n200":0,"n500":0,"dmin":1072.0},"geometry":{"type":"Point","coordinates":[110.498702,-6.985965]}},{"type":"Feature","properties":{"nama":"PAUD Permata Hati","jenjang":"TK","n200":0,"n500":3,"dmin":273.0},"geometry":{"type":"Point","coordinates":[110.408697,-7.079042]}},{"type":"Feature","properties":{"nama":"TK Aisyiyah Bustanul Athfal 41","jenjang":"TK","n200":0,"n500":4,"dmin":232.0},"geometry":{"type":"Point","coordinates":[110.463226,-6.989797]}},{"type":"Feature","properties":{"nama":"TK Nurul Falah","jenjang":"TK","n200":0,"n500":3,"dmin":394.0},"geometry":{"type":"Point","coordinates":[110.46089,-6.999916]}},{"type":"Feature","properties":{"nama":"SLBS AUTISMA YOGASMARA","jenjang":"SLB","n200":0,"n500":3,"dmin":306.0},"geometry":{"type":"Point","coordinates":[110.4318,-7.0644]}},{"type":"Feature","properties":{"nama":"SLB C PUTRA MANDIRI","jenjang":"SLB","n200":0,"n500":0,"dmin":1089.0},"geometry":{"type":"Point","coordinates":[110.4089,-7.0541]}},{"type":"Feature","properties":{"nama":"SMAS THERESIANA 1","jenjang":"PT","n200":0,"n500":12,"dmin":206.0},"geometry":{"type":"Point","coordinates":[110.427405,-6.985898]}},{"type":"Feature","properties":{"nama":"RA Tawang","jenjang":"TK","n200":0,"n500":4,"dmin":239.0},"geometry":{"type":"Point","coordinates":[110.393038,-6.971889]}},{"type":"Feature","properties":{"nama":"PAUD Belimbing","jenjang":"TK","n200":0,"n500":1,"dmin":239.0},"geometry":{"type":"Point","coordinates":[110.491713,-6.964978]}},{"type":"Feature","properties":{"nama":"SMA PANCASILA","jenjang":"PT","n200":0,"n500":6,"dmin":204.0},"geometry":{"type":"Point","coordinates":[110.435229,-6.994756]}},{"type":"Feature","properties":{"nama":"PAUD, TK Pondok Beringin","jenjang":"TK","n200":0,"n500":2,"dmin":317.0},"geometry":{"type":"Point","coordinates":[110.331702,-6.986293]}},{"type":"Feature","properties":{"nama":"SDLB- C WIDYA BHAKTI","jenjang":"SLB","n200":0,"n500":3,"dmin":316.0},"geometry":{"type":"Point","coordinates":[110.4845,-7.0237]}},{"type":"Feature","properties":{"nama":"PAUD Ananda","jenjang":"TK","n200":0,"n500":0,"dmin":1116.0},"geometry":{"type":"Point","coordinates":[110.448379,-7.080082]}},{"type":"Feature","properties":{"nama":"SMK SEPULUH NOPEMBER","jenjang":"PT","n200":0,"n500":2,"dmin":208.0},"geometry":{"type":"Point","coordinates":[110.4684,-7.0305]}},{"type":"Feature","properties":{"nama":"Universitas Nasional Karangturi Semarang","jenjang":"PT","n200":0,"n500":2,"dmin":354.0},"geometry":{"type":"Point","coordinates":[110.437187,-6.963063]}},{"type":"Feature","properties":{"nama":"SMK NEGERI 08","jenjang":"PT","n200":0,"n500":7,"dmin":247.0},"geometry":{"type":"Point","coordinates":[110.42,-6.9904]}},{"type":"Feature","properties":{"nama":"SMA NEGERI 11","jenjang":"PT","n200":0,"n500":2,"dmin":356.0},"geometry":{"type":"Point","coordinates":[110.446496,-7.005692]}},{"type":"Feature","properties":{"nama":"PAUD Minar Mulia","jenjang":"TK","n200":0,"n500":2,"dmin":257.0},"geometry":{"type":"Point","coordinates":[110.48113,-7.046924]}},{"type":"Feature","properties":{"nama":"TK Asyiyah Bustanul Athfal","jenjang":"TK","n200":0,"n500":6,"dmin":269.0},"geometry":{"type":"Point","coordinates":[110.431604,-6.971679]}},{"type":"Feature","properties":{"nama":"MA AL KHOIRIYYAH","jenjang":"PT","n200":0,"n500":2,"dmin":297.0},"geometry":{"type":"Point","coordinates":[110.4061,-6.9846]}},{"type":"Feature","properties":{"nama":"SMA NASIONAL","jenjang":"PT","n200":0,"n500":2,"dmin":320.0},"geometry":{"type":"Point","coordinates":[110.40727,-7.077841]}},{"type":"Feature","properties":{"nama":"SMKN JATENG DI SEMARANG","jenjang":"PT","n200":0,"n500":3,"dmin":211.0},"geometry":{"type":"Point","coordinates":[110.4021,-6.9666]}},{"type":"Feature","properties":{"nama":"TK TARBIYATUL ATHFAL 3","jenjang":"TK","n200":0,"n500":0,"dmin":1052.0},"geometry":{"type":"Point","coordinates":[110.44808,-7.031802]}},{"type":"Feature","properties":{"nama":"MTs Asy Syarifah","jenjang":"SMP","n200":0,"n500":0,"dmin":1496.0},"geometry":{"type":"Point","coordinates":[110.330911,-7.080318]}},{"type":"Feature","properties":{"nama":"SMA Nusa Bhakti","jenjang":"SMA","n200":0,"n500":2,"dmin":386.0},"geometry":{"type":"Point","coordinates":[110.372298,-6.992583]}},{"type":"Feature","properties":{"nama":"SMP Purnama 1","jenjang":"SMP","n200":0,"n500":4,"dmin":268.0},"geometry":{"type":"Point","coordinates":[110.465779,-7.025282]}},{"type":"Feature","properties":{"nama":"PAUD - TK Hanura","jenjang":"TK","n200":0,"n500":1,"dmin":362.0},"geometry":{"type":"Point","coordinates":[110.391328,-6.993099]}},{"type":"Feature","properties":{"nama":"SD Negeri Kalicari 01","jenjang":"SD","n200":0,"n500":7,"dmin":267.0},"geometry":{"type":"Point","coordinates":[110.458142,-6.99167]}},{"type":"Feature","properties":{"nama":"TK Bintang Kecil","jenjang":"TK","n200":0,"n500":1,"dmin":440.0},"geometry":{"type":"Point","coordinates":[110.370784,-7.005346]}},{"type":"Feature","properties":{"nama":"KB Lathifa 06","jenjang":"TK","n200":0,"n500":1,"dmin":319.0},"geometry":{"type":"Point","coordinates":[110.306844,-6.970865]}},{"type":"Feature","properties":{"nama":"TK PGRI 39 Peterongan","jenjang":"TK","n200":0,"n500":4,"dmin":241.0},"geometry":{"type":"Point","coordinates":[110.433978,-6.998621]}},{"type":"Feature","properties":{"nama":"MTs Al Wathoniyah","jenjang":"SMP","n200":0,"n500":0,"dmin":628.0},"geometry":{"type":"Point","coordinates":[110.469639,-6.982155]}},{"type":"Feature","properties":{"nama":"PAUD Permata Hati","jenjang":"TK","n200":0,"n500":0,"dmin":826.0},"geometry":{"type":"Point","coordinates":[110.442038,-7.020248]}},{"type":"Feature","properties":{"nama":"PAUD Lestari II","jenjang":"TK","n200":0,"n500":1,"dmin":221.0},"geometry":{"type":"Point","coordinates":[110.368354,-7.085077]}},{"type":"Feature","properties":{"nama":"POS PAUD PERMATA HATI BUNDA","jenjang":"TK","n200":0,"n500":0,"dmin":748.0},"geometry":{"type":"Point","coordinates":[110.4517,-6.9526]}},{"type":"Feature","properties":{"nama":"SMA SEDES SAPIENTIAE","jenjang":"PT","n200":0,"n500":5,"dmin":218.0},"geometry":{"type":"Point","coordinates":[110.433,-6.9991]}},{"type":"Feature","properties":{"nama":"POS PAUD ANAK BANGSA V","jenjang":"TK","n200":0,"n500":5,"dmin":231.0},"geometry":{"type":"Point","coordinates":[110.449011,-7.014499]}},{"type":"Feature","properties":{"nama":"TK PGRI 100","jenjang":"TK","n200":0,"n500":0,"dmin":1149.0},"geometry":{"type":"Point","coordinates":[110.334952,-7.083631]}},{"type":"Feature","properties":{"nama":"Pos PAUD","jenjang":"TK","n200":0,"n500":4,"dmin":356.0},"geometry":{"type":"Point","coordinates":[110.405195,-6.983849]}},{"type":"Feature","properties":{"nama":"PAUD Mutiara Kasih","jenjang":"TK","n200":0,"n500":6,"dmin":227.0},"geometry":{"type":"Point","coordinates":[110.403064,-6.986373]}},{"type":"Feature","properties":{"nama":"TK MUTIARA BASMALLAH 1","jenjang":"TK","n200":0,"n500":0,"dmin":512.0},"geometry":{"type":"Point","coordinates":[110.4548,-7.0667]}},{"type":"Feature","properties":{"nama":"MI Miftahus Shibyan","jenjang":"SD","n200":0,"n500":0,"dmin":1321.0},"geometry":{"type":"Point","coordinates":[110.307996,-7.024906]}},{"type":"Feature","properties":{"nama":"TK Bustanul Firdaus","jenjang":"TK","n200":0,"n500":3,"dmin":290.0},"geometry":{"type":"Point","coordinates":[110.418368,-6.962766]}},{"type":"Feature","properties":{"nama":"SMP Negeri 25 Semarang","jenjang":"SMP","n200":0,"n500":0,"dmin":660.0},"geometry":{"type":"Point","coordinates":[110.401501,-6.958557]}},{"type":"Feature","properties":{"nama":"SD Negeri Krobokan","jenjang":"SD","n200":0,"n500":7,"dmin":221.0},"geometry":{"type":"Point","coordinates":[110.399016,-6.978535]}},{"type":"Feature","properties":{"nama":"TK Bunga Bangsa","jenjang":"TK","n200":0,"n500":5,"dmin":233.0},"geometry":{"type":"Point","coordinates":[110.463991,-6.982482]}},{"type":"Feature","properties":{"nama":"PAUD Yayasan Islam Terpadu Bina Dhuafa","jenjang":"TK","n200":0,"n500":1,"dmin":396.0},"geometry":{"type":"Point","coordinates":[110.381898,-7.026783]}},{"type":"Feature","properties":{"nama":"PAUD-TK Oasis Kids","jenjang":"TK","n200":0,"n500":6,"dmin":269.0},"geometry":{"type":"Point","coordinates":[110.385934,-6.999596]}},{"type":"Feature","properties":{"nama":"TK IT NURUL QOMAR","jenjang":"TK","n200":0,"n500":3,"dmin":379.0},"geometry":{"type":"Point","coordinates":[110.4768,-6.9896]}},{"type":"Feature","properties":{"nama":"PAUD Sekar Nagari - UNNES","jenjang":"TK","n200":0,"n500":4,"dmin":225.0},"geometry":{"type":"Point","coordinates":[110.396489,-7.049075]}},{"type":"Feature","properties":{"nama":"SD Bias","jenjang":"SD","n200":0,"n500":3,"dmin":331.0},"geometry":{"type":"Point","coordinates":[110.423856,-7.064146]}},{"type":"Feature","properties":{"nama":"RA/BA/TA FUTUHIYAH PALEBON","jenjang":"TK","n200":0,"n500":1,"dmin":447.0},"geometry":{"type":"Point","coordinates":[110.4718,-7.0075]}},{"type":"Feature","properties":{"nama":"PAUD Pelita Bangsa","jenjang":"TK","n200":0,"n500":2,"dmin":351.0},"geometry":{"type":"Point","coordinates":[110.353714,-6.997514]}},{"type":"Feature","properties":{"nama":"KB Tunas Harapan","jenjang":"TK","n200":0,"n500":5,"dmin":216.0},"geometry":{"type":"Point","coordinates":[110.468191,-7.048029]}},{"type":"Feature","properties":{"nama":"SMA Negeri 14 Semarang","jenjang":"SMA","n200":0,"n500":0,"dmin":711.0},"geometry":{"type":"Point","coordinates":[110.400972,-6.95895]}},{"type":"Feature","properties":{"nama":"SMP Negeri 21 Semarang","jenjang":"SMP","n200":0,"n500":6,"dmin":272.0},"geometry":{"type":"Point","coordinates":[110.414181,-7.073667]}},{"type":"Feature","properties":{"nama":"RA Adaenuriyah","jenjang":"TK","n200":0,"n500":2,"dmin":367.0},"geometry":{"type":"Point","coordinates":[110.460477,-7.013044]}},{"type":"Feature","properties":{"nama":"TK Bagimu Negeriku","jenjang":"TK","n200":0,"n500":0,"dmin":1321.0},"geometry":{"type":"Point","coordinates":[110.30861,-7.01967]}},{"type":"Feature","properties":{"nama":"SD Negeri Pesantren","jenjang":"SD","n200":0,"n500":0,"dmin":1001.0},"geometry":{"type":"Point","coordinates":[110.310925,-7.022679]}},{"type":"Feature","properties":{"nama":"Pos PAUD Sekar Wangi","jenjang":"TK","n200":0,"n500":4,"dmin":328.0},"geometry":{"type":"Point","coordinates":[110.460862,-6.974444]}},{"type":"Feature","properties":{"nama":"POS PAUD BUAH HATIKU","jenjang":"TK","n200":0,"n500":3,"dmin":329.0},"geometry":{"type":"Point","coordinates":[110.4161,-7.094]}},{"type":"Feature","properties":{"nama":"SD Negeri Kuningan 03","jenjang":"SD","n200":0,"n500":3,"dmin":382.0},"geometry":{"type":"Point","coordinates":[110.413609,-6.958972]}},{"type":"Feature","properties":{"nama":"KB KHAIRU UMMAH","jenjang":"TK","n200":0,"n500":9,"dmin":205.0},"geometry":{"type":"Point","coordinates":[110.4285,-7.0692]}},{"type":"Feature","properties":{"nama":"KB-TK Citra Junior","jenjang":"TK","n200":0,"n500":10,"dmin":398.0},"geometry":{"type":"Point","coordinates":[110.415132,-7.070769]}},{"type":"Feature","properties":{"nama":"PAUD Al Husna","jenjang":"TK","n200":0,"n500":9,"dmin":226.0},"geometry":{"type":"Point","coordinates":[110.455787,-6.982378]}},{"type":"Feature","properties":{"nama":"KB Alam Jungle School","jenjang":"TK","n200":0,"n500":5,"dmin":255.0},"geometry":{"type":"Point","coordinates":[110.3974,-7.0561]}},{"type":"Feature","properties":{"nama":"SD Islam Al - Ma' arif","jenjang":"SMA","n200":0,"n500":1,"dmin":475.0},"geometry":{"type":"Point","coordinates":[110.442527,-7.031467]}},{"type":"Feature","properties":{"nama":"SD Negeri Ngesrep 01","jenjang":"SD","n200":0,"n500":0,"dmin":564.0},"geometry":{"type":"Point","coordinates":[110.418474,-7.03432]}},{"type":"Feature","properties":{"nama":"PAUD Kenari","jenjang":"TK","n200":0,"n500":1,"dmin":327.0},"geometry":{"type":"Point","coordinates":[110.309943,-7.060798]}},{"type":"Feature","properties":{"nama":"TK AISYIYAH BUSTANUL ATHFAL 22","jenjang":"TK","n200":0,"n500":5,"dmin":351.0},"geometry":{"type":"Point","coordinates":[110.39332,-6.977589]}},{"type":"Feature","properties":{"nama":"MA FUTUHIYYAH KUDU","jenjang":"PT","n200":0,"n500":1,"dmin":477.0},"geometry":{"type":"Point","coordinates":[110.5003,-6.9757]}},{"type":"Feature","properties":{"nama":"TK Ma'had Ta'zhimus Sunnah","jenjang":"TK","n200":0,"n500":4,"dmin":290.0},"geometry":{"type":"Point","coordinates":[110.478153,-6.96745]}},{"type":"Feature","properties":{"nama":"SMP Negeri 42 Semarang","jenjang":"SMP","n200":0,"n500":3,"dmin":286.0},"geometry":{"type":"Point","coordinates":[110.481757,-7.042431]}},{"type":"Feature","properties":{"nama":"TK Negeri Banyumanik","jenjang":"TK","n200":0,"n500":0,"dmin":512.0},"geometry":{"type":"Point","coordinates":[110.415487,-7.079498]}},{"type":"Feature","properties":{"nama":"Pos PAUD Hj. Sriyati","jenjang":"TK","n200":0,"n500":0,"dmin":1066.0},"geometry":{"type":"Point","coordinates":[110.376647,-7.086222]}},{"type":"Feature","properties":{"nama":"RA/BA/TA IT NURUL ISLAM","jenjang":"TK","n200":0,"n500":2,"dmin":418.0},"geometry":{"type":"Point","coordinates":[110.3529,-6.9956]}},{"type":"Feature","properties":{"nama":"RA AL HIDAYAH MIJEN","jenjang":"TK","n200":0,"n500":1,"dmin":347.0},"geometry":{"type":"Point","coordinates":[110.3176,-7.0199]}},{"type":"Feature","properties":{"nama":"SD Negeri Banyumanik 03","jenjang":"SD","n200":0,"n500":3,"dmin":290.0},"geometry":{"type":"Point","coordinates":[110.407417,-7.077349]}},{"type":"Feature","properties":{"nama":"SD Katholik Sang Timur","jenjang":"SD","n200":0,"n500":3,"dmin":346.0},"geometry":{"type":"Point","coordinates":[110.478647,-7.00305]}},{"type":"Feature","properties":{"nama":"SD Negeri Pudak Payung 03","jenjang":"SD","n200":0,"n500":1,"dmin":267.0},"geometry":{"type":"Point","coordinates":[110.414999,-7.10238]}},{"type":"Feature","properties":{"nama":"KB PELITA BANGSA","jenjang":"TK","n200":0,"n500":1,"dmin":492.0},"geometry":{"type":"Point","coordinates":[110.351441,-7.004625]}},{"type":"Feature","properties":{"nama":"SD Negeri Pakintelan 01","jenjang":"SD","n200":0,"n500":0,"dmin":913.0},"geometry":{"type":"Point","coordinates":[110.396083,-7.088925]}},{"type":"Feature","properties":{"nama":"TK PGRI 76","jenjang":"TK","n200":0,"n500":0,"dmin":542.0},"geometry":{"type":"Point","coordinates":[110.407877,-7.062223]}},{"type":"Feature","properties":{"nama":"TK Nurul Hidayah","jenjang":"TK","n200":0,"n500":0,"dmin":700.0},"geometry":{"type":"Point","coordinates":[110.433971,-7.018552]}},{"type":"Feature","properties":{"nama":"KB-TK Daarus Salam","jenjang":"TK","n200":0,"n500":5,"dmin":298.0},"geometry":{"type":"Point","coordinates":[110.448738,-6.997407]}},{"type":"Feature","properties":{"nama":"SMA At Thohiriyah","jenjang":"SMA","n200":0,"n500":3,"dmin":205.0},"geometry":{"type":"Point","coordinates":[110.485851,-7.014532]}},{"type":"Feature","properties":{"nama":"RA/BA/TA RAUDLATUSSIBYAN","jenjang":"TK","n200":0,"n500":1,"dmin":387.0},"geometry":{"type":"Point","coordinates":[110.3676,-7.0897]}},{"type":"Feature","properties":{"nama":"KB-TK Islam Nurus Sunnah","jenjang":"TK","n200":0,"n500":5,"dmin":220.0},"geometry":{"type":"Point","coordinates":[110.445258,-7.059176]}},{"type":"Feature","properties":{"nama":"TK As Syifa","jenjang":"TK","n200":0,"n500":1,"dmin":287.0},"geometry":{"type":"Point","coordinates":[110.481225,-6.991642]}},{"type":"Feature","properties":{"nama":"Madrasah Sabbilul Mubtadiin","jenjang":"TK","n200":0,"n500":0,"dmin":1120.0},"geometry":{"type":"Point","coordinates":[110.34019,-7.085701]}},{"type":"Feature","properties":{"nama":"SMP Islam Cahaya Insani","jenjang":"SMP","n200":0,"n500":8,"dmin":223.0},"geometry":{"type":"Point","coordinates":[110.444609,-6.987772]}},{"type":"Feature","properties":{"nama":"POS PAUD CAHAYA MENTARI","jenjang":"TK","n200":0,"n500":2,"dmin":366.0},"geometry":{"type":"Point","coordinates":[110.439339,-6.983183]}},{"type":"Feature","properties":{"nama":"SD Negeri Pedalangan 03","jenjang":"SD","n200":0,"n500":3,"dmin":295.0},"geometry":{"type":"Point","coordinates":[110.423958,-7.061542]}},{"type":"Feature","properties":{"nama":"TK PGRI 01/62 Purwoyoso","jenjang":"TK","n200":0,"n500":6,"dmin":282.0},"geometry":{"type":"Point","coordinates":[110.361823,-6.989409]}},{"type":"Feature","properties":{"nama":"SD Negeri Karangayu 02","jenjang":"SD","n200":0,"n500":6,"dmin":294.0},"geometry":{"type":"Point","coordinates":[110.393793,-6.979716]}},{"type":"Feature","properties":{"nama":"PAUD Cempaka Sari","jenjang":"TK","n200":0,"n500":0,"dmin":551.0},"geometry":{"type":"Point","coordinates":[110.352097,-7.072498]}},{"type":"Feature","properties":{"nama":"SD Islam 1-3","jenjang":"SD","n200":0,"n500":7,"dmin":297.0},"geometry":{"type":"Point","coordinates":[110.422334,-6.972261]}},{"type":"Feature","properties":{"nama":"TK IT MONA SCHOOL","jenjang":"TK","n200":0,"n500":0,"dmin":1314.0},"geometry":{"type":"Point","coordinates":[110.304533,-7.007173]}},{"type":"Feature","properties":{"nama":"PAUD Sekar Pelita","jenjang":"TK","n200":0,"n500":0,"dmin":747.0},"geometry":{"type":"Point","coordinates":[110.399351,-7.04429]}},{"type":"Feature","properties":{"nama":"TK KRISTEN KEHIDUPAN BAGI BANGSA","jenjang":"TK","n200":0,"n500":1,"dmin":229.0},"geometry":{"type":"Point","coordinates":[110.4139,-6.9554]}},{"type":"Feature","properties":{"nama":"SD Negeri Purwoyoso 06","jenjang":"SD","n200":0,"n500":1,"dmin":355.0},"geometry":{"type":"Point","coordinates":[110.353015,-6.992778]}},{"type":"Feature","properties":{"nama":"PAUD Gembira","jenjang":"TK","n200":0,"n500":6,"dmin":232.0},"geometry":{"type":"Point","coordinates":[110.410957,-6.99748]}},{"type":"Feature","properties":{"nama":"KB HARAPAN BANGSA","jenjang":"TK","n200":0,"n500":2,"dmin":205.0},"geometry":{"type":"Point","coordinates":[110.480976,-7.000744]}},{"type":"Feature","properties":{"nama":"TK AR-RAHMAH","jenjang":"TK","n200":0,"n500":0,"dmin":2584.0},"geometry":{"type":"Point","coordinates":[110.293707,-7.0166]}},{"type":"Feature","properties":{"nama":"TK Siwi Peni 25","jenjang":"TK","n200":0,"n500":0,"dmin":836.0},"geometry":{"type":"Point","coordinates":[110.360551,-7.047977]}},{"type":"Feature","properties":{"nama":"KB HARAPAN BANGSA","jenjang":"TK","n200":0,"n500":3,"dmin":215.0},"geometry":{"type":"Point","coordinates":[110.428821,-7.011246]}},{"type":"Feature","properties":{"nama":"PAUD Anggur","jenjang":"TK","n200":0,"n500":2,"dmin":230.0},"geometry":{"type":"Point","coordinates":[110.495499,-6.969226]}},{"type":"Feature","properties":{"nama":"POS PAUD TUNAS BAHAGIA","jenjang":"TK","n200":0,"n500":0,"dmin":838.0},"geometry":{"type":"Point","coordinates":[110.4267,-6.9569]}},{"type":"Feature","properties":{"nama":"TK PGRI 32","jenjang":"TK","n200":0,"n500":6,"dmin":220.0},"geometry":{"type":"Point","coordinates":[110.403988,-6.999872]}},{"type":"Feature","properties":{"nama":"TK PUSPITASARI","jenjang":"TK","n200":0,"n500":2,"dmin":417.0},"geometry":{"type":"Point","coordinates":[110.4393,-6.9549]}},{"type":"Feature","properties":{"nama":"SD Negeri Nongkosawit 01","jenjang":"SD","n200":0,"n500":0,"dmin":672.0},"geometry":{"type":"Point","coordinates":[110.364644,-7.068481]}},{"type":"Feature","properties":{"nama":"SMP Islam Al Azhar 29","jenjang":"SMP","n200":0,"n500":1,"dmin":422.0},"geometry":{"type":"Point","coordinates":[110.337563,-7.030914]}},{"type":"Feature","properties":{"nama":"SMP Hasanuddin 07","jenjang":"SMP","n200":0,"n500":0,"dmin":2500.0},"geometry":{"type":"Point","coordinates":[110.293794,-7.006873]}},{"type":"Feature","properties":{"nama":"RA Zam Zam","jenjang":"TK","n200":0,"n500":0,"dmin":647.0},"geometry":{"type":"Point","coordinates":[110.357361,-7.060005]}},{"type":"Feature","properties":{"nama":"SMP Negeri 43 Semarang","jenjang":"SMP","n200":0,"n500":0,"dmin":614.0},"geometry":{"type":"Point","coordinates":[110.475485,-6.975587]}},{"type":"Feature","properties":{"nama":"MTs Al - Islam","jenjang":"SMP","n200":0,"n500":0,"dmin":673.0},"geometry":{"type":"Point","coordinates":[110.385521,-7.106899]}},{"type":"Feature","properties":{"nama":"PAUD Anak Bangsa IX","jenjang":"TK","n200":0,"n500":4,"dmin":393.0},"geometry":{"type":"Point","coordinates":[110.448797,-7.016245]}},{"type":"Feature","properties":{"nama":"SD Negeri Plalangan 02","jenjang":"SD","n200":0,"n500":0,"dmin":1353.0},"geometry":{"type":"Point","coordinates":[110.369606,-7.098351]}},{"type":"Feature","properties":{"nama":"SD Negeri Srondol Kulon 01","jenjang":"SD","n200":0,"n500":0,"dmin":781.0},"geometry":{"type":"Point","coordinates":[110.414246,-7.055714]}},{"type":"Feature","properties":{"nama":"KB-TK Mihrimah","jenjang":"TK","n200":0,"n500":1,"dmin":483.0},"geometry":{"type":"Point","coordinates":[110.420967,-7.059867]}},{"type":"Feature","properties":{"nama":"RA/BA/TA NURUL FALAH","jenjang":"TK","n200":0,"n500":1,"dmin":233.0},"geometry":{"type":"Point","coordinates":[110.495679,-6.965515]}},{"type":"Feature","properties":{"nama":"PAUD Mutiara Bunda","jenjang":"TK","n200":0,"n500":1,"dmin":366.0},"geometry":{"type":"Point","coordinates":[110.388093,-7.090706]}},{"type":"Feature","properties":{"nama":"SD Negeri Ngijo 02","jenjang":"SD","n200":0,"n500":0,"dmin":664.0},"geometry":{"type":"Point","coordinates":[110.375082,-7.079511]}},{"type":"Feature","properties":{"nama":"TK AISYIYAH BUSTANUL ATHFAL 59","jenjang":"TK","n200":0,"n500":3,"dmin":376.0},"geometry":{"type":"Point","coordinates":[110.467697,-7.064352]}},{"type":"Feature","properties":{"nama":"TK Tarbiyarul Athfal","jenjang":"TK","n200":0,"n500":7,"dmin":201.0},"geometry":{"type":"Point","coordinates":[110.43155,-6.965088]}},{"type":"Feature","properties":{"nama":"PAUD IT Mutiara Hati","jenjang":"TK","n200":0,"n500":1,"dmin":217.0},"geometry":{"type":"Point","coordinates":[110.394116,-7.064461]}},{"type":"Feature","properties":{"nama":"Pos PAUD Putra Cerdas","jenjang":"TK","n200":0,"n500":1,"dmin":274.0},"geometry":{"type":"Point","coordinates":[110.377435,-7.000531]}},{"type":"Feature","properties":{"nama":"SLB TALITAKUM","jenjang":"SLB","n200":0,"n500":5,"dmin":327.0},"geometry":{"type":"Point","coordinates":[110.4644,-7.0262]}},{"type":"Feature","properties":{"nama":"RA/BA/TA AS SALAFIYAH","jenjang":"TK","n200":0,"n500":0,"dmin":1447.0},"geometry":{"type":"Point","coordinates":[110.506769,-6.956623]}},{"type":"Feature","properties":{"nama":"POS PAUD BULAN CERIA","jenjang":"TK","n200":0,"n500":5,"dmin":248.0},"geometry":{"type":"Point","coordinates":[110.40306,-6.982936]}},{"type":"Feature","properties":{"nama":"TK Barunawati","jenjang":"TK","n200":0,"n500":0,"dmin":721.0},"geometry":{"type":"Point","coordinates":[110.42228,-6.95671]}},{"type":"Feature","properties":{"nama":"SD Negeri Banyumanik 02","jenjang":"SD","n200":0,"n500":0,"dmin":502.0},"geometry":{"type":"Point","coordinates":[110.415118,-7.079701]}},{"type":"Feature","properties":{"nama":"SD Negeri Ngaliyan 02","jenjang":"SD","n200":0,"n500":1,"dmin":382.0},"geometry":{"type":"Point","coordinates":[110.352807,-6.992907]}},{"type":"Feature","properties":{"nama":"TK Tunas Islam","jenjang":"TK","n200":0,"n500":5,"dmin":338.0},"geometry":{"type":"Point","coordinates":[110.463622,-6.976466]}},{"type":"Feature","properties":{"nama":"PAUD Sekar Melati","jenjang":"TK","n200":0,"n500":0,"dmin":593.0},"geometry":{"type":"Point","coordinates":[110.300286,-7.05669]}},{"type":"Feature","properties":{"nama":"SMA ISLAM PRAGOLAPATI","jenjang":"PT","n200":0,"n500":0,"dmin":587.0},"geometry":{"type":"Point","coordinates":[110.3598,-7.0606]}},{"type":"Feature","properties":{"nama":"PAUD Rumah Asa","jenjang":"TK","n200":0,"n500":2,"dmin":477.0},"geometry":{"type":"Point","coordinates":[110.409072,-7.061554]}},{"type":"Feature","properties":{"nama":"Rumah Pintar Mekarsari","jenjang":"TK","n200":0,"n500":7,"dmin":255.0},"geometry":{"type":"Point","coordinates":[110.409268,-7.074406]}},{"type":"Feature","properties":{"nama":"SD Negeri Ngemplak Simongan 01","jenjang":"SD","n200":0,"n500":3,"dmin":310.0},"geometry":{"type":"Point","coordinates":[110.393813,-7.000573]}},{"type":"Feature","properties":{"nama":"SD Negeri Podorejo 03","jenjang":"SD","n200":0,"n500":0,"dmin":3195.0},"geometry":{"type":"Point","coordinates":[110.287552,-7.005609]}},{"type":"Feature","properties":{"nama":"Pos PAUD Pelangi","jenjang":"TK","n200":0,"n500":0,"dmin":534.0},"geometry":{"type":"Point","coordinates":[110.422973,-7.058995]}},{"type":"Feature","properties":{"nama":"TK ISLAM TUNAS HARAPAN","jenjang":"TK","n200":0,"n500":0,"dmin":660.0},"geometry":{"type":"Point","coordinates":[110.4772,-7.0536]}},{"type":"Feature","properties":{"nama":"MI Futuhiyyah 1-2","jenjang":"SD","n200":0,"n500":0,"dmin":509.0},"geometry":{"type":"Point","coordinates":[110.500675,-6.975223]}},{"type":"Feature","properties":{"nama":"SMA RONGGOLAWE","jenjang":"PT","n200":0,"n500":0,"dmin":841.0},"geometry":{"type":"Point","coordinates":[110.3796,-6.9782]}},{"type":"Feature","properties":{"nama":"SMK PGRI 1","jenjang":"PT","n200":0,"n500":5,"dmin":288.0},"geometry":{"type":"Point","coordinates":[110.4391,-6.9895]}},{"type":"Feature","properties":{"nama":"SD Negeri Randugarut","jenjang":"SD","n200":0,"n500":0,"dmin":648.0},"geometry":{"type":"Point","coordinates":[110.320038,-6.969578]}},{"type":"Feature","properties":{"nama":"TK Islam At Taqwa","jenjang":"TK","n200":0,"n500":2,"dmin":344.0},"geometry":{"type":"Point","coordinates":[110.48939,-7.012967]}},{"type":"Feature","properties":{"nama":"TK Islam Nurul Falah","jenjang":"TK","n200":0,"n500":1,"dmin":250.0},"geometry":{"type":"Point","coordinates":[110.4126,-7.019527]}},{"type":"Feature","properties":{"nama":"SD Islam Qurrota A' yun","jenjang":"SD","n200":0,"n500":2,"dmin":458.0},"geometry":{"type":"Point","coordinates":[110.444367,-7.015671]}},{"type":"Feature","properties":{"nama":"Universitas Nasional Karangturi Semarang","jenjang":"PT","n200":0,"n500":2,"dmin":354.0},"geometry":{"type":"Point","coordinates":[110.437187,-6.963063]}},{"type":"Feature","properties":{"nama":"PAUD Setia Bakti","jenjang":"TK","n200":0,"n500":2,"dmin":368.0},"geometry":{"type":"Point","coordinates":[110.388971,-7.105882]}},{"type":"Feature","properties":{"nama":"MTs-MA Al Burhan","jenjang":"SMA","n200":0,"n500":1,"dmin":396.0},"geometry":{"type":"Point","coordinates":[110.426004,-7.0927]}},{"type":"Feature","properties":{"nama":"KB dan RA Taqwal Ilah","jenjang":"TK","n200":0,"n500":3,"dmin":294.0},"geometry":{"type":"Point","coordinates":[110.470392,-7.053393]}},{"type":"Feature","properties":{"nama":"TK Pertiwi 48","jenjang":"TK","n200":0,"n500":0,"dmin":585.0},"geometry":{"type":"Point","coordinates":[110.364728,-7.059242]}},{"type":"Feature","properties":{"nama":"PAUD Latifah V - TK Tarbiyatul Athfal 54","jenjang":"TK","n200":0,"n500":2,"dmin":202.0},"geometry":{"type":"Point","coordinates":[110.314076,-7.087281]}},{"type":"Feature","properties":{"nama":"SD Negeri Bangetayu Wetan 2","jenjang":"SD","n200":0,"n500":3,"dmin":268.0},"geometry":{"type":"Point","coordinates":[110.485629,-6.982619]}},{"type":"Feature","properties":{"nama":"SD Negeri Tlogosari Kulon 01","jenjang":"SD","n200":0,"n500":6,"dmin":248.0},"geometry":{"type":"Point","coordinates":[110.456082,-6.980359]}},{"type":"Feature","properties":{"nama":"TK Pertiwi 14","jenjang":"TK","n200":0,"n500":7,"dmin":253.0},"geometry":{"type":"Point","coordinates":[110.476028,-6.995284]}},{"type":"Feature","properties":{"nama":"SMK BINA NUSANTARA","jenjang":"PT","n200":0,"n500":3,"dmin":282.0},"geometry":{"type":"Point","coordinates":[110.3013,-6.9762]}},{"type":"Feature","properties":{"nama":"SD Negeri Rejosari 03","jenjang":"SD","n200":0,"n500":2,"dmin":255.0},"geometry":{"type":"Point","coordinates":[110.440255,-6.979243]}},{"type":"Feature","properties":{"nama":"SD Negeri Gebangsari 2","jenjang":"SD","n200":0,"n500":3,"dmin":346.0},"geometry":{"type":"Point","coordinates":[110.462848,-6.964772]}},{"type":"Feature","properties":{"nama":"MI Miftahul Ulum","jenjang":"SD","n200":0,"n500":0,"dmin":509.0},"geometry":{"type":"Point","coordinates":[110.479333,-6.985686]}},{"type":"Feature","properties":{"nama":"MI & MTS Futuhiyyah Kudu","jenjang":"SMP","n200":0,"n500":1,"dmin":486.0},"geometry":{"type":"Point","coordinates":[110.500387,-6.975704]}},{"type":"Feature","properties":{"nama":"SD Negeri Muktiharjo Kidul 04","jenjang":"SD","n200":0,"n500":5,"dmin":383.0},"geometry":{"type":"Point","coordinates":[110.464815,-6.97688]}},{"type":"Feature","properties":{"nama":"MA SULTAN TRENGGONO","jenjang":"PT","n200":0,"n500":0,"dmin":848.0},"geometry":{"type":"Point","coordinates":[110.380172,-7.104353]}},{"type":"Feature","properties":{"nama":"TK Mardi Utomo","jenjang":"TK","n200":0,"n500":4,"dmin":305.0},"geometry":{"type":"Point","coordinates":[110.445364,-7.062838]}},{"type":"Feature","properties":{"nama":"TK Islam Zahra Alesha","jenjang":"TK","n200":0,"n500":1,"dmin":319.0},"geometry":{"type":"Point","coordinates":[110.482148,-6.99297]}},{"type":"Feature","properties":{"nama":"TK PGRI No. 97","jenjang":"TK","n200":0,"n500":4,"dmin":359.0},"geometry":{"type":"Point","coordinates":[110.454368,-7.009735]}},{"type":"Feature","properties":{"nama":"RA AL HIKMAH","jenjang":"TK","n200":0,"n500":3,"dmin":304.0},"geometry":{"type":"Point","coordinates":[110.385006,-7.00699]}},{"type":"Feature","properties":{"nama":"SD Negeri Tinjomoyo 03","jenjang":"SD","n200":0,"n500":0,"dmin":839.0},"geometry":{"type":"Point","coordinates":[110.417272,-7.037479]}},{"type":"Feature","properties":{"nama":"PAUD-KB-TK Terpadu Buah Hati","jenjang":"TK","n200":0,"n500":3,"dmin":318.0},"geometry":{"type":"Point","coordinates":[110.413682,-7.060111]}},{"type":"Feature","properties":{"nama":"TK Kartika","jenjang":"TK","n200":0,"n500":3,"dmin":316.0},"geometry":{"type":"Point","coordinates":[110.462896,-6.965585]}},{"type":"Feature","properties":{"nama":"SMA AGUS SALIM","jenjang":"PT","n200":0,"n500":3,"dmin":442.0},"geometry":{"type":"Point","coordinates":[110.452,-7.001]}},{"type":"Feature","properties":{"nama":"PAUD Nurul Burhan","jenjang":"TK","n200":0,"n500":3,"dmin":334.0},"geometry":{"type":"Point","coordinates":[110.489332,-7.014215]}},{"type":"Feature","properties":{"nama":"SMP Negeri 24 Semarang","jenjang":"SMP","n200":0,"n500":2,"dmin":259.0},"geometry":{"type":"Point","coordinates":[110.396808,-7.11002]}},{"type":"Feature","properties":{"nama":"Pos PAUD Ceria","jenjang":"TK","n200":0,"n500":4,"dmin":239.0},"geometry":{"type":"Point","coordinates":[110.458792,-6.976365]}},{"type":"Feature","properties":{"nama":"TK PGRI 85","jenjang":"TK","n200":0,"n500":0,"dmin":696.0},"geometry":{"type":"Point","coordinates":[110.4565,-6.9663]}},{"type":"Feature","properties":{"nama":"RA Nurul Ulum","jenjang":"TK","n200":0,"n500":1,"dmin":262.0},"geometry":{"type":"Point","coordinates":[110.350997,-6.986367]}},{"type":"Feature","properties":{"nama":"TK Aisyiyah Bustanul Athfal 49","jenjang":"TK","n200":0,"n500":4,"dmin":223.0},"geometry":{"type":"Point","coordinates":[110.395575,-6.995857]}},{"type":"Feature","properties":{"nama":"SMP Negeri 35 Semarang","jenjang":"SMP","n200":0,"n500":2,"dmin":242.0},"geometry":{"type":"Point","coordinates":[110.324557,-7.094229]}},{"type":"Feature","properties":{"nama":"TK PGRI 73","jenjang":"TK","n200":0,"n500":8,"dmin":251.0},"geometry":{"type":"Point","coordinates":[110.458033,-6.991439]}},{"type":"Feature","properties":{"nama":"SMK ISLAM ROUDLOTUS SAIDIYYAH","jenjang":"PT","n200":0,"n500":0,"dmin":1725.0},"geometry":{"type":"Point","coordinates":[110.3751,-7.0443]}},{"type":"Feature","properties":{"nama":"SD Negeri Pedurungan Lor 02","jenjang":"SD","n200":0,"n500":4,"dmin":411.0},"geometry":{"type":"Point","coordinates":[110.478163,-7.009849]}},{"type":"Feature","properties":{"nama":"Sekolah Dasar Ma'had Islam","jenjang":"SMA","n200":0,"n500":13,"dmin":202.0},"geometry":{"type":"Point","coordinates":[110.428297,-6.972063]}},{"type":"Feature","properties":{"nama":"RA/BA/TA TARBIYAH AL ISLAM","jenjang":"TK","n200":0,"n500":6,"dmin":273.0},"geometry":{"type":"Point","coordinates":[110.388296,-7.011189]}},{"type":"Feature","properties":{"nama":"Akademi Analis Kesehatan 17 Agustus 1945 Semarang","jenjang":"PT","n200":0,"n500":6,"dmin":312.0},"geometry":{"type":"Point","coordinates":[110.388268,-6.983912]}},{"type":"Feature","properties":{"nama":"PAUD Lentera Bunda","jenjang":"TK","n200":0,"n500":0,"dmin":872.0},"geometry":{"type":"Point","coordinates":[110.430354,-7.083165]}},{"type":"Feature","properties":{"nama":"PAUD Perintis","jenjang":"TK","n200":0,"n500":7,"dmin":269.0},"geometry":{"type":"Point","coordinates":[110.440355,-6.968199]}},{"type":"Feature","properties":{"nama":"SD Negeri 02 Palebon","jenjang":"SD","n200":0,"n500":3,"dmin":414.0},"geometry":{"type":"Point","coordinates":[110.470241,-7.007481]}},{"type":"Feature","properties":{"nama":"TK Darussalam","jenjang":"TK","n200":0,"n500":2,"dmin":353.0},"geometry":{"type":"Point","coordinates":[110.374813,-6.999717]}},{"type":"Feature","properties":{"nama":"MA USWATUN HASANAH","jenjang":"PT","n200":0,"n500":1,"dmin":390.0},"geometry":{"type":"Point","coordinates":[110.3062,-6.9696]}},{"type":"Feature","properties":{"nama":"SD Negeri Sumurejo 02","jenjang":"SD","n200":0,"n500":0,"dmin":835.0},"geometry":{"type":"Point","coordinates":[110.385028,-7.10416]}},{"type":"Feature","properties":{"nama":"TK ISLAM PERMATA 2","jenjang":"TK","n200":0,"n500":2,"dmin":267.0},"geometry":{"type":"Point","coordinates":[110.4213,-7.0087]}},{"type":"Feature","properties":{"nama":"TK TARBIYATUL ATHFAL 42","jenjang":"TK","n200":0,"n500":0,"dmin":588.0},"geometry":{"type":"Point","coordinates":[110.3087,-6.9693]}},{"type":"Feature","properties":{"nama":"RA Setia Buana","jenjang":"TK","n200":0,"n500":0,"dmin":636.0},"geometry":{"type":"Point","coordinates":[110.483838,-6.989861]}},{"type":"Feature","properties":{"nama":"SMP Negeri 20 Semarang","jenjang":"SMP","n200":0,"n500":4,"dmin":236.0},"geometry":{"type":"Point","coordinates":[110.4684,-6.962825]}},{"type":"Feature","properties":{"nama":"MI Raudlatul Atfal","jenjang":"SD","n200":0,"n500":0,"dmin":1288.0},"geometry":{"type":"Point","coordinates":[110.370202,-7.066072]}},{"type":"Feature","properties":{"nama":"Pos PAUD Amanah","jenjang":"TK","n200":0,"n500":4,"dmin":204.0},"geometry":{"type":"Point","coordinates":[110.412847,-7.099556]}},{"type":"Feature","properties":{"nama":"SD Negeri Karangmalang","jenjang":"SD","n200":0,"n500":3,"dmin":274.0},"geometry":{"type":"Point","coordinates":[110.332667,-7.095737]}},{"type":"Feature","properties":{"nama":"KB Aisyiyah 12","jenjang":"TK","n200":0,"n500":0,"dmin":541.0},"geometry":{"type":"Point","coordinates":[110.307151,-6.968564]}},{"type":"Feature","properties":{"nama":"KB Khodijah 01","jenjang":"TK","n200":0,"n500":4,"dmin":290.0},"geometry":{"type":"Point","coordinates":[110.297579,-6.970628]}},{"type":"Feature","properties":{"nama":"MI Al Hidayah","jenjang":"SD","n200":0,"n500":0,"dmin":1920.0},"geometry":{"type":"Point","coordinates":[110.314579,-6.9554]}},{"type":"Feature","properties":{"nama":"TK Tarbiyatul Athfal 41","jenjang":"TK","n200":0,"n500":6,"dmin":289.0},"geometry":{"type":"Point","coordinates":[110.455037,-7.008413]}},{"type":"Feature","properties":{"nama":"TK BAHRUL KHAIR ZEETGEE","jenjang":"TK","n200":0,"n500":0,"dmin":600.0},"geometry":{"type":"Point","coordinates":[110.3855,-7.059]}},{"type":"Feature","properties":{"nama":"PAUD","jenjang":"TK","n200":0,"n500":2,"dmin":428.0},"geometry":{"type":"Point","coordinates":[110.477725,-6.973866]}},{"type":"Feature","properties":{"nama":"SD Negeri Rejosari 02","jenjang":"SD","n200":0,"n500":4,"dmin":448.0},"geometry":{"type":"Point","coordinates":[110.439841,-6.984249]}},{"type":"Feature","properties":{"nama":"PAUD Mekarsari II","jenjang":"TK","n200":0,"n500":1,"dmin":328.0},"geometry":{"type":"Point","coordinates":[110.446997,-6.967216]}},{"type":"Feature","properties":{"nama":"RA/BA/TA NURUSSIBYAN","jenjang":"TK","n200":0,"n500":0,"dmin":907.0},"geometry":{"type":"Point","coordinates":[110.4167,-6.9482]}},{"type":"Feature","properties":{"nama":"PAUD Aji Kencana","jenjang":"TK","n200":0,"n500":3,"dmin":398.0},"geometry":{"type":"Point","coordinates":[110.448804,-7.000244]}},{"type":"Feature","properties":{"nama":"SMA NASIMA","jenjang":"PT","n200":0,"n500":4,"dmin":361.0},"geometry":{"type":"Point","coordinates":[110.392872,-6.967224]}},{"type":"Feature","properties":{"nama":"SD Negeri Kemijen 06","jenjang":"SD","n200":0,"n500":2,"dmin":258.0},"geometry":{"type":"Point","coordinates":[110.43905,-6.952615]}},{"type":"Feature","properties":{"nama":"TK PGRI Kemijen","jenjang":"TK","n200":0,"n500":4,"dmin":302.0},"geometry":{"type":"Point","coordinates":[110.438595,-6.958197]}},{"type":"Feature","properties":{"nama":"TK PGRI 21","jenjang":"TK","n200":0,"n500":2,"dmin":309.0},"geometry":{"type":"Point","coordinates":[110.407342,-6.985519]}},{"type":"Feature","properties":{"nama":"SD Negeri Sukorejo 02","jenjang":"SD","n200":0,"n500":5,"dmin":353.0},"geometry":{"type":"Point","coordinates":[110.385429,-7.018055]}},{"type":"Feature","properties":{"nama":"TK Among Tresno","jenjang":"TK","n200":0,"n500":1,"dmin":411.0},"geometry":{"type":"Point","coordinates":[110.431403,-7.016506]}},{"type":"Feature","properties":{"nama":"MTs Husnul Khotimah","jenjang":"SMP","n200":0,"n500":0,"dmin":735.0},"geometry":{"type":"Point","coordinates":[110.481574,-7.062497]}},{"type":"Feature","properties":{"nama":"Akademi Teknik Elektro Medik","jenjang":"PT","n200":0,"n500":0,"dmin":913.0},"geometry":{"type":"Point","coordinates":[110.3688,-7.03407]}},{"type":"Feature","properties":{"nama":"SD Islam Yayasan Nurul Qomar","jenjang":"SD","n200":0,"n500":4,"dmin":348.0},"geometry":{"type":"Point","coordinates":[110.476308,-6.992376]}},{"type":"Feature","properties":{"nama":"SD Negeri Gayamsari 01","jenjang":"SD","n200":0,"n500":3,"dmin":423.0},"geometry":{"type":"Point","coordinates":[110.451337,-7.002293]}},{"type":"Feature","properties":{"nama":"TK, MI Gebang Anom","jenjang":"TK","n200":0,"n500":5,"dmin":248.0},"geometry":{"type":"Point","coordinates":[110.433088,-6.97636]}},{"type":"Feature","properties":{"nama":"Akademi Farmasi 17 Agustus 1945 Semarang","jenjang":"PT","n200":0,"n500":6,"dmin":312.0},"geometry":{"type":"Point","coordinates":[110.388268,-6.983912]}},{"type":"Feature","properties":{"nama":"Pos PAUD Budi Asih","jenjang":"TK","n200":0,"n500":8,"dmin":234.0},"geometry":{"type":"Point","coordinates":[110.414951,-6.98902]}},{"type":"Feature","properties":{"nama":"RA Tarbiyatul Sibyan","jenjang":"TK","n200":0,"n500":0,"dmin":637.0},"geometry":{"type":"Point","coordinates":[110.485173,-6.993925]}},{"type":"Feature","properties":{"nama":"SD Negeri Wonotingal","jenjang":"SD","n200":0,"n500":3,"dmin":240.0},"geometry":{"type":"Point","coordinates":[110.418102,-7.010905]}},{"type":"Feature","properties":{"nama":"Akademi Keperawatan Kesdam IV/Diponegoro","jenjang":"PT","n200":0,"n500":3,"dmin":357.0},"geometry":{"type":"Point","coordinates":[110.407708,-6.98528]}},{"type":"Feature","properties":{"nama":"TK Islam Terpadu Al - Jannah","jenjang":"TK","n200":0,"n500":0,"dmin":615.0},"geometry":{"type":"Point","coordinates":[110.365017,-7.075411]}},{"type":"Feature","properties":{"nama":"PAUD Mutiara Insani","jenjang":"TK","n200":0,"n500":0,"dmin":879.0},"geometry":{"type":"Point","coordinates":[110.441101,-7.020783]}},{"type":"Feature","properties":{"nama":"PAUD Kwaron Indah","jenjang":"TK","n200":0,"n500":0,"dmin":578.0},"geometry":{"type":"Point","coordinates":[110.473247,-6.977823]}},{"type":"Feature","properties":{"nama":"SMA Negeri 16 Semarang","jenjang":"SMA","n200":0,"n500":0,"dmin":1245.0},"geometry":{"type":"Point","coordinates":[110.308646,-7.024369]}},{"type":"Feature","properties":{"nama":"Roudlotul Athfal Perwanida 3","jenjang":"TK","n200":0,"n500":2,"dmin":252.0},"geometry":{"type":"Point","coordinates":[110.461485,-7.010012]}},{"type":"Feature","properties":{"nama":"KB-TK Fun Education Centre","jenjang":"TK","n200":0,"n500":3,"dmin":306.0},"geometry":{"type":"Point","coordinates":[110.420624,-7.03292]}},{"type":"Feature","properties":{"nama":"SD Negeri Kembangarum 03","jenjang":"SD","n200":0,"n500":3,"dmin":418.0},"geometry":{"type":"Point","coordinates":[110.377978,-7.002015]}},{"type":"Feature","properties":{"nama":"TK Marsudirini BSB","jenjang":"TK","n200":0,"n500":0,"dmin":567.0},"geometry":{"type":"Point","coordinates":[110.335302,-7.035255]}},{"type":"Feature","properties":{"nama":"SD Negeri Jomblang 04","jenjang":"SD","n200":0,"n500":0,"dmin":718.0},"geometry":{"type":"Point","coordinates":[110.439327,-7.019089]}},{"type":"Feature","properties":{"nama":"TK Baiturrahim","jenjang":"TK","n200":0,"n500":3,"dmin":255.0},"geometry":{"type":"Point","coordinates":[110.445331,-7.014113]}},{"type":"Feature","properties":{"nama":"Pos PAUD","jenjang":"TK","n200":0,"n500":5,"dmin":202.0},"geometry":{"type":"Point","coordinates":[110.364555,-7.085506]}},{"type":"Feature","properties":{"nama":"TK PGRI 87","jenjang":"TK","n200":0,"n500":1,"dmin":480.0},"geometry":{"type":"Point","coordinates":[110.47025,-6.960046]}},{"type":"Feature","properties":{"nama":"PAUD Jaya Abadi","jenjang":"TK","n200":0,"n500":0,"dmin":520.0},"geometry":{"type":"Point","coordinates":[110.454627,-6.967291]}},{"type":"Feature","properties":{"nama":"MI Al Khaeriyah","jenjang":"SD","n200":0,"n500":0,"dmin":1870.0},"geometry":{"type":"Point","coordinates":[110.45212,-7.085768]}},{"type":"Feature","properties":{"nama":"TK ST LOUIS","jenjang":"TK","n200":0,"n500":3,"dmin":215.0},"geometry":{"type":"Point","coordinates":[110.405212,-6.961638]}},{"type":"Feature","properties":{"nama":"SMK Purnama 2","jenjang":"SMA","n200":0,"n500":4,"dmin":299.0},"geometry":{"type":"Point","coordinates":[110.465778,-7.025604]}},{"type":"Feature","properties":{"nama":"MI Tinjomoyo","jenjang":"SD","n200":0,"n500":0,"dmin":909.0},"geometry":{"type":"Point","coordinates":[110.401286,-7.033838]}},{"type":"Feature","properties":{"nama":"SMP Negeri 13 Semarang","jenjang":"SMP","n200":0,"n500":10,"dmin":206.0},"geometry":{"type":"Point","coordinates":[110.39471,-7.011837]}},{"type":"Feature","properties":{"nama":"SD Negeri Bangetayu Wetan 1","jenjang":"SD","n200":0,"n500":5,"dmin":242.0},"geometry":{"type":"Point","coordinates":[110.477879,-6.983237]}},{"type":"Feature","properties":{"nama":"SD Negeri Sendangmulyo 02","jenjang":"SD","n200":0,"n500":1,"dmin":489.0},"geometry":{"type":"Point","coordinates":[110.48006,-7.050733]}},{"type":"Feature","properties":{"nama":"SMP At Thohiriyah","jenjang":"SMP","n200":0,"n500":4,"dmin":354.0},"geometry":{"type":"Point","coordinates":[110.486091,-7.012997]}},{"type":"Feature","properties":{"nama":"SMK YAYASAN PHARMASI","jenjang":"PT","n200":0,"n500":11,"dmin":250.0},"geometry":{"type":"Point","coordinates":[110.4563,-6.9826]}},{"type":"Feature","properties":{"nama":"SMA BINA BANGSA SCHOOL","jenjang":"PT","n200":0,"n500":1,"dmin":474.0},"geometry":{"type":"Point","coordinates":[110.4306,-7.0325]}}]}